Realisation number,Variable,Time,State variable,Smoothing,Residuals,Standard deviation,Variance,Lag-1 AC,Lag-2 AC,Lag-3 AC,Coefficient of variation,Skewness,Kurtosis,AIC fold,AIC hopf,AIC null,Coherence factor,Params fold,Params hopf,Params null,Smax,Smax/Var,Cross correlation
1,x,0,172.0,190.87220207187323,-18.872202071873232,,,,,,,,,,,,,,,,,,
1,x,1,168.0,190.9714417161176,-22.971441716117596,,,,,,,,,,,,,,,,,,
1,x,2,228.0,191.071435566338,36.92856443366199,,,,,,,,,,,,,,,,,,
1,x,3,201.0,191.1722152028619,9.827784797138094,,,,,,,,,,,,,,,,,,
1,x,4,179.0,191.2738035582707,-12.273803558270714,,,,,,,,,,,,,,,,,,
1,x,5,226.0,191.37621939502165,34.62378060497835,,,,,,,,,,,,,,,,,,
1,x,6,171.0,191.47948216432746,-20.479482164327464,,,,,,,,,,,,,,,,,,
1,x,7,221.0,191.5836045878368,29.41639541216321,,,,,,,,,,,,,,,,,,
1,x,8,196.0,191.6886007844577,4.311399215542309,,,,,,,,,,,,,,,,,,
1,x,9,169.0,191.7944782673668,-22.7944782673668,,,,,,,,,,,,,,,,,,
1,x,10,199.0,191.90124281105963,7.098757188940368,,,,,,,,,,,,,,,,,,
1,x,11,135.0,192.008905220522,-57.008905220521996,,,,,,,,,,,,,,,,,,
1,x,12,192.0,192.11747893479736,-0.11747893479736149,,,,,,,,,,,,,,,,,,
1,x,13,180.0,192.22698946134963,-12.226989461349632,,,,,,,,,,,,,,,,,,
1,x,14,238.0,192.33746635145872,45.662533648541284,,,,,,,,,,,,,,,,,,
1,x,15,206.0,192.44893978250127,13.55106021749873,,,,,,,,,,,,,,,,,,
1,x,16,157.0,192.56142949226225,-35.56142949226225,,,,,,,,,,,,,,,,,,
1,x,17,228.0,192.67495109148368,35.32504890851632,,,,,,,,,,,,,,,,,,
1,x,18,192.0,192.7895253255905,-0.789525325590489,,,,,,,,,,,,,,,,,,
1,x,19,224.0,192.90516666366895,31.09483333633105,,,,,,,,,,,,,,,,,,
1,x,20,216.0,193.02188551885033,22.978114481149674,,,,,,,,,,,,,,,,,,
1,x,21,210.0,193.139683289576,16.860316710424,,,,,,,,,,,,,,,,,,
1,x,22,178.0,193.25855238520802,-15.25855238520802,,,,,,,,,,,,,,,,,,
1,x,23,242.0,193.37847969160245,48.62152030839755,,,,,,,,,,,,,,,,,,
1,x,24,185.0,193.49945089026687,-8.499450890266871,,,,,,,,,,,,,,,,,,
1,x,25,208.0,193.62144157682496,14.378558423175036,,,,,,,,,,,,,,,,,,
1,x,26,230.0,193.74442426177782,36.25557573822218,,,,,,,,,,,,,,,,,,
1,x,27,192.0,193.86836487462566,-1.8683648746256551,,,,,,,,,,,,,,,,,,
1,x,28,192.0,193.99321865669646,-1.993218656696456,,,,,,,,,,,,,,,,,,
1,x,29,184.0,194.11893686533347,-10.118936865333467,,,,,,,,,,,,,,,,,,
1,x,30,130.0,194.24546915793107,-64.24546915793107,,,,,,,,,,,,,,,,,,
1,x,31,188.0,194.37276770392847,-6.372767703928474,,,,,,,,,,,,,,,,,,
1,x,32,232.0,194.50079471917843,37.49920528082157,,,,,,,,,,,,,,,,,,
1,x,33,231.0,194.62951262747367,36.37048737252633,,,,,,,,,,,,,,,,,,
1,x,34,150.0,194.75887200928133,-44.75887200928133,,,,,,,,,,,,,,,,,,
1,x,35,166.0,194.888812938172,-28.88881293817201,,,,,,,,,,,,,,,,,,
1,x,36,246.0,195.01928078105965,50.98071921894035,,,,,,,,,,,,,,,,,,
1,x,37,163.0,195.15022382593148,-32.15022382593148,,,,,,,,,,,,,,,,,,
1,x,38,152.0,195.28158025997382,-43.28158025997382,,,,,,,,,,,,,,,,,,
1,x,39,201.0,195.41329119198696,5.586708808013043,,,,,,,,,,,,,,,,,,
1,x,40,148.0,195.54530482809443,-47.54530482809443,,,,,,,,,,,,,,,,,,
1,x,41,213.0,195.67756977725642,17.322430222743577,,,,,,,,,,,,,,,,,,
1,x,42,243.0,195.8100403668371,47.189959633162914,,,,,,,,,,,,,,,,,,
1,x,43,174.0,195.9426642700899,-21.942664270089892,,,,,,,,,,,,,,,,,,
1,x,44,178.0,196.0753759268078,-18.075375926807794,,,,,,,,,,,,,,,,,,
1,x,45,207.0,196.20810924473292,10.791890755267076,,,,,,,,,,,,,,,,,,
1,x,46,164.0,196.34079899145752,-32.34079899145752,,,,,,,,,,,,,,,,,,
1,x,47,211.0,196.47337607886902,14.526623921130977,,,,,,,,,,,,,,,,,,
1,x,48,202.0,196.60577328186565,5.394226718134348,,,,,,,,,,,,,,,,,,
1,x,49,196.0,196.73791697175153,-0.737916971751531,,,,,,,,,,,,,,,,,,
1,x,50,212.0,196.8697262141707,15.130273785829303,,,,,,,,,,,,,,,,,,
1,x,51,190.0,197.0011132390112,-7.001113239011204,,,,,,,,,,,,,,,,,,
1,x,52,196.0,197.13198022965898,-1.1319802296589785,,,,,,,,,,,,,,,,,,
1,x,53,231.0,197.26222304967263,33.73777695032737,,,,,,,,,,,,,,,,,,
1,x,54,178.0,197.39172811683008,-19.39172811683008,,,,,,,,,,,,,,,,,,
1,x,55,195.0,197.52036459373284,-2.520364593732836,,,,,,,,,,,,,,,,,,
1,x,56,125.0,197.64799463957561,-72.64799463957561,,,,,,,,,,,,,,,,,,
1,x,57,184.0,197.77447630120085,-13.774476301200849,,,,,,,,,,,,,,,,,,
1,x,58,152.0,197.89967720016642,-45.89967720016642,,,,,,,,,,,,,,,,,,
1,x,59,173.0,198.0234704257114,-25.023470425711395,,,,,,,,,,,,,,,,,,
1,x,60,214.0,198.14574250429501,15.854257495704985,,,,,,,,,,,,,,,,,,
1,x,61,228.0,198.26639095761217,29.733609042387826,,,,,,,,,,,,,,,,,,
1,x,62,155.0,198.3853107424464,-43.38531074244639,,,,,,,,,,,,,,,,,,
1,x,63,160.0,198.5023955160408,-38.50239551604079,,,,,,,,,,,,,,,,,,
1,x,64,197.0,198.61757125189916,-1.6175712518991645,,,,,,,,,,,,,,,,,,
1,x,65,189.0,198.7308136816562,-9.730813681656201,,,,,,,,,,,,,,,,,,
1,x,66,189.0,198.84215400478612,-9.842154004786124,,,,,,,,,,,,,,,,,,
1,x,67,200.0,198.95170418057546,1.0482958194245384,,,,,,,,,,,,,,,,,,
1,x,68,251.0,199.05969075367906,51.940309246320936,,,,,,,,,,,,,,,,,,
1,x,69,193.0,199.1664863689143,-6.166486368914292,,,,,,,,,,,,,,,,,,
1,x,70,175.0,199.2726390651127,-24.272639065112713,,,,,,,,,,,,,,,,,,
1,x,71,167.0,199.37894672664876,-32.37894672664876,,,,,,,,,,,,,,,,,,
1,x,72,196.0,199.48652102436674,-3.4865210243667377,,,,,,,,,,,,,,,,,,
1,x,73,187.0,199.59680449309468,-12.59680449309468,,,,,,,,,,,,,,,,,,
1,x,74,240.0,199.7114930378224,40.28850696217759,,,,,,,,,,,,,,,,,,
1,x,75,145.0,199.8631119945495,-54.86311199454951,,,,,,,,,,,,,,,,,,
1,x,76,218.0,200.02004271622,17.97995728378001,,,,,,,,,,,,,,,,,,
1,x,77,205.0,200.182438625432,4.817561374567987,,,,,,,,,,,,,,,,,,
1,x,78,186.0,200.35046235981747,-14.35046235981747,,,,,,,,,,,,,,,,,,
1,x,79,220.0,200.5242268297854,19.47577317021461,,,,,,,,,,,,,,,,,,
1,x,80,229.0,200.70388004870404,28.296119951295964,,,,,,,,,,,,,,,,,,
1,x,81,227.0,200.88967618242364,26.110323817576358,,,,,,,,,,,,,,,,,,
1,x,82,212.0,201.08185429450165,10.918145705498347,,,,,,,,,,,,,,,,,,
1,x,83,216.0,201.28072872331876,14.71927127668124,,,,,,,,,,,,,,,,,,
1,x,84,213.0,201.48648048894123,11.513519511058774,,,,,,,,,,,,,,,,,,
1,x,85,218.0,201.69912930098906,16.300870699010943,,,,,,,,,,,,,,,,,,
1,x,86,255.0,201.91850253411732,53.08149746588268,,,,,,,,,,,,,,,,,,
1,x,87,228.0,202.14408243657942,25.855917563420576,,,,,,,,,,,,,,,,,,
1,x,88,137.0,202.3750724061991,-65.37507240619911,,,,,,,,,,,,,,,,,,
1,x,89,249.0,202.61054688660153,46.389453113398474,,,,,,,,,,,,,,,,,,
1,x,90,201.0,202.84961689366725,-1.8496168936672461,,,,,,,,,,,,,,,,,,
1,x,91,158.0,203.09136516359015,-45.091365163590154,,,,,,,,,,,,,,,,,,
1,x,92,184.0,203.33489962218272,-19.334899622182718,,,,,,,,,,,,,,,,,,
1,x,93,224.0,203.57936287870945,20.420637121290554,,,,,,,,,,,,,,,,,,
1,x,94,186.0,203.82392025983543,-17.823920259835432,,,,,,,,,,,,,,,,,,
1,x,95,246.0,204.06772497846347,41.932275021536526,,,,,,,,,,,,,,,,,,
1,x,96,170.0,204.30997957351073,-34.30997957351073,,,,,,,,,,,,,,,,,,
1,x,97,202.0,204.55013392143263,-2.550133921432632,,,,,,,,,,,,,,,,,,
1,x,98,214.0,204.7878169940978,9.212183005902205,,,,,,,,,,,,,,,,,,
1,x,99,227.0,205.02271491823396,21.97728508176604,,,,,,,,,,,,,,,,,,
1,x,100,270.0,205.2546120321979,64.74538796780209,,,,,,,,,,,,,,,,,,
1,x,101,170.0,205.4833806863799,-35.48338068637989,,,,,,,,,,,,,,,,,,
1,x,102,246.0,205.70891664930272,40.29108335069728,,,,,,,,,,,,,,,,,,
1,x,103,139.0,205.93120341843016,-66.93120341843016,,,,,,,,,,,,,,,,,,
1,x,104,234.0,206.15027543361325,27.849724566386755,,,,,,,,,,,,,,,,,,
1,x,105,213.0,206.36623812307766,6.633761876922335,,,,,,,,,,,,,,,,,,
1,x,106,228.0,206.57900205470733,21.42099794529267,,,,,,,,,,,,,,,,,,
1,x,107,191.0,206.78844356723204,-15.788443567232036,,,,,,,,,,,,,,,,,,
1,x,108,204.0,206.99453407851652,-2.994534078516523,,,,,,,,,,,,,,,,,,
1,x,109,185.0,207.1975661097468,-22.197566109746788,,,,,,,,,,,,,,,,,,
1,x,110,186.0,207.39794527143974,-21.39794527143974,,,,,,,,,,,,,,,,,,
1,x,111,194.0,207.5960699882438,-13.596069988243812,,,,,,,,,,,,,,,,,,
1,x,112,230.0,207.7923632918564,22.20763670814361,,,,,,,,,,,,,,,,,,
1,x,113,220.0,207.98708112366168,12.012918876338318,,,,,,,,,,,,,,,,,,
1,x,114,225.0,208.18040033855104,16.81959966144896,,,,,,,,,,,,,,,,,,
1,x,115,220.0,208.37225243442435,11.627747565575646,,,,,,,,,,,,,,,,,,
1,x,116,216.0,208.56229984012165,7.4377001598783465,,,,,,,,,,,,,,,,,,
1,x,117,185.0,208.75013795929266,-23.75013795929266,,,,,,,,,,,,,,,,,,
1,x,118,180.0,208.93554331965214,-28.93554331965214,,,,,,,,,,,,,,,,,,
1,x,119,243.0,209.11826777628852,33.88173222371148,,,,,,,,,,,,,,,,,,
1,x,120,157.0,209.29794045198733,-52.29794045198733,,,,,,,,,,,,,,,,,,
1,x,121,183.0,209.47420303688918,-26.47420303688918,,,,,,,,,,,,,,,,,,
1,x,122,179.0,209.64656753833611,-30.646567538336114,,,,,,,,,,,,,,,,,,
1,x,123,230.0,209.81461577404156,20.185384225958444,,,,,,,,,,,,,,,,,,
1,x,124,200.0,209.97799398024736,-9.977993980247362,,,,,,,,,,,,,,,,,,
1,x,125,177.0,210.136520103981,-33.13652010398101,,,,,,,,,,,,,,,,,,
1,x,126,231.0,210.29007915821265,20.70992084178735,,,,,,,,,,,,,,,,,,
1,x,127,154.0,210.43877302367932,-56.43877302367932,,,,,,,,,,,,,,,,,,
1,x,128,214.0,210.58288257547952,3.417117424520484,,,,,,,,,,,,,,,,,,
1,x,129,215.0,210.72279054038194,4.277209459618064,,,,,,,,,,,,,,,,,,
1,x,130,220.0,210.8591036753589,9.14089632464109,,,,,,,,,,,,,,,,,,
1,x,131,265.0,210.99260633650584,54.007393663494156,,,,,,,,,,,,,,,,,,
1,x,132,178.0,211.12405182431786,-33.12405182431786,,,,,,,,,,,,,,,,,,
1,x,133,283.0,211.25411375682756,71.74588624317244,,,,,,,,,,,,,,,,,,
1,x,134,220.0,211.3832514341322,8.616748565867795,,,,,,,,,,,,,,,,,,
1,x,135,175.0,211.51187637321567,-36.51187637321567,,,,,,,,,,,,,,,,,,
1,x,136,261.0,211.64037190027156,49.35962809972844,,,,,,,,,,,,,,,,,,
1,x,137,205.0,211.7692154218063,-6.769215421806308,,,,,,,,,,,,,,,,,,
1,x,138,213.0,211.89867774394793,1.1013222560520717,,,,,,,,,,,,,,,,,,
1,x,139,247.0,212.0289704604792,34.9710295395208,,,,,,,,,,,,,,,,,,
1,x,140,167.0,212.16017478701463,-45.160174787014626,,,,,,,,,,,,,,,,,,
1,x,141,250.0,212.292431986459,37.70756801354099,,,,,,,,,,,,,,,,,,
1,x,142,177.0,212.42578338459165,-35.425783384591654,,,,,,,,,,,,,,,,,,
1,x,143,291.0,212.56043614410922,78.43956385589078,,,,,,,,,,,,,,,,,,
1,x,144,179.0,212.69681422070687,-33.69681422070687,,,,,,,,,,,,,,,,,,
1,x,145,268.0,212.8351464755079,55.16485352449209,,,,,,,,,,,,,,,,,,
1,x,146,224.0,212.97544975751973,11.024550242480274,,,,,,,,,,,,,,,,,,
1,x,147,236.0,213.11771651172873,22.88228348827127,,,,,,,,,,,,,,,,,,
1,x,148,178.0,213.26201013368257,-35.262010133682566,,,,,,,,,,,,,,,,,,
1,x,149,198.0,213.40823007776538,-15.408230077765381,,,,,,,,,,,,,,,,,,
1,x,150,215.0,213.55643275607562,1.4435672439243774,,,,,,,,,,,,,,,,,,
1,x,151,189.0,213.70644677360323,-24.706446773603233,,,,,,,,,,,,,,,,,,
1,x,152,238.0,213.85820821822006,24.141791781779943,,,,,,,,,,,,,,,,,,
1,x,153,233.0,214.01176355686937,18.98823644313063,,,,,,,,,,,,,,,,,,
1,x,154,227.0,214.1670506184379,12.832949381562088,,,,,,,,,,,,,,,,,,
1,x,155,248.0,214.32406294283524,33.67593705716476,,,,,,,,,,,,,,,,,,
1,x,156,176.0,214.48269016005082,-38.48269016005082,,,,,,,,,,,,,,,,,,
1,x,157,217.0,214.64290072583762,2.3570992741623797,,,,,,,,,,,,,,,,,,
1,x,158,186.0,214.8045901585543,-28.804590158554305,,,,,,,,,,,,,,,,,,
1,x,159,189.0,214.967542482389,-25.967542482389007,30.77360603697686,947.0148285190588,-0.22445948329462903,0.10394199152659554,0.007653154001830663,0.1522833317637181,-0.007439111560853134,-0.4425325412679678,1.8923455993791988e-07,0.9119249293270878,0.08807488143835235,747.2589299788963,"{'sigma': 35.674084038853394, 'lam': -3.1415926236112517}","{'sigma': 14.968905016704884, 'mu': -0.7920558818136252, 'w0': 2.340136039048634, 'delta': 5.066605155423787e-07, 'psi': 0.2}",{'sigma': 10.495544191633172},45.28841999872099,0.04782229236002882,0.545077040785518
1,x,160,171.0,215.13137439030723,-44.13137439030723,30.935555238072027,957.0085778878057,-0.21841627367136157,0.11689065816176983,0.00833259197967926,0.15308947290893,-0.008895380655507787,-0.4709944444613618,,,,,,,,,,0.5388016742290027
1,x,161,207.0,215.29575384073974,-8.295753840739735,30.889116810853128,954.1375373545293,-0.21028040792564845,0.11982092536929295,0.008015411819124758,0.1526755024477619,-0.015498069135838542,-0.45719372372789424,,,,,,,,,,0.533507372714173
1,x,162,190.0,215.46053741082767,-25.46053741082767,30.81326381309251,949.4572268152365,-0.21197460600332885,0.1296722154207999,0.003820286236084986,0.1524795784521944,0.008261211113388001,-0.442560998941321,,,,,,,,,,0.5375799112539408
1,x,163,188.0,215.62572223388116,-27.625722233881163,30.87708435043909,953.3943379841305,-0.20590137373824138,0.12898231138735058,0.013019757762575372,0.1528568532199955,0.02665461800607134,-0.4597882710890879,,,,,,,,,,0.5431742992469291
1,x,164,266.0,215.79137578812333,50.20862421187667,31.123400941157293,968.6660861440307,-0.2109170554571586,0.11787678890021785,0.012636135493796725,0.15366260840513368,0.01604267908678949,-0.4963815191213826,,,,,,,,,,0.556766761809964
1,x,165,185.0,215.9576071541454,-30.957607154145393,31.092819288450894,966.763411304264,-0.21513529076473153,0.11651671543320238,0.016489275692794823,0.15370608311660827,0.04101607198420055,-0.48931494835939343,,,,,,,,,,0.5596007369539356
1,x,166,221.0,216.12460190274862,4.875398097251377,31.055855884206697,964.4661847006156,-0.21255183635671485,0.1182080616951514,0.012597397127897567,0.1532865542162226,0.02734802982776919,-0.4788738634404487,,,,,,,,,,0.57176555190088
1,x,167,186.0,216.292291121805,-30.292291121804993,31.052608823720817,964.2645147590239,-0.21464237722465984,0.12825746567139518,0.0010695003932196703,0.15343619442868753,0.052548013100773464,-0.4762271872172491,,,,,,,,,,0.5681669543684349
1,x,168,180.0,216.46060637143927,-36.46060637143927,31.176675745627712,971.9851105480113,-0.20597145372578515,0.1261875302529229,0.01004871084228791,0.15412538604357898,0.06726854961329495,-0.5041727978712536,,,,,,,,,,0.5729133775345042
1,x,169,274.0,216.62937023162215,57.37062976837785,31.469392926390405,990.3226911555504,-0.21541969550114395,0.1066936620208788,0.012116601229594891,0.15506938306813875,0.06006173748858901,-0.5267253381203125,,,,,,,,,,0.566040334112922
1,x,170,272.0,216.79827205434884,55.20172794565116,31.772175931412118,1009.4711634166035,-0.1897974551791643,0.0925929636163015,0.002020459871157275,0.15621018802894443,0.06411185004862702,-0.562541395989724,,,,,,,,,,0.5747791623893396
1,x,171,174.0,216.96716628025462,-42.96716628025462,31.63376980777045,1000.6953922510093,-0.20381556782934523,0.07176810410060597,0.02872298954874457,0.1553435384335913,0.07755388399274052,-0.565231304018989,,,,,,,,,,0.5762372237720346
1,x,172,249.0,217.13588121244445,31.864118787555554,31.735543809743085,1007.1447409001227,-0.21066889892643542,0.08256857932986489,0.04028083970977645,0.15557115749743844,0.06428011266993851,-0.592099628175032,,,,,,,,,,0.5785649332645699
1,x,173,233.0,217.30432245227172,15.69567754772828,31.744980886069822,1007.7438114569384,-0.2046592226045735,0.07885112647314982,0.042908293041742186,0.15536513342013863,0.04865866193992949,-0.5960602890572322,,,,,,,,,,0.5811747111241814
1,x,174,184.0,217.47220071390635,-33.472200713906346,31.64721023946921,1001.5459159411647,-0.2125577947684458,0.08266664263236698,0.04162497541445265,0.1551428898313338,0.0699935098919724,-0.5822705575043758,,,,,,,,,,0.5805043271085739
1,x,175,231.0,217.63928729204346,13.360712707956537,31.646686878917464,1001.5127904122469,-0.2124334418407723,0.08119284611533253,0.04435105102056443,0.15502158101297475,0.07008922436220331,-0.5821091485558968,,,,,,,,,,0.579896969797541
1,x,176,218.0,217.8056276401007,0.19437235989929036,31.522690982000743,993.680046746711,-0.20598807367505556,0.0810163493596144,0.05185073432290611,0.15412634632441385,0.058236215267679456,-0.555071545793402,,,,,,,,,,0.5805014609413096
1,x,177,251.0,217.97108764683998,33.028912353160024,31.506955052803672,992.6882166993908,-0.20587614692342418,0.07702405298070404,0.03930158666926845,0.15394121013981701,0.0580531690518274,-0.5524278184504593,,,,,,,,,,0.5844377213225539
1,x,178,204.0,218.13550567269348,-14.135505672693483,31.52626399288821,993.9053213492797,-0.2084920253543447,0.07712480114319373,0.0381421512471818,0.1539791275332615,0.06543098015356943,-0.5576412522949403,,,,,,,,,,0.5848639249769955
1,x,179,237.0,218.29846334873548,18.70153665126452,31.463920274974843,989.978279069973,-0.21551953150936645,0.07768514263002273,0.041293587732585735,0.15361367154876038,0.06839291513247285,-0.5426924603128475,1.8841050903804273e-18,0.9999999999835252,1.647472842960025e-11,468.081588475324,"{'sigma': 36.53852074991238, 'lam': -3.1415925749661833}","{'sigma': 30.789972845945947, 'mu': -1.249828592839766, 'w0': 3.6926295062075027, 'delta': 7.830902226668712e-07, 'psi': 0.2}",{'sigma': 11.000846244502211},55.068422173567676,0.05562588931274457,0.5828717911362428
1,x,180,193.0,218.45970859387387,-25.45970859387387,31.47125716862964,990.4400277740226,-0.22107209844963432,0.08203076481064193,0.028647608869806274,0.1537574016605314,0.0917399179647351,-0.5413044478376333,,,,,,,,,,0.5841571336105041
1,x,181,339.0,218.61896356855817,120.38103643144183,32.866380660247174,1080.1989777042693,-0.22809207753789978,0.0880664988948572,0.01818664196366215,0.15994345476122476,0.33770251412610836,0.228159587199279,,,,,,,,,,0.5715952899325384
1,x,182,295.0,218.77613886078592,76.22386113921408,33.390604384773106,1114.9324611804288,-0.1590401854438649,0.07432667600197,0.02805254740849111,0.16191837252807081,0.34635534649107724,0.1774379529788173,,,,,,,,,,0.5598181347049065
1,x,183,245.0,218.9310188219107,26.068981178089302,33.233780671826096,1104.484177743042,-0.14361344944607873,0.0855395812233081,0.013524303296248605,0.1611432483026903,0.347805038184128,0.21861893529854934,,,,,,,,,,0.5702956211019575
1,x,184,207.0,219.0833811307543,-12.083381130754304,33.241053123771465,1104.9676127773969,-0.1445131891317937,0.0807852228273608,0.004208346697638863,0.16107112355552497,0.3494071193626315,0.21681340645574368,,,,,,,,,,0.5699058493166201
1,x,185,187.0,219.23282368725538,-32.232823687255376,33.32211200160703,1110.3631482476435,-0.1452072556475695,0.07586315421096626,-0.009750389826247301,0.1615666511184316,0.3669623747625741,0.20357514511359173,,,,,,,,,,0.5703107287111876
1,x,186,312.0,219.37901219446772,92.62098780553228,33.99754276643253,1155.8329141554088,-0.15814389779152374,0.06839263585701882,0.005906205894495459,0.1644329628073276,0.4346407266173043,0.28234863496034535,,,,,,,,,,0.5834217634653887
1,x,187,110.0,219.52147066921972,-109.52147066921972,35.09199553092061,1231.4481503421523,-0.2030718784409012,0.08507766440122941,0.012430081279608885,0.17014816463975568,0.25730321877300044,0.5333833579506876,,,,,,,,,,0.5987160936062409
1,x,188,208.0,219.65974427513936,-11.65974427513936,35.10343750769052,1232.2513248563337,-0.19040201579166696,0.07741925842035392,0.014417618956410843,0.17012115708709627,0.26205903595107133,0.5306098992013549,,,,,,,,,,0.5971795909993239
1,x,189,186.0,219.79344295413358,-33.79344295413358,35.19506903837777,1238.6928846161775,-0.19314075900602656,0.09362177819408767,-0.0004989353284384852,0.17055489736016122,0.26741697513342044,0.5032383107059853,,,,,,,,,,0.6001365364494039
1,x,190,238.0,219.92247715035543,18.077522849644566,34.855933990853494,1214.9361343747357,-0.19977245789212406,0.10633585517050267,0.0013598366157411112,0.16836073776714142,0.27054173268105597,0.5531031986941786,,,,,,,,,,0.5922777107016081
1,x,191,216.0,220.0467849472541,-4.04678494725411,34.853695933644744,1214.780120234964,-0.19947191528114477,0.10831851291519157,4.985781193924421e-05,0.1682077443785829,0.26935695949551003,0.5535622227204107,,,,,,,,,,0.5981816209922204
1,x,192,179.0,220.1664332466992,-41.1664332466992,34.87807036075642,1216.4797920898754,-0.2063309047957071,0.11357153496836248,0.013017880638608828,0.16859490204595248,0.2932153207861142,0.5634241612326955,,,,,,,,,,0.6036428678484925
1,x,193,234.0,220.28140755246378,13.718592447536224,34.77384969831804,1209.2206228412133,-0.20161326339215496,0.11940342957480658,0.00454647572531842,0.16807588290278483,0.3011442586626134,0.6039980413886812,,,,,,,,,,0.6037610502199728
1,x,194,165.0,220.3917021598287,-55.3917021598287,34.86898687420374,1215.8462456333928,-0.21206571447531983,0.14321668539682286,-0.0018212241286638074,0.16845938462082852,0.29265503543856514,0.5896203347243694,,,,,,,,,,0.601819481270672
1,x,195,222.0,220.49730259214243,1.5026974078575677,34.79645281864486,1210.793128760178,-0.20519527644372404,0.13919896676917767,-0.008802847715325041,0.16782517787976056,0.2813396492928609,0.6107746631958191,,,,,,,,,,0.5972264444695864
1,x,196,184.0,220.59832244023124,-36.59832244023124,34.67205235028952,1202.151214181217,-0.19832297327454293,0.1613825092128547,-0.013153739976475377,0.16753830563077807,0.30438155748821705,0.6581903977868203,,,,,,,,,,0.5952225493117516
1,x,197,266.0,220.69471791945008,45.305282080549915,34.773943084811016,1209.2271176656757,-0.21373466994642917,0.1624260769392879,-0.034319301156735774,0.16750958583681355,0.2789962941784225,0.6138548985003471,,,,,,,,,,0.5898096111177784
1,x,198,170.0,220.78655216920873,-50.78655216920873,34.83709505188908,1213.6231916543545,-0.22290964587070172,0.1614667548508733,-0.030818457177726317,0.16772290218464334,0.27419399803939387,0.6023594654523436,,,,,,,,,,0.5876517804701812
1,x,199,257.0,220.8737657707904,36.12623422920959,34.95406517516029,1221.7866722693534,-0.23005793857881388,0.16830072784754538,-0.03929050731912376,0.16800295677327784,0.26214895449042536,0.5554174886120137,5.934845181832408e-11,0.998888945409166,0.0011110545314855264,972.9879993735324,"{'sigma': 37.11519564811948, 'lam': -3.1415926372048006}","{'sigma': 17.958374759421638, 'mu': -0.9022300189194172, 'w0': 2.6656462837879067, 'delta': 3.689743584001093e-07, 'psi': 0.2}",{'sigma': 10.98785713833561},58.968969659001964,0.048264538317047335,0.5894047397195852
1,x,200,249.0,220.95627813445836,28.04372186554164,34.822053213418975,1212.5753899981826,-0.22075775059028066,0.17307552693624295,-0.03789263904007526,0.16686218970191782,0.24326470872032813,0.5765646285997353,,,,,,,,,,0.5914951438279946
1,x,201,127.0,221.03392235750863,-94.03392235750863,35.58167971938468,1266.0559316528713,-0.23444945323903738,0.15349268899453417,-0.010828996675476321,0.17094249204604697,0.1685262008144576,0.6077587898014778,,,,,,,,,,0.5945018324258472
1,x,202,273.0,221.1066053184174,51.893394681582606,35.623264937668445,1269.0170048193181,-0.24874675574553134,0.1649596856482386,-0.003731272230853791,0.1709882519357698,0.17041603732276026,0.5996888494573984,,,,,,,,,,0.5831259774194797
1,x,203,250.0,221.17402436676326,28.825975633236737,35.657096608437314,1271.4285385434318,-0.2413332103284281,0.14880115610121153,-0.003113199496197719,0.17076131270128614,0.14782352031956855,0.5820700150478028,,,,,,,,,,0.5830403489801701
1,x,204,241.0,221.23594794635426,19.76405205364574,35.663116718268846,1271.8578940608668,-0.23705170483172788,0.15044420482990767,-0.010999231285181429,0.17046869640973367,0.12952081470279606,0.5760398563807614,,,,,,,,,,0.5817712930483527
1,x,205,235.0,221.29198074365837,13.708019256341629,35.66938013001848,1272.3046788597571,-0.2343265349621596,0.15134900689878047,-0.0076814244235525585,0.1703561332737219,0.12808358864824673,0.573304796845446,,,,,,,,,,0.5815191508289312
1,x,206,176.0,221.3418360157049,-45.3418360157049,35.758395225307595,1278.6628290893009,-0.23448862518059216,0.14726541728612033,-0.014271347009807651,0.1707201156580794,0.1257267520817085,0.5510153951589136,,,,,,,,,,0.5820813129798224
1,x,207,265.0,221.38523066118546,43.61476933881454,35.90636609686719,1289.2671262822532,-0.24243342618365585,0.1495448854691815,-0.01105129097756826,0.17115079022548188,0.1197911817741618,0.5032985098451744,,,,,,,,,,0.5854120550709403
1,x,208,179.0,221.422069564156,-42.422069564156004,36.061343887451955,1300.4205229690683,-0.24923717620012473,0.15722533972106773,-0.01364379944210282,0.1720073641185402,0.13291083439290988,0.4592894029367731,,,,,,,,,,0.588514400301288
1,x,209,231.0,221.45221840671402,9.547781593285976,36.06940175585193,1301.001743025054,-0.25016532480066267,0.1585088108817937,-0.01571952955696667,0.17186647252557574,0.12752991854819196,0.4552294879165959,,,,,,,,,,0.5881142785584035
1,x,210,171.0,221.4755396654279,-50.4755396654279,36.26804284182749,1315.3709315766341,-0.2506094118436203,0.16725784266095098,-0.028711124937006866,0.17302423682665627,0.14221406744042128,0.4088972065811707,,,,,,,,,,0.5884396179164525
1,x,211,267.0,221.49217527202,45.507824727979994,36.44566547591624,1328.286531982393,-0.2588455236291562,0.17012254358594525,-0.03845614852167194,0.17347334452317711,0.1256081732749004,0.3531992499494643,,,,,,,,,,0.5885164987815639
1,x,212,143.0,221.50254803542305,-78.50254803542305,36.96847996345643,1366.6685108084798,-0.27119538244363595,0.18519090481634004,-0.041490156952032536,0.17623969948611612,0.09942883705890992,0.300461932337425,,,,,,,,,,0.6006443954042574
1,x,213,330.0,221.5069779421818,108.4930220578182,37.86691902271922,1433.9035562731751,-0.29662165410965846,0.2030862889529718,-0.054554274520458176,0.1799918910203225,0.20265330346062466,0.4275779128303232,,,,,,,,,,0.6079871889543048
1,x,214,157.0,221.50597208154244,-64.50597208154244,38.17776015731005,1457.5413706290906,-0.31711763657880626,0.21742403713692343,-0.06873110392034848,0.18158268802525587,0.1904938606812043,0.37319151455537053,,,,,,,,,,0.6156506873612861
1,x,215,281.0,221.49991163019033,59.500088369809674,38.47019251127806,1479.9557118547946,-0.3327541144708603,0.2382218853896943,-0.08877494151834196,0.18250699169200288,0.1796567833563006,0.30048418297448165,,,,,,,,,,0.6191893021598575
1,x,216,245.0,221.4892443616255,23.51075563837449,38.07798914044181,1449.9332569796045,-0.3323432917830045,0.21830375898349533,-0.08496802257770053,0.1800058577814421,0.18296341226712975,0.3422354327929308,,,,,,,,,,0.6135588452854135
1,x,217,167.0,221.47426974250433,-54.47426974250433,38.309544690899834,1467.6212144240515,-0.3398529217935105,0.19978459182307703,-0.06706175030737324,0.18119149695657494,0.18129641977739408,0.29312020759282525,,,,,,,,,,0.6169131334040641
1,x,218,183.0,221.45538618563816,-38.45538618563816,38.25756918132594,1463.6415996639403,-0.33443643111050236,0.19917616543067912,-0.07086158759244228,0.18078000794483612,0.18293646633636193,0.30343261091853974,,,,,,,,,,0.6113271567181625
1,x,219,252.0,221.43298184702655,30.567018152973446,38.278150689973934,1465.2168202443518,-0.33668594861594314,0.19418499029845715,-0.07305194850996707,0.18045623354830223,0.16005441112059324,0.29101539567787554,1.2704773602568933e-16,0.9999999995723419,4.2765800226458563e-10,774.3584114851229,"{'sigma': 43.78279761885256, 'lam': -3.141591964827431}","{'sigma': 23.42684044642195, 'mu': -0.9277186262760606, 'w0': 2.8534114427717223, 'delta': 0.11245923061739527, 'psi': 0.2}",{'sigma': 13.15780182576373},91.1009895864853,0.062175773802059235,0.6104915686184392
1,x,220,328.0,221.40760526283546,106.59239473716454,39.16606118311531,1533.980348599532,-0.31748259696832876,0.17531541616246005,-0.09346062992036852,0.18402401519098022,0.23095042479932962,0.3314557974398368,,,,,,,,,,0.6351284112671227
1,x,221,152.0,221.37975333192117,-69.37975333192117,39.495297389555546,1559.878515889433,-0.33395021926076224,0.1700205053733633,-0.08041233878970805,0.1859860370935894,0.23404917259120384,0.29845585012056874,,,,,,,,,,0.6431103310885777
1,x,222,312.0,221.34988673304883,90.65011326695117,39.974195945936565,1597.9363415241312,-0.36000499682864157,0.20175801622731943,-0.0702321968382519,0.18737538382111238,0.24328122705633826,0.27513841744315165,,,,,,,,,,0.6533498611794352
1,x,223,104.0,221.3183357472355,-117.3183357472355,40.943834363704205,1676.3975724024451,-0.38723168088219956,0.22614886560798614,-0.1183644285215669,0.19223585592442843,0.11332023498959157,0.43210101926904615,,,,,,,,,,0.6734030423883524
1,x,224,276.0,221.2438956426027,54.756104357397305,41.163262015749375,1694.4141397772353,-0.3987843888245885,0.2395952298937015,-0.13127374166878322,0.19281909776970754,0.09971132905221293,0.3733464467891524,,,,,,,,,,0.6695541777251907
1,x,225,273.0,221.17712088415644,51.82287911584356,41.34639579309871,1709.5244450795706,-0.38551399167488826,0.2099738358432171,-0.10982970416977324,0.1932018144007416,0.0818407336927674,0.3237865683769175,,,,,,,,,,0.6666647714915563
1,x,226,217.0,221.11591512928595,-4.115915129285952,41.33880010301145,1708.8963939567395,-0.3849099218480115,0.21080893212724244,-0.10474958555322535,0.1930084921206289,0.07937723407274277,0.3259483946586276,,,,,,,,,,0.6653958309938086
1,x,227,303.0,221.05871865327242,81.94128134672758,41.82190616820633,1749.0718355422548,-0.38374068553032953,0.22208506969080682,-0.08738340821697821,0.19467895341885877,0.08481537182084657,0.2554345880380533,,,,,,,,,,0.6689187894720823
1,x,228,173.0,221.0043767877724,-48.0043767877724,41.82166071927418,1749.0513053180807,-0.3923205812543482,0.22825921645226926,-0.09004617535688096,0.19512059587927533,0.1084625279227759,0.2613983558879628,,,,,,,,,,0.6762418399121404
1,x,229,347.0,220.95200884233876,126.04799115766124,42.95723288252641,1845.3238569236084,-0.40308763200029735,0.2541278877289479,-0.09030102144682899,0.19952267943579383,0.1963843491345809,0.3657894757608325,,,,,,,,,,0.676236233133177
1,x,230,202.0,220.90097092665653,-18.900970926656527,42.93829925379777,1843.6975428086903,-0.40569910426438,0.25634145337955255,-0.09690597144987499,0.19927854621051902,0.1950220457883985,0.37062045461231646,,,,,,,,,,0.6783192553636279
1,x,231,218.0,220.85075970087934,-2.850759700879337,42.8508159143453,1836.1924245251084,-0.4065679307249674,0.24592924990194356,-0.09133957509080676,0.19857876806740565,0.18655681798788246,0.39242461447285654,,,,,,,,,,0.6770620732557073
1,x,232,161.0,220.80099649350527,-59.80099649350527,43.13216843351283,1860.3839537769209,-0.4031852684787194,0.2501474151176064,-0.11647705181328044,0.20008544111107399,0.18837587149192253,0.3379410784708508,,,,,,,,,,0.6770100816375093
1,x,233,227.0,220.75140076299607,6.24859923700393,43.11687398706937,1859.0648224168192,-0.4005289001345973,0.24853585657307137,-0.11593271894603407,0.1997827991639715,0.18054657575095198,0.3405983037736059,,,,,,,,,,0.6780003109115246
1,x,234,222.0,220.7017802006621,1.2982197993378861,43.011724843987594,1850.0084740548998,-0.3963367133489209,0.24586040884080634,-0.11649107684213282,0.1993995298883903,0.19474978099667423,0.37436260724514536,,,,,,,,,,0.6756706034238262
1,x,235,222.0,220.65198605845347,1.348013941546526,42.771549271704686,1829.4054271018615,-0.395675800419684,0.24768704678592116,-0.11951188334896005,0.19784469162974125,0.18822357504560358,0.42463474180436583,,,,,,,,,,0.6710820007505058
1,x,236,304.0,220.60189726307743,83.39810273692257,43.230121625421646,1868.843415748748,-0.3919106888231855,0.24574716152240048,-0.11815161858149269,0.1994699348271849,0.19492281926550217,0.3508638471311388,,,,,,,,,,0.671681834071589
1,x,237,182.0,220.55140655225267,-38.55140655225267,43.354224898242634,1879.5888165274014,-0.3977751734231215,0.24517746187405426,-0.11798419689195351,0.200175337884709,0.20665397643356329,0.32255434551626816,,,,,,,,,,0.6733620738308291
1,x,238,329.0,220.50040011908723,108.49959988091277,44.13133304159964,1947.5745560285843,-0.40325258374177886,0.26798616329472336,-0.11508299316617907,0.20292600547924883,0.23120236940277863,0.28794917208331006,,,,,,,,,,0.684126622234256
1,x,239,153.0,220.4487851500227,-67.4487851500227,44.46673373554236,1977.2904091076211,-0.4185614638685067,0.2737257993922359,-0.13201733190853,0.2048627198504644,0.2370020644686471,0.2412290282438782,2.630896738986228e-15,0.9999999999531413,4.685613893943256e-11,3045.576818482699,"{'sigma': 45.2311682653791, 'lam': -3.1415925924586467}","{'sigma': 6.027254365651566, 'mu': -0.14532976584356172, 'w0': 2.7625331495211567, 'delta': 2.3331551766116783, 'psi': 0.2}",{'sigma': 13.778189888620778},174.03296105615325,0.08801588287412812,0.6908180024842271
1,x,240,339.0,220.3964666197436,118.60353338025641,45.35513360195844,2057.0881440515,-0.43469112743430643,0.30129963382168884,-0.14538347794767795,0.2082959148171116,0.2901058161022572,0.25028333230386185,,,,,,,,,,0.691534467032647
1,x,241,184.0,220.34337426335244,-36.343374263352445,45.42786834153226,2063.691222055589,-0.43959733981255805,0.3063472277013546,-0.15625548904524114,0.20888777257860563,0.30974002052865457,0.24306361319518116,,,,,,,,,,0.6909700614185605
1,x,242,186.0,220.28943394478546,-34.28943394478546,45.51939272796115,2072.015114322362,-0.4335665556699334,0.28614045977377606,-0.1469890650841871,0.2094651376610234,0.3231728117420328,0.22755231737692788,,,,,,,,,,0.6946239630131824
1,x,243,276.0,220.23459421048275,55.765405789517246,45.70222371070817,2088.693252103616,-0.43722583926889064,0.2775765880639421,-0.12697104977544624,0.20994418012383884,0.31205133751053776,0.17966108955768367,,,,,,,,,,0.6953735070294635
1,x,244,232.0,220.17882279233737,11.821177207662629,45.7025877655076,2088.726528463925,-0.4344352447271155,0.2757109161265089,-0.12848151019873727,0.20983138805937662,0.3119206172228802,0.17950527644059014,,,,,,,,,,0.6964185740583009
1,x,245,340.0,220.12207458155274,119.87792541844726,46.61562299004208,2173.0163067497397,-0.426312358144982,0.28674676765569135,-0.13673157531045493,0.2132767057964237,0.3518177715760025,0.1694634423578855,,,,,,,,,,0.6951442874241676
1,x,246,151.0,220.06429601679446,-69.06429601679446,46.80191021012521,2190.4187993166224,-0.4441708055072522,0.29591575570742984,-0.15395956801885746,0.21476770681790902,0.3657669153848277,0.17131995181462478,,,,,,,,,,0.6969755980987781
1,x,247,225.0,220.00542393113028,4.994576068869719,46.766751260354766,2187.129023447894,-0.44006572732176474,0.28872355336032135,-0.1536790286867388,0.2146248336868048,0.37431476065020886,0.1848969624214195,,,,,,,,,,0.6999198754717971
1,x,248,276.0,219.94541795327316,56.054582046726836,46.63817310986285,2175.119191025534,-0.4335718366631082,0.27520364216886495,-0.14317454517157718,0.21318480409045096,0.3573623080407465,0.17651906449580537,,,,,,,,,,0.698531430327406
1,x,249,105.0,219.88424181600524,-114.88424181600524,47.442993644053736,2250.8376459097235,-0.4416512721201558,0.27676999285963966,-0.11233599655411433,0.21775951642469943,0.3001980702817731,0.23552882698704838,,,,,,,,,,0.7069408423757962
1,x,250,433.0,219.8218502814008,213.1781497185992,50.277763157869046,2527.853468158774,-0.47581159240626975,0.2898424392741394,-0.10465651407456285,0.22924516557690142,0.6391090261256985,1.489559080216575,,,,,,,,,,0.7155482365861703
1,x,251,123.0,219.75821738836837,-96.75821738836837,50.75813920327472,2576.3886953790143,-0.5000775402512359,0.31487099903164467,-0.120400943260033,0.23166654132028627,0.596498242812318,1.4305756992065999,,,,,,,,,,0.7198336996311722
1,x,252,349.0,219.69333063429758,129.30666936570242,51.68757896541401,2671.605819305909,-0.5144742391531022,0.3544478119041854,-0.1520992719230633,0.23480345914273423,0.6024708350603922,1.298215669279173,,,,,,,,,,0.7135070293496978
1,x,253,153.0,219.6271952675131,-66.62719526751309,51.97651722813924,2701.558343167055,-0.5223259305589847,0.3642542620697957,-0.1773883199771981,0.236592966045584,0.6077594515216846,1.2504570022062698,,,,,,,,,,0.7181490639316721
1,x,254,361.0,219.55980964210698,141.44019035789302,53.0698552842928,2816.40953989578,-0.5296523543493651,0.3881963941707455,-0.20428026960122952,0.24037301756509125,0.6250941996101145,1.1497760491888849,,,,,,,,,,0.7246376034706572
1,x,255,169.0,219.49118403950172,-50.49118403950172,53.16797118661515,2826.833160100739,-0.5320010714886909,0.3948540668281877,-0.21643454840003068,0.241343491541603,0.645277353017286,1.1530389676216843,,,,,,,,,,0.7256298286941884
1,x,256,258.0,219.42132346215254,38.57867653784746,53.14648706482873,2824.5490873320077,-0.5352470336325115,0.3973750573059282,-0.21929679177187295,0.2406451757519979,0.6241739440173101,1.1367271339065312,,,,,,,,,,0.7266764781087736
1,x,257,125.0,219.35024251262675,-94.35024251262675,53.71934873843255,2885.7684288813352,-0.5361714601912931,0.4042835367324532,-0.2422519533418261,0.243770265695261,0.5967723622721872,1.0620531961161852,,,,,,,,,,0.732948173474741
1,x,258,286.0,219.27795202077436,66.72204797922564,53.94448784448219,2910.0077688034867,-0.5419447695738451,0.4077390708310273,-0.24808355162958118,0.24429305864869805,0.578961986146407,0.9893354230268111,,,,,,,,,,0.7359765506324156
1,x,259,151.0,219.2044742129879,-68.20447421298789,54.2325514389826,2941.169635581893,-0.5509754195020549,0.41892032962947234,-0.2535518505276752,0.24612702397496003,0.5857184385580065,0.9495240845752424,3.741542455386437e-35,1.0,2.843514471356442e-32,6120.818626544119,"{'sigma': 55.25645334893758, 'lam': -3.1415926102051395}","{'sigma': 5.542141752143075, 'mu': -0.08091702604846307, 'w0': 2.770794027565797, 'delta': 2.5317240172559186, 'psi': 0.2}",{'sigma': 17.064461241677286},349.7610643739477,0.11891903824335162,0.7392311118297895
1,x,260,433.0,219.12982131492672,213.87017868507328,56.515149509357585,3193.962124065041,-0.5528448395275355,0.423488359043485,-0.2761212523169548,0.2553058874441587,0.7853939502298348,1.517101758312914,,,,,,,,,,0.7512172212917341
1,x,261,101.0,219.054019194774,-118.05401919477401,57.259312188653396,3278.6288323176714,-0.5695481148685605,0.43009755966593244,-0.28550306759523264,0.2591725352961765,0.7215762403494067,1.4477714234545855,,,,,,,,,,0.7561349365272837
1,x,262,340.0,218.97710185269398,121.02289814730602,57.92856280884032,3355.718389097758,-0.5798279021064482,0.451964850769776,-0.29776752849825044,0.2615063637224403,0.7207356550211,1.3229329322980394,,,,,,,,,,0.7661171112607608
1,x,263,129.0,218.89911344104084,-89.89911344104084,58.136008664180906,3379.7955034017173,-0.5883064018336088,0.4662173917043316,-0.3197306271497765,0.26251690193517185,0.7049120640150247,1.2989079937016308,,,,,,,,,,0.7672990096078229
1,x,264,384.0,218.82008655215978,165.17991344784022,59.47599504768854,3537.393986912672,-0.5979075160575289,0.48336768492141047,-0.343762523373755,0.26743555089874843,0.7388765746247956,1.2190745153437903,,,,,,,,,,0.780651667746927
1,x,265,90.0,218.74006511461766,-128.74006511461766,60.41821069490691,3650.3601835741642,-0.6127345942463328,0.4948577430198837,-0.3621779364942829,0.27261459986421616,0.677204522097578,1.156328386690494,,,,,,,,,,0.7887872987509298
1,x,266,402.0,218.659091993004,183.340908006996,62.03179706706414,3847.9438473694277,-0.6271727177288361,0.5197131998565119,-0.37869093620015626,0.2785285831152905,0.7277252792229353,1.1318767462825816,,,,,,,,,,0.7854570270335521
1,x,267,142.0,218.57721965249516,-76.57721965249516,62.3506638166938,3887.6052783823698,-0.6317709821151468,0.526790386215315,-0.3917339705935717,0.2803458257881413,0.720667383379548,1.0844942991494466,,,,,,,,,,0.7877779529110529
1,x,268,311.0,218.4945039535078,92.5054960464922,62.724849150613835,3934.4067009672613,-0.6368256889160149,0.5347534337508063,-0.40296376453436517,0.28118278225087456,0.6959524973317909,0.9829904042613751,,,,,,,,,,0.7906916165257776
1,x,269,150.0,218.41101138299285,-68.41101138299285,62.96189638496028,3964.2003963904745,-0.6425040247020541,0.5389343013686426,-0.4117068740239873,0.28252246183340285,0.6920827169079263,0.9479170393993105,,,,,,,,,,0.7940794152742421
1,x,270,317.0,218.32679363423915,98.67320636576085,63.3499971336344,4013.222136831487,-0.6476859734244145,0.5458807194777557,-0.41886151000288785,0.2832234140321198,0.664020077223596,0.8474644650667239,,,,,,,,,,0.797213808756394
1,x,271,125.0,218.24190800163205,-93.24190800163205,63.820506031001315,4073.056990053075,-0.6525408993883401,0.5512917956813519,-0.42650205668649593,0.28587813110557997,0.6489861614343837,0.7929476206856778,,,,,,,,,,0.7993905310500121
1,x,272,430.0,218.15639725801483,211.84360274198517,65.85090974868618,4336.342314729612,-0.6582860844828592,0.5590870784013701,-0.43492625980568833,0.29333070407833706,0.7303776047222543,0.9065037052212783,,,,,,,,,,0.7847705736297412
1,x,273,214.0,218.07031653935724,-4.070316539357236,65.85585739485717,4336.993953211763,-0.641270889239481,0.5563931541266217,-0.4335341466268034,0.2934017537709784,0.7348153630682223,0.9099043050474873,,,,,,,,,,0.7844294856056253
1,x,274,260.0,217.98372451858492,42.01627548141508,65.9092488363485,4344.029082171705,-0.6413300759078246,0.5490504188313765,-0.4348507908968403,0.293353727990869,0.7266956221123346,0.890415623252048,,,,,,,,,,0.7816564057272171
1,x,275,117.0,217.89667601401015,-100.89667601401015,66.46080737056676,4417.038916347581,-0.6408464738373327,0.5467391531765989,-0.4499094801562112,0.29665864637440875,0.7134203103763389,0.8371287640973251,,,,,,,,,,0.7847565319092831
1,x,276,340.0,217.80921479244154,122.19078520755846,67.08617661250808,4500.555092484626,-0.6475259284312834,0.5474041663795618,-0.44774961288277026,0.2984177557897438,0.693756745442818,0.7203639576987786,,,,,,,,,,0.7866337922457398
1,x,277,128.0,217.72139337084053,-89.72139337084053,67.47987737182784,4553.533850116923,-0.6554177468991912,0.5557919488969063,-0.4532663530265935,0.30064547726365715,0.6819312990582639,0.6774601208388047,,,,,,,,,,0.7899252200724286
1,x,278,362.0,217.6332516815781,144.3667483184219,68.28706867982558,4663.123748883217,-0.6605944962443142,0.5641446959547874,-0.4668202090299662,0.3027076796357315,0.6627185934493791,0.5660447011986784,,,,,,,,,,0.7908802117087662
1,x,279,166.0,217.54483922491005,-51.54483922491005,68.41714972102449,4680.906375949082,-0.6613682651536292,0.5690143861102475,-0.47012181458454777,0.3039326972086492,0.6781133543781589,0.5635025039450602,1.6945465510860894e-19,0.9999999999999998,2.3882867583928684e-16,4057.764310999781,"{'sigma': 65.43500007565811, 'lam': -3.141592641961202}","{'sigma': 42.862623247265894, 'mu': -0.0177498570527983, 'w0': 3.7592864118086458, 'delta': 3.7068443150604304, 'psi': 0.2}",{'sigma': 21.042936990530908},463.74449268568924,0.09907151637735165,0.7936375493869723
1,x,280,316.0,217.45619738532062,98.54380261467938,68.62760884155107,4709.748695308938,-0.6683340771172327,0.5741150718194609,-0.47668664908977865,0.30352768174060624,0.6492549617354237,0.4980501145421618,,,,,,,,,,0.7895629041128243
1,x,281,177.0,217.36737285399548,-40.36737285399548,68.68077159148491,4717.0483864017215,-0.6725669504891103,0.5767949210307555,-0.480242595079513,0.3038132002940997,0.6501435460352857,0.49164142991936344,,,,,,,,,,0.7878310588140944
1,x,282,196.0,217.27839432640414,-21.27839432640414,68.65134188974784,4713.006743263046,-0.669290473276133,0.5694885418881152,-0.4796233421409911,0.3035403515726547,0.6490427227109387,0.49500423083927714,,,,,,,,,,0.7882440079255633
1,x,283,326.0,217.18929963682692,108.81070036317308,69.10335965324774,4775.274315366108,-0.668330967266031,0.5596560601674461,-0.46216865045696215,0.3047305224077292,0.631565354845875,0.41094750933768504,,,,,,,,,,0.7747560421015979
1,x,284,377.0,217.10013089881988,159.89986910118012,70.10891979087496,4915.260634243339,-0.6366339973632652,0.545770430093061,-0.46740502689240876,0.30766393764509037,0.6224999703365797,0.3165401046535305,,,,,,,,,,0.7837992458248916
1,x,285,92.0,217.01090356395227,-125.01090356395227,70.83674630904257,5017.844627651656,-0.6460501644674743,0.5170456286220996,-0.457379166236228,0.311584313661768,0.5854949357395134,0.284293666409262,,,,,,,,,,0.7889296032722193
1,x,286,338.0,216.92161843436512,121.07838156563488,71.37980659388587,5095.076789380552,-0.6533268372900255,0.5267760716657972,-0.43665366951400947,0.3130521642185664,0.5698963361697534,0.20184901550653359,,,,,,,,,,0.7932035796042243
1,x,287,120.0,216.83228287279817,-96.83228287279817,71.6871590701373,5139.048775547169,-0.6607486288387197,0.5359642434519851,-0.4487523161274458,0.31469341119463257,0.5572752128923677,0.18171031326078826,,,,,,,,,,0.7971118013530643
1,x,288,348.0,216.74288950351468,131.25711049648532,72.32537035076538,5230.959196375372,-0.6660882116388506,0.5435599352874988,-0.45996629825356056,0.3163320555497912,0.5392702853396697,0.09565993085150383,,,,,,,,,,0.8000577431192089
1,x,289,113.0,216.6534405126164,-103.65344051261641,72.88568191407951,5312.3226280803765,-0.6715779836799652,0.5511935539612809,-0.46907756244234156,0.31967404348280487,0.5305304221166456,0.05882990821349522,,,,,,,,,,0.8030076259879098
1,x,290,330.0,216.56392639433528,113.43607360566472,73.34373649180384,5379.303682579158,-0.6767814544082681,0.5582895918761773,-0.47710220585232893,0.32071598356623704,0.5115651070011384,-0.011503423809475945,,,,,,,,,,0.80620732801785
1,x,291,156.0,216.47434618817292,-60.474346188172916,73.47549081632968,5398.647750700548,-0.6783932567260527,0.5605289063806239,-0.48211758607119415,0.3222520909682506,0.5313316551795217,-0.007753280506407742,,,,,,,,,,0.8056030531876318
1,x,292,278.0,216.38468293295267,61.61531706704733,73.50879382635667,5403.542769805812,-0.6787451763996449,0.5629477668037193,-0.4880989908213142,0.3215168260085035,0.5096350899926307,-0.029674605459182313,,,,,,,,,,0.8058332911614329
1,x,293,183.0,216.29492757698907,-33.29492757698907,73.42678834052933,5391.493246004893,-0.6809675358150481,0.5695960881742731,-0.4941389797500132,0.3220384894735532,0.5334544001420267,0.0005869951268406795,,,,,,,,,,0.8084335269185666
1,x,294,399.0,216.20505581759784,182.79494418240216,74.68977689402952,5578.562772479905,-0.6781966361003169,0.5698709285947381,-0.4984400489552116,0.3259782952276247,0.5417339278683555,-0.04671563923079382,,,,,,,,,,0.8136767089266362
1,x,295,134.0,216.11504971074177,-82.11504971074177,74.95824042307734,5618.737807323865,-0.680876275221248,0.5709834278079672,-0.5019142097520498,0.32751627482160556,0.5369377927458726,-0.0669110526504911,,,,,,,,,,0.8127056912088024
1,x,296,283.0,216.02489523926712,66.97510476073288,75.02845915247607,5629.26968279477,-0.6821696650635984,0.5721682901102517,-0.5049832751988258,0.3276262510410789,0.5327988687588516,-0.07969254827744125,,,,,,,,,,0.8152893114734787
1,x,297,145.0,215.93459371095582,-70.93459371095582,75.29339083207672,5669.094702991854,-0.6838923451651193,0.5764962422919616,-0.512390048528141,0.3293223950447576,0.5353402970487092,-0.10086078980132963,,,,,,,,,,0.8167267256536507
1,x,298,371.0,,,,,,,,,,,,,,,,,,,,
1,x,299,138.0,,,,,,,,,,,,,,,,,,,,
1,x,300,292.0,,,,,,,,,,,,,,,,,,,,
1,x,301,195.0,,,,,,,,,,,,,,,,,,,,
1,x,302,232.0,,,,,,,,,,,,,,,,,,,,
1,x,303,229.0,,,,,,,,,,,,,,,,,,,,
1,x,304,213.0,,,,,,,,,,,,,,,,,,,,
1,x,305,343.0,,,,,,,,,,,,,,,,,,,,
1,x,306,128.0,,,,,,,,,,,,,,,,,,,,
1,x,307,410.0,,,,,,,,,,,,,,,,,,,,
1,x,308,84.0,,,,,,,,,,,,,,,,,,,,
1,x,309,349.0,,,,,,,,,,,,,,,,,,,,
1,x,310,77.0,,,,,,,,,,,,,,,,,,,,
1,x,311,482.0,,,,,,,,,,,,,,,,,,,,
1,x,312,59.0,,,,,,,,,,,,,,,,,,,,
1,x,313,491.0,,,,,,,,,,,,,,,,,,,,
1,x,314,179.0,,,,,,,,,,,,,,,,,,,,
1,x,315,292.0,,,,,,,,,,,,,,,,,,,,
1,x,316,108.0,,,,,,,,,,,,,,,,,,,,
1,x,317,466.0,,,,,,,,,,,,,,,,,,,,
1,x,318,118.0,,,,,,,,,,,,,,,,,,,,
1,x,319,406.0,,,,,,,,,,,,,,,,,,,,
1,x,320,127.0,,,,,,,,,,,,,,,,,,,,
1,x,321,289.0,,,,,,,,,,,,,,,,,,,,
1,x,322,202.0,,,,,,,,,,,,,,,,,,,,
1,x,323,440.0,,,,,,,,,,,,,,,,,,,,
1,x,324,185.0,,,,,,,,,,,,,,,,,,,,
1,x,325,346.0,,,,,,,,,,,,,,,,,,,,
1,x,326,153.0,,,,,,,,,,,,,,,,,,,,
1,x,327,440.0,,,,,,,,,,,,,,,,,,,,
1,x,328,129.0,,,,,,,,,,,,,,,,,,,,
1,x,329,281.0,,,,,,,,,,,,,,,,,,,,
1,x,330,140.0,,,,,,,,,,,,,,,,,,,,
1,x,331,374.0,,,,,,,,,,,,,,,,,,,,
1,x,332,121.0,,,,,,,,,,,,,,,,,,,,
1,x,333,460.0,,,,,,,,,,,,,,,,,,,,
1,x,334,97.0,,,,,,,,,,,,,,,,,,,,
1,x,335,501.0,,,,,,,,,,,,,,,,,,,,
1,x,336,121.0,,,,,,,,,,,,,,,,,,,,
1,x,337,257.0,,,,,,,,,,,,,,,,,,,,
1,x,338,256.0,,,,,,,,,,,,,,,,,,,,
1,x,339,251.0,,,,,,,,,,,,,,,,,,,,
1,x,340,219.0,,,,,,,,,,,,,,,,,,,,
1,x,341,280.0,,,,,,,,,,,,,,,,,,,,
1,x,342,184.0,,,,,,,,,,,,,,,,,,,,
1,x,343,318.0,,,,,,,,,,,,,,,,,,,,
1,x,344,149.0,,,,,,,,,,,,,,,,,,,,
1,x,345,374.0,,,,,,,,,,,,,,,,,,,,
1,x,346,243.0,,,,,,,,,,,,,,,,,,,,
1,x,347,299.0,,,,,,,,,,,,,,,,,,,,
1,x,348,110.0,,,,,,,,,,,,,,,,,,,,
1,x,349,459.0,,,,,,,,,,,,,,,,,,,,
1,x,350,78.0,,,,,,,,,,,,,,,,,,,,
1,x,351,607.0,,,,,,,,,,,,,,,,,,,,
1,x,352,107.0,,,,,,,,,,,,,,,,,,,,
1,x,353,335.0,,,,,,,,,,,,,,,,,,,,
1,x,354,104.0,,,,,,,,,,,,,,,,,,,,
1,x,355,524.0,,,,,,,,,,,,,,,,,,,,
1,x,356,132.0,,,,,,,,,,,,,,,,,,,,
1,x,357,305.0,,,,,,,,,,,,,,,,,,,,
1,x,358,214.0,,,,,,,,,,,,,,,,,,,,
1,x,359,298.0,,,,,,,,,,,,,,,,,,,,
1,x,360,93.0,,,,,,,,,,,,,,,,,,,,
1,x,361,566.0,,,,,,,,,,,,,,,,,,,,
1,x,362,34.0,,,,,,,,,,,,,,,,,,,,
1,x,363,596.0,,,,,,,,,,,,,,,,,,,,
1,x,364,59.0,,,,,,,,,,,,,,,,,,,,
1,x,365,467.0,,,,,,,,,,,,,,,,,,,,
1,x,366,133.0,,,,,,,,,,,,,,,,,,,,
1,x,367,309.0,,,,,,,,,,,,,,,,,,,,
1,x,368,142.0,,,,,,,,,,,,,,,,,,,,
1,x,369,468.0,,,,,,,,,,,,,,,,,,,,
1,x,370,163.0,,,,,,,,,,,,,,,,,,,,
1,x,371,497.0,,,,,,,,,,,,,,,,,,,,
1,x,372,57.0,,,,,,,,,,,,,,,,,,,,
1,x,373,674.0,,,,,,,,,,,,,,,,,,,,
1,x,374,247.0,,,,,,,,,,,,,,,,,,,,
1,x,375,169.0,,,,,,,,,,,,,,,,,,,,
1,x,376,376.0,,,,,,,,,,,,,,,,,,,,
1,x,377,153.0,,,,,,,,,,,,,,,,,,,,
1,x,378,261.0,,,,,,,,,,,,,,,,,,,,
1,x,379,149.0,,,,,,,,,,,,,,,,,,,,
1,x,380,356.0,,,,,,,,,,,,,,,,,,,,
1,x,381,91.0,,,,,,,,,,,,,,,,,,,,
1,x,382,593.0,,,,,,,,,,,,,,,,,,,,
1,x,383,144.0,,,,,,,,,,,,,,,,,,,,
1,x,384,534.0,,,,,,,,,,,,,,,,,,,,
1,x,385,95.0,,,,,,,,,,,,,,,,,,,,
1,x,386,548.0,,,,,,,,,,,,,,,,,,,,
1,x,387,148.0,,,,,,,,,,,,,,,,,,,,
1,x,388,304.0,,,,,,,,,,,,,,,,,,,,
1,x,389,254.0,,,,,,,,,,,,,,,,,,,,
1,x,390,236.0,,,,,,,,,,,,,,,,,,,,
1,x,391,187.0,,,,,,,,,,,,,,,,,,,,
1,x,392,250.0,,,,,,,,,,,,,,,,,,,,
1,x,393,424.0,,,,,,,,,,,,,,,,,,,,
1,x,394,247.0,,,,,,,,,,,,,,,,,,,,
1,x,395,276.0,,,,,,,,,,,,,,,,,,,,
1,x,396,159.0,,,,,,,,,,,,,,,,,,,,
1,x,397,472.0,,,,,,,,,,,,,,,,,,,,
1,x,398,50.0,,,,,,,,,,,,,,,,,,,,
1,x,399,717.0,,,,,,,,,,,,,,,,,,,,
1,y,0,115.0,156.05182238565433,-41.05182238565433,,,,,,,,,,,,,,,,,,
1,y,1,144.0,156.15176764346884,-12.151767643468844,,,,,,,,,,,,,,,,,,
1,y,2,162.0,156.25196261098802,5.748037389011984,,,,,,,,,,,,,,,,,,
1,y,3,129.0,156.35243141128194,-27.35243141128194,,,,,,,,,,,,,,,,,,
1,y,4,186.0,156.45319942713317,29.54680057286683,,,,,,,,,,,,,,,,,,
1,y,5,165.0,156.5542973494277,8.445702650572287,,,,,,,,,,,,,,,,,,
1,y,6,210.0,156.65574940248098,53.34425059751902,,,,,,,,,,,,,,,,,,
1,y,7,186.0,156.75757256233229,29.242427437667715,,,,,,,,,,,,,,,,,,
1,y,8,162.0,156.8597694448583,5.140230555141699,,,,,,,,,,,,,,,,,,
1,y,9,168.0,156.9623314733104,11.0376685266896,,,,,,,,,,,,,,,,,,
1,y,10,142.0,157.0652455732761,-15.065245573276087,,,,,,,,,,,,,,,,,,
1,y,11,118.0,157.16849581435915,-39.16849581435915,,,,,,,,,,,,,,,,,,
1,y,12,139.0,157.27207124739752,-18.27207124739752,,,,,,,,,,,,,,,,,,
1,y,13,173.0,157.3759718333894,15.6240281666106,,,,,,,,,,,,,,,,,,
1,y,14,171.0,157.48020324768618,13.519796752313823,,,,,,,,,,,,,,,,,,
1,y,15,175.0,157.58476725294162,17.415232747058383,,,,,,,,,,,,,,,,,,
1,y,16,154.0,157.68965974769563,-3.6896597476956288,,,,,,,,,,,,,,,,,,
1,y,17,157.0,157.79487118005213,-0.7948711800521266,,,,,,,,,,,,,,,,,,
1,y,18,159.0,157.90039130374518,1.099608696254819,,,,,,,,,,,,,,,,,,
1,y,19,201.0,158.00620962956125,42.993790370438745,,,,,,,,,,,,,,,,,,
1,y,20,175.0,158.11231255437397,16.887687445626028,,,,,,,,,,,,,,,,,,
1,y,21,160.0,158.21867556731058,1.7813244326894164,,,,,,,,,,,,,,,,,,
1,y,22,146.0,158.32526667735067,-12.325266677350669,,,,,,,,,,,,,,,,,,
1,y,23,134.0,158.43205191694744,-24.432051916947444,,,,,,,,,,,,,,,,,,
1,y,24,164.0,158.53900021521056,5.460999784789436,,,,,,,,,,,,,,,,,,
1,y,25,171.0,158.64608527005117,12.353914729948826,,,,,,,,,,,,,,,,,,
1,y,26,150.0,158.75327907860813,-8.75327907860813,,,,,,,,,,,,,,,,,,
1,y,27,165.0,158.86054975506354,6.139450244936455,,,,,,,,,,,,,,,,,,
1,y,28,131.0,158.96786505997082,-27.96786505997082,,,,,,,,,,,,,,,,,,
1,y,29,161.0,159.07519200653425,1.9248079934657483,,,,,,,,,,,,,,,,,,
1,y,30,98.0,159.18250190219018,-61.18250190219018,,,,,,,,,,,,,,,,,,
1,y,31,209.0,159.2897685034749,49.7102314965251,,,,,,,,,,,,,,,,,,
1,y,32,162.0,159.39697235787426,2.6030276421257383,,,,,,,,,,,,,,,,,,
1,y,33,172.0,159.50408628608793,12.495913713912074,,,,,,,,,,,,,,,,,,
1,y,34,105.0,159.61107822345974,-54.61107822345974,,,,,,,,,,,,,,,,,,
1,y,35,143.0,159.71791405666215,-16.717914056662153,,,,,,,,,,,,,,,,,,
1,y,36,172.0,159.82456826193805,12.175431738061945,,,,,,,,,,,,,,,,,,
1,y,37,100.0,159.93101996405443,-59.93101996405443,,,,,,,,,,,,,,,,,,
1,y,38,108.0,160.03724825926147,-52.037248259261474,,,,,,,,,,,,,,,,,,
1,y,39,183.0,160.14324373346645,22.85675626653355,,,,,,,,,,,,,,,,,,
1,y,40,160.0,160.24900845482236,-0.24900845482235923,,,,,,,,,,,,,,,,,,
1,y,41,183.0,160.35454280498047,22.64545719501953,,,,,,,,,,,,,,,,,,
1,y,42,207.0,160.4598455609825,46.5401544390175,,,,,,,,,,,,,,,,,,
1,y,43,147.0,160.56490867226697,-13.564908672266967,,,,,,,,,,,,,,,,,,
1,y,44,164.0,160.6697141766041,3.3302858233959114,,,,,,,,,,,,,,,,,,
1,y,45,180.0,160.7742443926835,19.2257556073165,,,,,,,,,,,,,,,,,,
1,y,46,173.0,160.87848012172688,12.12151987827312,,,,,,,,,,,,,,,,,,
1,y,47,175.0,160.98239580704566,14.017604192954337,,,,,,,,,,,,,,,,,,
1,y,48,135.0,161.08595946864477,-26.085959468644774,,,,,,,,,,,,,,,,,,
1,y,49,145.0,161.1891345740226,-16.189134574022603,,,,,,,,,,,,,,,,,,
1,y,50,217.0,161.29188968349183,55.70811031650817,,,,,,,,,,,,,,,,,,
1,y,51,164.0,161.39419538397792,2.605804616022084,,,,,,,,,,,,,,,,,,
1,y,52,138.0,161.4960096529769,-23.49600965297691,,,,,,,,,,,,,,,,,,
1,y,53,196.0,161.5972857280611,34.40271427193889,,,,,,,,,,,,,,,,,,
1,y,54,146.0,161.69797845493216,-15.697978454932155,,,,,,,,,,,,,,,,,,
1,y,55,179.0,161.798033253989,17.20196674601101,,,,,,,,,,,,,,,,,,
1,y,56,109.0,161.89739325082152,-52.89739325082152,,,,,,,,,,,,,,,,,,
1,y,57,123.0,161.9959972870058,-38.99599728700579,,,,,,,,,,,,,,,,,,
1,y,58,113.0,162.0937971891126,-49.09379718911259,,,,,,,,,,,,,,,,,,
1,y,59,191.0,162.19076435354418,28.809235646455818,,,,,,,,,,,,,,,,,,
1,y,60,247.0,162.28688956685212,84.71311043314788,,,,,,,,,,,,,,,,,,
1,y,61,152.0,162.38215996742494,-10.38215996742494,,,,,,,,,,,,,,,,,,
1,y,62,103.0,162.476551352479,-59.47655135247899,,,,,,,,,,,,,,,,,,
1,y,63,154.0,162.57005282780588,-8.570052827805881,,,,,,,,,,,,,,,,,,
1,y,64,213.0,162.66269003329228,50.33730996670772,,,,,,,,,,,,,,,,,,
1,y,65,137.0,162.7545185848924,-25.754518584892395,,,,,,,,,,,,,,,,,,
1,y,66,162.0,162.8456150130473,-0.8456150130473077,,,,,,,,,,,,,,,,,,
1,y,67,113.0,162.93611276961377,-49.93611276961377,,,,,,,,,,,,,,,,,,
1,y,68,161.0,163.0262258557242,-2.026225855724192,,,,,,,,,,,,,,,,,,
1,y,69,138.0,163.11629258767286,-25.11629258767286,,,,,,,,,,,,,,,,,,
1,y,70,176.0,163.2068030588823,12.793196941117714,,,,,,,,,,,,,,,,,,
1,y,71,155.0,163.29844771638471,-8.298447716384715,,,,,,,,,,,,,,,,,,
1,y,72,209.0,163.39215247265332,45.60784752734668,,,,,,,,,,,,,,,,,,
1,y,73,184.0,163.48912664334773,20.51087335665227,,,,,,,,,,,,,,,,,,
1,y,74,219.0,163.5908738200708,55.40912617992919,,,,,,,,,,,,,,,,,,
1,y,75,112.0,163.67363605700362,-51.67363605700362,,,,,,,,,,,,,,,,,,
1,y,76,186.0,163.75746962022095,22.242530379779055,,,,,,,,,,,,,,,,,,
1,y,77,150.0,163.8422090204489,-13.842209020448905,,,,,,,,,,,,,,,,,,
1,y,78,172.0,163.9274910667131,8.072508933286912,,,,,,,,,,,,,,,,,,
1,y,79,154.0,164.01274795393758,-10.012747953937577,,,,,,,,,,,,,,,,,,
1,y,80,166.0,164.0974180218758,1.9025819781242035,,,,,,,,,,,,,,,,,,
1,y,81,179.0,164.1810676296128,14.818932370387188,,,,,,,,,,,,,,,,,,
1,y,82,213.0,164.26354759503968,48.73645240496032,,,,,,,,,,,,,,,,,,
1,y,83,213.0,164.34494679016152,48.655053209838485,,,,,,,,,,,,,,,,,,
1,y,84,138.0,164.42538079992698,-26.425380799926984,,,,,,,,,,,,,,,,,,
1,y,85,159.0,164.50509663302378,-5.505096633023783,,,,,,,,,,,,,,,,,,
1,y,86,179.0,164.58427252971444,14.41572747028556,,,,,,,,,,,,,,,,,,
1,y,87,143.0,164.6628597974806,-21.662859797480593,,,,,,,,,,,,,,,,,,
1,y,88,114.0,164.74071475011627,-50.74071475011627,,,,,,,,,,,,,,,,,,
1,y,89,224.0,164.81779330131695,59.182206698683046,,,,,,,,,,,,,,,,,,
1,y,90,175.0,164.8939875955003,10.106012404499694,,,,,,,,,,,,,,,,,,
1,y,91,130.0,164.9691349034219,-34.96913490342189,,,,,,,,,,,,,,,,,,
1,y,92,141.0,165.04315570693151,-24.043155706931515,,,,,,,,,,,,,,,,,,
1,y,93,214.0,165.1159268186145,48.8840731813855,,,,,,,,,,,,,,,,,,
1,y,94,188.0,165.18735353402977,22.812646465970232,,,,,,,,,,,,,,,,,,
1,y,95,213.0,165.25741599718674,47.74258400281326,,,,,,,,,,,,,,,,,,
1,y,96,156.0,165.3260356743736,-9.3260356743736,,,,,,,,,,,,,,,,,,
1,y,97,122.0,165.39314638537851,-43.393146385378515,,,,,,,,,,,,,,,,,,
1,y,98,154.0,165.45877329711521,-11.458773297115215,,,,,,,,,,,,,,,,,,
1,y,99,185.0,165.52283147266877,19.47716852733123,,,,,,,,,,,,,,,,,,
1,y,100,249.0,165.58535495078897,83.41464504921103,,,,,,,,,,,,,,,,,,
1,y,101,136.0,165.6465171114195,-29.646517111419513,,,,,,,,,,,,,,,,,,
1,y,102,138.0,165.70651239193236,-27.706512391932364,,,,,,,,,,,,,,,,,,
1,y,103,102.0,165.76567078928258,-63.76567078928258,,,,,,,,,,,,,,,,,,
1,y,104,223.0,165.82426347271783,57.17573652728217,,,,,,,,,,,,,,,,,,
1,y,105,193.0,165.88258472193874,27.11741527806126,,,,,,,,,,,,,,,,,,
1,y,106,209.0,165.94077781545124,43.05922218454876,,,,,,,,,,,,,,,,,,
1,y,107,147.0,165.9990968503152,-18.999096850315198,,,,,,,,,,,,,,,,,,
1,y,108,142.0,166.05775599633697,-24.057755996336965,,,,,,,,,,,,,,,,,,
1,y,109,178.0,166.11704548213967,11.882954517860327,,,,,,,,,,,,,,,,,,
1,y,110,159.0,166.17714543186483,-7.17714543186483,,,,,,,,,,,,,,,,,,
1,y,111,145.0,166.23815692707754,-21.23815692707754,,,,,,,,,,,,,,,,,,
1,y,112,153.0,166.30018522474603,-13.30018522474603,,,,,,,,,,,,,,,,,,
1,y,113,195.0,166.3631536555261,28.636846344473895,,,,,,,,,,,,,,,,,,
1,y,114,191.0,166.42686424716393,24.573135752836066,,,,,,,,,,,,,,,,,,
1,y,115,186.0,166.4909716049813,19.509028395018703,,,,,,,,,,,,,,,,,,
1,y,116,167.0,166.55509777888702,0.44490222111298294,,,,,,,,,,,,,,,,,,
1,y,117,166.0,166.61883244917945,-0.6188324491794504,,,,,,,,,,,,,,,,,,
1,y,118,118.0,166.68190987220396,-48.68190987220396,,,,,,,,,,,,,,,,,,
1,y,119,235.0,166.74402441430124,68.25597558569876,,,,,,,,,,,,,,,,,,
1,y,120,132.0,166.8048139486534,-34.80481394865339,,,,,,,,,,,,,,,,,,
1,y,121,119.0,166.86404376758327,-47.86404376758327,,,,,,,,,,,,,,,,,,
1,y,122,161.0,166.92156230093303,-5.921562300933033,,,,,,,,,,,,,,,,,,
1,y,123,166.0,166.97744035839347,-0.9774403583934657,,,,,,,,,,,,,,,,,,
1,y,124,207.0,167.03174810082191,39.968251899178085,,,,,,,,,,,,,,,,,,
1,y,125,148.0,167.08450794192257,-19.084507941922567,,,,,,,,,,,,,,,,,,
1,y,126,202.0,167.13581119150817,34.86418880849183,,,,,,,,,,,,,,,,,,
1,y,127,154.0,167.1859025448811,-13.185902544881088,,,,,,,,,,,,,,,,,,
1,y,128,187.0,167.2350979078322,19.7649020921678,,,,,,,,,,,,,,,,,,
1,y,129,164.0,167.28372668362368,-3.2837266836236836,,,,,,,,,,,,,,,,,,
1,y,130,145.0,167.33210535730956,-22.33210535730956,,,,,,,,,,,,,,,,,,
1,y,131,194.0,167.38065459672157,26.61934540327843,,,,,,,,,,,,,,,,,,
1,y,132,123.0,167.42971041846766,-44.429710418467664,,,,,,,,,,,,,,,,,,
1,y,133,161.0,167.47954330255678,-6.4795433025567775,,,,,,,,,,,,,,,,,,
1,y,134,124.0,167.53034965531526,-43.53034965531526,,,,,,,,,,,,,,,,,,
1,y,135,129.0,167.5825080077588,-38.582508007758804,,,,,,,,,,,,,,,,,,
1,y,136,155.0,167.63657749183335,-12.63657749183335,,,,,,,,,,,,,,,,,,
1,y,137,157.0,167.69320812220028,-10.693208122200275,,,,,,,,,,,,,,,,,,
1,y,138,177.0,167.752877809045,9.247122190954997,,,,,,,,,,,,,,,,,,
1,y,139,219.0,167.81599798579342,51.184002014206584,,,,,,,,,,,,,,,,,,
1,y,140,168.0,167.88295057543314,0.11704942456685785,,,,,,,,,,,,,,,,,,
1,y,141,200.0,167.95409571772214,32.04590428227786,,,,,,,,,,,,,,,,,,
1,y,142,182.0,168.02961681040432,13.97038318959568,,,,,,,,,,,,,,,,,,
1,y,143,173.0,168.10959966708623,4.890400332913771,,,,,,,,,,,,,,,,,,
1,y,144,158.0,168.19409139500945,-10.194091395009451,,,,,,,,,,,,,,,,,,
1,y,145,190.0,168.2829044657764,21.717095534223603,,,,,,,,,,,,,,,,,,
1,y,146,155.0,168.3757446792533,-13.375744679253302,,,,,,,,,,,,,,,,,,
1,y,147,209.0,168.47220033350544,40.52779966649456,,,,,,,,,,,,,,,,,,
1,y,148,130.0,168.57199693993817,-38.571996939938174,,,,,,,,,,,,,,,,,,
1,y,149,116.0,168.67486129866018,-52.674861298660176,,,,,,,,,,,,,,,,,,
1,y,150,136.0,168.78070903693344,-32.780709036933445,,,,,,,,,,,,,,,,,,
1,y,151,135.0,168.88932732505907,-33.88932732505907,,,,,,,,,,,,,,,,,,
1,y,152,154.0,169.00047794956652,-15.000477949566516,,,,,,,,,,,,,,,,,,
1,y,153,176.0,169.11388989063724,6.886110109362761,,,,,,,,,,,,,,,,,,
1,y,154,192.0,169.2292203525521,22.77077964744791,,,,,,,,,,,,,,,,,,
1,y,155,207.0,169.3461086706944,37.653891329305594,,,,,,,,,,,,,,,,,,
1,y,156,152.0,169.46407160080926,-17.464071600809262,,,,,,,,,,,,,,,,,,
1,y,157,232.0,169.58276130218778,62.41723869781222,,,,,,,,,,,,,,,,,,
1,y,158,164.0,169.702035078483,-5.702035078482993,,,,,,,,,,,,,,,,,,
1,y,159,151.0,169.821952577775,-18.821952577774994,31.699896857831522,1004.8834607971568,0.006840876852815017,-0.05779413290903923,-0.2156699970659325,0.1935206798143021,0.19719746028004215,-0.33063956593745586,0.0002475049009395243,1.2730567583381662e-06,0.9997512220423022,148.27693260387733,"{'sigma': 38.19485234764499, 'lam': -3.141592653589793}","{'sigma': 10.05865093101906, 'mu': -0.47265570160634796, 'w0': 1.3964651113443316, 'delta': 4.132216568919489e-09, 'psi': 0.2}",{'sigma': 11.0904223275488},49.42564420129244,0.049185448989362335,0.545077040785518
1,y,160,175.0,169.94252915979706,5.057470840202939,31.530248583060757,994.1565757096048,0.0029597225175741547,-0.05694515122492205,-0.22046776491859932,0.19204536804940123,0.18707431808785005,-0.29843172217891983,,,,,,,,,,0.5388016742290027
1,y,161,209.0,170.0636917906207,38.93630820937929,31.658294902221076,1002.2476361159969,0.0044001102226823765,-0.06378481968181403,-0.21933224792650108,0.19234932727103257,0.16586457354836637,-0.33648596216524546,,,,,,,,,,0.533507372714173
1,y,162,127.0,170.18534580178002,-43.18534580178002,31.84755407924031,1014.2667008301362,-0.005268568245832256,-0.06568629919169296,-0.21261992687049291,0.19375674560547737,0.17511428164925077,-0.370156540476433,,,,,,,,,,0.5375799112539408
1,y,163,143.0,170.30738195505026,-27.30738195505026,31.84730510828996,1014.2508426605118,0.007512610629212062,-0.07064683184379487,-0.20580150893980256,0.1936521421854746,0.17511239983666724,-0.3701039319993296,,,,,,,,,,0.5431742992469291
1,y,164,244.0,170.42967804621568,73.57032195378432,32.28563832295803,1042.362441920856,-0.006483779791662319,-0.09921063862617373,-0.1902474152375701,0.1958857127781762,0.21098558684684926,-0.35520721501243785,,,,,,,,,,0.556766761809964
1,y,165,145.0,170.55219712777372,-25.552197127773724,32.347686081085065,1046.3727948004243,-0.020502459725400875,-0.09598275713983351,-0.18194322542580685,0.196411133276673,0.2261553247924677,-0.3671408652867024,,,,,,,,,,0.5596007369539356
1,y,166,176.0,170.6750046997058,5.324995300294205,32.07798945181013,1028.997407270442,-0.030833877074660267,-0.09453292256725554,-0.18766815921473748,0.19502520470758908,0.23222853259935378,-0.31445985307059965,,,,,,,,,,0.57176555190088
1,y,167,169.0,170.7979506921423,-1.797950692142308,31.996328005390478,1023.7650058285349,-0.03185001626472915,-0.09622892994179671,-0.18332029655138438,0.19465446695294586,0.24777302268319243,-0.2847178535399097,,,,,,,,,,0.5681669543684349
1,y,168,108.0,170.9208545861576,-62.92085458615759,32.38067624988098,1048.508194399606,-0.03104617629580611,-0.09664954293211468,-0.17049033218852247,0.19739801112477925,0.2317132835602054,-0.30818031992796335,,,,,,,,,,0.5729133775345042
1,y,169,162.0,171.0435867561145,-9.043586756114507,32.375757244867295,1048.1896571785771,-0.026395210011229697,-0.09440465535607245,-0.16973677973222656,0.19741315393211764,0.2431998079834021,-0.30279401050252636,,,,,,,,,,0.566040334112922
1,y,170,223.0,171.1660517343169,51.83394826568309,32.61532052630008,1063.7591330332916,-0.0325201481095422,-0.11381544198240692,-0.16781413618814195,0.19826189294510138,0.22557102406460267,-0.3532729532119017,,,,,,,,,,0.5747791623893396
1,y,171,102.0,171.28830916281697,-69.28830916281697,32.92876181912895,1084.3033549409247,-0.05742754671217935,-0.10549472951477325,-0.1351551913858676,0.20028899034634604,0.187781430427935,-0.33505922985315834,,,,,,,,,,0.5762372237720346
1,y,172,195.0,171.4103781871501,23.589621812849913,32.94974214927614,1085.6855077037847,-0.06445122379518059,-0.09597888190341029,-0.1345310194671989,0.19999084799075084,0.16673449280700398,-0.34667042429017614,,,,,,,,,,0.5785649332645699
1,y,173,193.0,171.53224416967336,21.467755830326638,32.97021824452139,1087.0352910913714,-0.06263656908340645,-0.10487664651092028,-0.12650348333462802,0.19996341757793196,0.16412011887392852,-0.35332900140527956,,,,,,,,,,0.5811747111241814
1,y,174,167.0,171.65375358721275,-4.653753587212748,32.95534758691334,1086.0549345742747,-0.064571343666921,-0.10510826957425619,-0.1228278844283579,0.19990353769974353,0.17437242877570716,-0.34622484568873835,,,,,,,,,,0.5805043271085739
1,y,175,217.0,171.7748799070684,45.225120092931604,33.12023511413639,1096.9499740156734,-0.06508852354749284,-0.09876907709781592,-0.11593632533060287,0.2005843377214059,0.1710470777542779,-0.38162639099214396,,,,,,,,,,0.579896969797541
1,y,176,150.0,171.89585188637741,-21.895851886377415,33.16513951170727,1099.9264788310065,-0.07035283807622968,-0.09801663133220508,-0.11807202263204009,0.20088670535200312,0.17888805407021593,-0.39234473595504077,,,,,,,,,,0.5805014609413096
1,y,177,193.0,172.01672501916917,20.983274980830828,33.2059116953555,1102.6325715197472,-0.0727861029230926,-0.09218764426523335,-0.11850202522117567,0.20085992481406678,0.16735050435791238,-0.40731625295515544,,,,,,,,,,0.5844377213225539
1,y,178,160.0,172.13748147532928,-12.137481475329281,33.22035318112201,1103.591865478483,-0.07472394508450432,-0.09065129235962488,-0.12088249409891065,0.2009396835392228,0.17436509786035823,-0.41005126919671275,,,,,,,,,,0.5848639249769955
1,y,179,200.0,172.2578104810186,27.742189518981405,33.11851686057201,1096.8361590439924,-0.0811117737519421,-0.08793040445873009,-0.12162691028987259,0.20033128039361542,0.17464594332423275,-0.3904099589868984,0.011084381249707195,0.48759816410499035,0.5013174546453024,154.2322766888074,"{'sigma': 40.361215738114645, 'lam': -3.1415918714403333}","{'sigma': 10.125844016035991, 'mu': -0.4261147956491822, 'w0': 1.2589598944412659, 'delta': 2.7167869998123706e-07, 'psi': 0.2}",{'sigma': 11.585512272987211},72.57989491237998,0.0661720479525775,0.5828717911362428
1,y,180,133.0,172.37747435208425,-39.37747435208425,33.23770450184662,1104.745000552075,-0.08706221680699942,-0.08371214393952729,-0.12362683490258242,0.2013719838045916,0.19342123531934102,-0.4081822490682701,,,,,,,,,,0.5841571336105041
1,y,181,191.0,172.49625839077095,18.503741609229053,33.27039469345193,1106.919163058074,-0.09066721048444029,-0.08036854719023818,-0.12479937446771265,0.2013337046502386,0.18444664299927596,-0.4203586943563867,,,,,,,,,,0.5715952899325384
1,y,182,168.0,172.61419096713783,-4.61419096713783,33.2582173503633,1106.1090213240068,-0.09294704697763977,-0.07862738108355971,-0.12448970174622276,0.201092690501781,0.18054465005336198,-0.41769609198687596,,,,,,,,,,0.5598181347049065
1,y,183,174.0,172.73119586730007,1.2688041326999269,33.20194367701777,1102.3690639318604,-0.09238437326095003,-0.07686110865446742,-0.12568688480379886,0.20044943733766674,0.1692757359294611,-0.4051452677180404,,,,,,,,,,0.5702956211019575
1,y,184,180.0,172.84716358340836,7.15283641659164,33.20394153768376,1102.5017336379212,-0.09274989577760655,-0.07678876637846867,-0.1250068688776524,0.20034054777997592,0.16831231031930133,-0.40599505835769173,,,,,,,,,,0.5699058493166201
1,y,185,157.0,172.96191152852782,-15.961911528527821,33.21355956185904,1103.1405387691582,-0.09276402663541138,-0.0773250576733739,-0.1228397257780365,0.2005044344211231,0.18331480435631545,-0.40500188164069206,,,,,,,,,,0.5703107287111876
1,y,186,226.0,173.0753189643669,52.924681035633114,33.46942465548092,1120.202386768914,-0.09646417377002042,-0.07615428976095351,-0.12143343845074073,0.20147132975458792,0.16958492482582688,-0.45291192779133377,,,,,,,,,,0.5834217634653887
1,y,187,102.0,173.18708928386957,-71.18708928386957,33.939367750896295,1151.8806833305794,-0.11453987409859737,-0.06872911550400351,-0.12173193511131011,0.20478556549169996,0.1463852023473573,-0.4584597285918023,,,,,,,,,,0.5987160936062409
1,y,188,197.0,173.29689789463717,23.70310210536283,33.91928190230151,1150.517684767799,-0.1219568592153417,-0.07170466863488738,-0.11681592812451273,0.204156231590424,0.12344359724558487,-0.45900885696101457,,,,,,,,,,0.5971795909993239
1,y,189,134.0,173.4044369338009,-39.404436933800895,34.06256455970397,1160.258304384001,-0.12702641916336113,-0.0556570240597156,-0.12710912720087308,0.20522707973914128,0.13497500069713234,-0.48676718443661704,,,,,,,,,,0.6001365364494039
1,y,190,188.0,173.50960923446766,14.49039076553234,33.73331883425595,1137.936799573567,-0.11482634191061089,-0.053315969760982546,-0.1281194965776927,0.2025568945988498,0.1346412741130959,-0.4637301567166471,,,,,,,,,,0.5922777107016081
1,y,191,168.0,173.61232834778323,-5.612328347783233,33.50686815408201,1122.7102134950348,-0.11671340287038882,-0.05570881455808615,-0.115283462980787,0.201507194311337,0.14833245590870853,-0.4180590117945093,,,,,,,,,,0.5981816209922204
1,y,192,130.0,173.71253890040717,-43.71253890040717,33.68379313426696,1134.5979199120904,-0.11496434667434492,-0.058600778942508536,-0.10425947520988635,0.20281514700947254,0.15819814471667626,-0.44944565642081535,,,,,,,,,,0.6036428678484925
1,y,193,210.0,173.81014485540626,36.189855144593736,33.79228727354219,1141.9186791776015,-0.11988158097933853,-0.05839513480408551,-0.10180880888002253,0.20317785741861452,0.15103610023361916,-0.4768720473784037,,,,,,,,,,0.6037610502199728
1,y,194,142.0,173.90510051997924,-31.905100519979243,33.60930336626443,1129.5852727655936,-0.13182357642159848,-0.04689672198881576,-0.12115532738947386,0.20179707815229317,0.16241908010156175,-0.4629710349029426,,,,,,,,,,0.601819481270672
1,y,195,225.0,173.99738906166488,51.002610938335124,33.82323372870512,1144.0111398666158,-0.13856488848106996,-0.04236417030852691,-0.13825850670500542,0.20245856328443018,0.14394976717000124,-0.5029653199749504,,,,,,,,,,0.5972264444695864
1,y,196,180.0,174.0870446654874,5.9129553345125885,33.813165343806375,1143.3301505675884,-0.13349772851330552,-0.03991003991642903,-0.1384754680955494,0.202337738612051,0.14735462721070106,-0.49932099981680317,,,,,,,,,,0.5952225493117516
1,y,197,177.0,174.1738659234157,2.82613407658431,33.47142600806076,1120.3363590130864,-0.15399522308415373,-0.03210981210693438,-0.14025264204724663,0.19971762674957008,0.15357347612976088,-0.47031999862802953,,,,,,,,,,0.5898096111177784
1,y,198,146.0,174.25769269613346,-28.25769269613346,33.28775405680235,1108.0745701461615,-0.14875818294089535,-0.033455533294658946,-0.14197185241508128,0.1983406192637089,0.16377122779987624,-0.4534621740276872,,,,,,,,,,0.5876517804701812
1,y,199,198.0,174.3382938207858,23.661706179214207,33.291150885799894,1108.3007273010949,-0.15202806367097635,-0.035983113261869495,-0.14791450766952072,0.19825011693196304,0.16347003810048777,-0.4544353587404098,3.0033100092654474e-07,0.7722273398406272,0.2277723598283718,423.85148616684484,"{'sigma': 38.98187289839636, 'lam': -3.1415926507700838}","{'sigma': 77.49283512846762, 'mu': -2.3665029327088716, 'w0': 6.991881985038132, 'delta': 2.9860094475475663e-05, 'psi': 0.2}",{'sigma': 11.41843390755317},45.82178228830755,0.04134417776652693,0.5894047397195852
1,y,200,266.0,174.41563926279218,91.58436073720782,34.05367032850806,1159.6524628427105,-0.13699885926727887,-0.04977180716403549,-0.14375892121783462,0.201994040652528,0.2216968068592837,-0.36888447095855004,,,,,,,,,,0.5914951438279946
1,y,201,136.0,174.48983230575098,-38.48983230575098,34.15773457913545,1166.7508315786656,-0.15908483265706017,-0.05284106625329714,-0.13686158304025206,0.20296496203296588,0.2419309574992606,-0.37986755987116166,,,,,,,,,,0.5945018324258472
1,y,202,166.0,174.5611731056876,-8.561173105687601,33.97417252102852,1154.2443984886092,-0.1537496189513399,-0.05723026556180853,-0.14353825027186196,0.20218208745683863,0.26130141463985346,-0.33212998144634714,,,,,,,,,,0.5831259774194797
1,y,203,189.0,174.62990196282735,14.370098037172653,33.97180518747251,1154.0835476955845,-0.15422597363280072,-0.05849941882658082,-0.1326261318123261,0.2018526749107101,0.2466298006209105,-0.3367737137289985,,,,,,,,,,0.5830403489801701
1,y,204,164.0,174.69641520489824,-10.696415204898244,33.98371436286668,1154.8928418969108,-0.15532960959471137,-0.05804787765221986,-0.12979281514636754,0.2019234364995049,0.25394921783971564,-0.33784983149051057,,,,,,,,,,0.5817712930483527
1,y,205,215.0,174.76102106189379,40.238978938106214,34.095556214735346,1162.506953592178,-0.1584140928526544,-0.05627384760387845,-0.12890614855353003,0.20232500071793402,0.24857311747998193,-0.3663067852389232,,,,,,,,,,0.5815191508289312
1,y,206,176.0,174.82408165791577,1.1759183420842305,34.08406270879641,1161.7233307371662,-0.15861566146081515,-0.05472606937427767,-0.12791085687232412,0.20223429627706838,0.25470040591083415,-0.3606774633479915,,,,,,,,,,0.5820813129798224
1,y,207,216.0,174.8858647689098,41.11413523109019,34.21659498456037,1170.7753723374421,-0.1563264797451347,-0.04455433760779622,-0.13490026326058532,0.20271245223570408,0.24668048073158286,-0.39508533150766484,,,,,,,,,,0.5854120550709403
1,y,208,156.0,174.94655678503702,-18.946556785037018,34.1855705456845,1168.6532335339716,-0.16283242900968734,-0.03693679822991054,-0.1384935644582514,0.20237129226393072,0.24530492022201045,-0.3885695634543934,,,,,,,,,,0.588514400301288
1,y,209,218.0,175.0062933267782,42.993706673221794,34.3168527913579,1177.6463855037289,-0.16275037992795532,-0.027412590649766092,-0.14045780533309626,0.2026012489065815,0.22213011603314642,-0.42569005632175744,,,,,,,,,,0.5881142785584035
1,y,210,163.0,175.06501358961683,-12.065013589616825,34.06094029956447,1160.1476540904953,-0.16664164480511937,-0.0188296343473804,-0.15420477848603864,0.20149186408586223,0.23888990284340078,-0.3761935309360211,,,,,,,,,,0.5884396179164525
1,y,211,190.0,175.12241176808993,14.877588231910067,34.078202948650784,1161.3239162094312,-0.16753515717179818,-0.015938379407077617,-0.1554264865546311,0.20140037941063513,0.2321114239921734,-0.3836213649196454,,,,,,,,,,0.5885164987815639
1,y,212,105.0,175.17823258051044,-70.17823258051044,34.487997850562536,1189.4219957404061,-0.1667562602236065,-0.01288800566555344,-0.16684419598626915,0.2040709931985949,0.1955967019723265,-0.38425708540273035,,,,,,,,,,0.6006443954042574
1,y,213,235.0,175.23217624784658,59.76782375215342,34.700758665115394,1204.1426519345812,-0.18278892849635106,-0.011392448463765555,-0.16155165529580895,0.2050342105106711,0.20353853998383656,-0.40464679742717424,,,,,,,,,,0.6079871889543048
1,y,214,104.0,175.28409372907072,-71.28409372907072,35.144669764288004,1235.1478128408596,-0.19949388977354646,0.011095670918131057,-0.16900549570302073,0.2079797004951023,0.17116647766851956,-0.41311319828322285,,,,,,,,,,0.6156506873612861
1,y,215,210.0,175.33383928278667,34.66616071721333,35.22334006194027,1240.6836851190865,-0.20584309593098005,0.02471552954199151,-0.17562794862401707,0.20820653206407724,0.1656720560722551,-0.43347895830766325,,,,,,,,,,0.6191893021598575
1,y,216,209.0,175.38142510619184,33.61857489380816,35.057686546687094,1229.0413860057654,-0.21263142118499226,-0.001573313625751144,-0.15761817419665175,0.20646458508060714,0.14927250744828033,-0.42535181499177144,,,,,,,,,,0.6135588452854135
1,y,217,141.0,175.4268336795353,-34.42683367953529,35.026479020223505,1226.8542325541573,-0.2302758121429735,-0.002212470374992252,-0.12685745718734284,0.2061442155240109,0.15013837892101414,-0.4208463941788211,,,,,,,,,,0.6169131334040641
1,y,218,174.0,175.47022086055858,-1.4702208605585838,34.79665033950099,1210.8068748494948,-0.22371587459232306,0.019810230197123017,-0.13088984383242677,0.2043331028854611,0.14655462898039287,-0.38495583563905944,,,,,,,,,,0.6113271567181625
1,y,219,150.0,175.51178316650595,-25.51178316650595,34.79504847015351,1210.6953980403323,-0.2395363429702645,0.026436756059644618,-0.12759740424971863,0.2046316163796428,0.17015991364360555,-0.3782417369189999,7.694037740602525e-06,0.09805895781863744,0.9019333481436219,331.9683808704589,"{'sigma': 38.857760334653406, 'lam': -3.1415923761679236}","{'sigma': 18.940172294988677, 'mu': -0.922822280684455, 'w0': 2.7264859207912964, 'delta': 1.4338001896874175e-09, 'psi': 0.2}",{'sigma': 11.462955380250053},55.32806347840981,0.04569940842920975,0.6104915686184392
1,y,220,280.0,175.55179559981636,104.44820440018364,35.12594720554977,1233.8321670870698,-0.24629827338953286,0.051915084339803526,-0.14098448489363113,0.20632738180138638,0.2306901458671978,-0.20335755051694565,,,,,,,,,,0.6351284112671227
1,y,221,129.0,175.59049605227568,-46.59049605227568,35.31869508912523,1247.4102227985986,-0.2695154879824151,0.05765142877775191,-0.1374720178227202,0.20763489176440464,0.23062153778646138,-0.23709296346623468,,,,,,,,,,0.6431103310885777
1,y,222,283.0,175.62825083008147,107.37174916991853,35.972625740157724,1294.029802641458,-0.29173317459619036,0.1253049759012663,-0.1583528910807636,0.21008979845324996,0.32445188487537624,-0.03800845581264511,,,,,,,,,,0.6533498611794352
1,y,223,61.0,175.66552393722728,-114.66552393722728,37.13258211295858,1378.8286543756117,-0.33211067707049485,0.14691303045759754,-0.2079910445892086,0.21760294246322281,0.15057116133257076,0.2530262442708305,,,,,,,,,,0.6734030423883524
1,y,224,159.0,175.69622674784662,-16.696226747846623,36.95689332770601,1365.8119644354413,-0.30797012176884137,0.1350100802671274,-0.19241601111578482,0.21700256642199572,0.17178444612248853,0.30423994655551084,,,,,,,,,,0.6695541777251907
1,y,225,178.0,175.73037742004357,2.269622579956433,36.894825096706576,1361.2281189165697,-0.3086145974450099,0.12477414525976638,-0.18762200127728523,0.21631264256039034,0.16070697266209724,0.321795369574,,,,,,,,,,0.6666647714915563
1,y,226,139.0,175.76707999171518,-36.76707999171518,37.01735173637675,1370.2843295746352,-0.31014638081396084,0.1274368563300155,-0.1608501120822644,0.21721407847655705,0.1705903153222447,0.2886324555062407,,,,,,,,,,0.6653958309938086
1,y,227,203.0,175.80557887962607,27.19442112037393,36.85007180978673,1357.9277923864388,-0.31592081418091456,0.12191337687345535,-0.16102695668652262,0.2155211276662601,0.15237820495882445,0.3181228195460456,,,,,,,,,,0.6689187894720823
1,y,228,105.0,175.84527917432067,-70.84527917432067,37.2917241220738,1390.672687996861,-0.3211357210871512,0.13301377436431655,-0.1595005558003388,0.2185515497429328,0.13536933741500357,0.259660212922738,,,,,,,,,,0.6762418399121404
1,y,229,219.0,175.88571552804862,43.11428447195138,37.37918641489599,1397.2035770395448,-0.32893116434723174,0.1362243099411432,-0.16122930080034192,0.2184161064342765,0.11097255640032595,0.23146892867851387,,,,,,,,,,0.676236233133177
1,y,230,172.0,175.92655710549354,-3.9265571054935435,37.3710752402858,1396.597264615102,-0.3283111183455222,0.1347258874119583,-0.16274925062754458,0.2184006150356391,0.11934812142844084,0.23559603146206434,,,,,,,,,,0.6783192553636279
1,y,231,202.0,175.96755142777877,26.032448572221227,37.41300665955261,1399.7330673077277,-0.3280035457008521,0.13966105086178507,-0.1675170973056921,0.21827095954524767,0.10343434192298404,0.21939671791578358,,,,,,,,,,0.6770620732557073
1,y,232,176.0,176.00851458555832,-0.008514585558316412,37.24985602203535,1387.5517736623633,-0.33325631314588133,0.13028220934362048,-0.15813852051159197,0.21758093470815043,0.11762946015140999,0.2679181048164628,,,,,,,,,,0.6770100816375093
1,y,233,157.0,176.0493080752837,-19.049308075283705,37.253684455296096,1387.8370054947702,-0.3400996727747933,0.13329872167989784,-0.15966613493076626,0.21781799791146997,0.13584264931786477,0.2701215891585288,,,,,,,,,,0.6780003109115246
1,y,234,159.0,176.08983764542998,-17.08983764542998,37.03018265729631,1371.2344276327285,-0.3291354325451853,0.1290087759105113,-0.15883243621817097,0.21698697034123454,0.15472557883488197,0.3283692273529341,,,,,,,,,,0.6756706034238262
1,y,235,197.0,176.13005311400013,20.869946885999866,36.828111684965094,1356.3098102802624,-0.32752179280148175,0.12416196736752233,-0.15811368284256122,0.21513318253356756,0.1392716119619311,0.36913130339526035,,,,,,,,,,0.6710820007505058
1,y,236,208.0,176.16993393140515,31.830066068594846,36.87037206709974,1359.4243363663686,-0.32272903888788895,0.12068738887561029,-0.1596040119016326,0.21520719140288772,0.13632718819234407,0.3549462327737375,,,,,,,,,,0.671681834071589
1,y,237,152.0,176.20946328820833,-24.209463288208326,36.90613723008604,1362.0629652459427,-0.32487863299716896,0.1173756853127238,-0.15713860831182497,0.21540023188202254,0.13961117256929578,0.34401879648097444,,,,,,,,,,0.6733620738308291
1,y,238,255.0,176.24862327070602,78.75137672929398,37.40877375340379,1399.4163537333527,-0.3287430067624053,0.12633565394160692,-0.1483674382039152,0.21767479363365486,0.15493966253316185,0.2772574437439116,,,,,,,,,,0.684126622234256
1,y,239,111.0,176.28740755540318,-65.28740755540318,37.77033455407939,1426.5981723270838,-0.34415645521511523,0.133338745246098,-0.1541960506633252,0.2201228793127669,0.14310746608152808,0.22048252343140365,3.7645698786470846e-11,0.9999980649883443,1.934974010106878e-06,1837.1416344252284,"{'sigma': 40.00056158511182, 'lam': -3.1415923397403938}","{'sigma': 20.441191687266613, 'mu': -0.8862420824828867, 'w0': 2.738134028745192, 'delta': 0.11972460191658074, 'psi': 0.2}",{'sigma': 12.069939556704506},104.97952196715532,0.07358731001029636,0.6908180024842271
1,y,240,217.0,176.32580520839025,40.67419479160975,37.89856093176571,1436.300920698758,-0.3513029001754285,0.14527112505680248,-0.1589537897471472,0.22046063439674654,0.1293921982087465,0.18032747643105002,,,,,,,,,,0.691534467032647
1,y,241,167.0,176.36382125043477,-9.363821250434768,37.8933885686064,1435.9088972113902,-0.35656029103978815,0.14481112707656935,-0.15900409118307313,0.22052675848314202,0.14113623366191425,0.1842507357118079,,,,,,,,,,0.6909700614185605
1,y,242,139.0,176.4014554717527,-37.40145547175271,37.82794699521385,1430.9535738727084,-0.36718350078083273,0.14385047652856334,-0.1450530943036525,0.22074005321981896,0.16574596439407094,0.2062929436939956,,,,,,,,,,0.6946239630131824
1,y,243,189.0,176.4387142923121,12.561285707687887,37.64811355121527,1417.3804539651985,-0.36460718697105005,0.14530220545754186,-0.14611219155133123,0.21988312349678565,0.17346909471362257,0.2561874249553678,,,,,,,,,,0.6953735070294635
1,y,244,161.0,176.47561792530738,-15.475617925307375,37.60861110441918,1414.407629203442,-0.36651622900667447,0.14945170252258883,-0.14839305764675453,0.21946815145915344,0.17035388159454382,0.267315820631405,,,,,,,,,,0.6964185740583009
1,y,245,210.0,176.51218640175725,33.48781359824275,37.69459915275366,1420.8828052867768,-0.3675919852801787,0.1503228672522919,-0.15548395717383393,0.21956153716700955,0.15378095026824445,0.23649207842299297,,,,,,,,,,0.6951442874241676
1,y,246,145.0,176.54844097206973,-31.548440972069727,37.76611550194596,1426.279480106323,-0.3697581848078927,0.15635895731325838,-0.1616337160467481,0.22025071916571365,0.1716833565913293,0.22006623756259858,,,,,,,,,,0.6969755980987781
1,y,247,191.0,176.58439566804782,14.415604331952181,37.73990733234384,1424.3006054539005,-0.37846021142642106,0.16514168463304912,-0.1617369460107037,0.21971346553051027,0.1555120674650503,0.22446827560457017,,,,,,,,,,0.6999198754717971
1,y,248,258.0,176.6200704893489,81.3799295106511,38.04815411528633,1447.66203158058,-0.3599034836099539,0.15385475896044404,-0.15717635852738687,0.22035344621007757,0.1620837870404145,0.21102684296846175,,,,,,,,,,0.698531430327406
1,y,249,93.0,176.65547883285262,-83.65547883285262,38.36477254122537,1471.8557721399604,-0.3837480853293228,0.1572351840888275,-0.13699064258429247,0.2232456941590071,0.13728068496604975,0.24105644089274952,,,,,,,,,,0.7069408423757962
1,y,250,265.0,176.6906222923889,88.3093777076111,38.9775655279928,1519.2506144889728,-0.40266317518172756,0.1837300775718444,-0.13216160217694425,0.22607157559917526,0.16484033008267815,0.19505684403088475,,,,,,,,,,0.7155482365861703
1,y,251,111.0,176.72551025849805,-65.72551025849805,39.23242675942827,1539.1833094339033,-0.422141796641917,0.2117429116296958,-0.14918603234165062,0.22770661593602945,0.14983687502577195,0.16501096757897366,,,,,,,,,,0.7198336996311722
1,y,252,199.0,176.76014616210688,22.239853837893122,39.21665345150002,1537.9459079350488,-0.421206326554335,0.21867622833770997,-0.15029375743756815,0.22713717836162908,0.1302835733636398,0.1653713345030847,,,,,,,,,,0.7135070293496978
1,y,253,122.0,176.7945429814837,-54.79454298148369,39.28310131528345,1543.1620489468244,-0.42966196660866773,0.2233560783796245,-0.16580740206885708,0.22828228708986859,0.1498576668783683,0.16537285430078888,,,,,,,,,,0.7181490639316721
1,y,254,236.0,176.8287135705958,59.171286429404205,39.5161727434733,1561.527908292022,-0.4438040275542841,0.2278505416558951,-0.17608903511621785,0.22923707040918487,0.14925003830036368,0.11690860648390765,,,,,,,,,,0.7246376034706572
1,y,255,136.0,176.86267826778902,-40.86267826778902,39.47710247732072,1558.4416200048815,-0.4492023720496069,0.2455035361830227,-0.17746619624095328,0.22965155600535614,0.1741389177745256,0.13361105064730758,,,,,,,,,,0.7256298286941884
1,y,256,210.0,176.896449287731,33.103550712269,39.55383305130133,1564.5057090502178,-0.45573331726032895,0.2505746461255996,-0.18267822536653341,0.22964704580188014,0.15645569777533627,0.10736959926466307,,,,,,,,,,0.7266764781087736
1,y,257,119.0,176.93004357930536,-57.93004357930536,39.67217666781277,1573.881601562148,-0.4633705264800575,0.2623115347724851,-0.18243265321842178,0.23035921853928665,0.15022267592306113,0.09229260102937673,,,,,,,,,,0.732948173474741
1,y,258,237.0,176.96347435573503,60.03652564426497,39.93761274440972,1595.0129117224378,-0.47033935496394325,0.2755443263809069,-0.192517508628163,0.2312040682793818,0.13445603898526556,0.03449052809841444,,,,,,,,,,0.7359765506324156
1,y,259,110.0,176.99676159615635,-66.99676159615635,40.2699290628389,1621.6671867260768,-0.4915777778543338,0.28987386999022524,-0.19745448697767973,0.2337622410497487,0.1406345681101998,-0.006844861793108878,4.005703032669094e-33,1.0,4.322841177614165e-30,3278.5463721298524,"{'sigma': 42.9949311331215, 'lam': -3.141592507123793}","{'sigma': 4.84431238406617, 'mu': -0.09579820337010503, 'w0': 2.7777884892384748, 'delta': 2.4947519197327934, 'psi': 0.2}",{'sigma': 13.29227292334486},187.34550697884765,0.11552648318492063,0.7392311118297895
1,y,260,286.0,177.02991805715882,108.97008194284118,40.64984837172384,1652.4101726441397,-0.5023253544932365,0.32036070784637277,-0.19973064782540584,0.235651294908544,0.1917874959171671,0.09575813977439292,,,,,,,,,,0.7512172212917341
1,y,261,104.0,177.06296372301327,-73.06296372301327,40.996686502253624,1680.7283041640646,-0.5210215540333507,0.3291284297258117,-0.20862636408989343,0.2379378206747163,0.17263794895286638,0.06107167369040069,,,,,,,,,,0.7561349365272837
1,y,262,251.0,177.09591556547653,73.90408443452347,41.34466745780956,1709.3815271968565,-0.5424088732518391,0.3569602888768222,-0.22156055048780507,0.2389778835031079,0.1594830248709123,0.009872810463235814,,,,,,,,,,0.7661171112607608
1,y,263,113.0,177.12879737937362,-64.12879737937362,41.348254717182826,1709.6781681570317,-0.5443277290114732,0.3782961775372389,-0.23355403072243158,0.23890368174018678,0.1591942979593165,0.009733378162028754,,,,,,,,,,0.7672990096078229
1,y,264,315.0,177.16162534473807,137.83837465526193,42.512881329181106,1807.3450789090357,-0.5632594950387405,0.3930872836934266,-0.2581822858741503,0.24481935692013304,0.3081473675683352,0.3525372459620134,,,,,,,,,,0.780651667746927
1,y,265,73.0,177.19442405332146,-104.19442405332146,43.275855343807095,1872.7996557381173,-0.5897921332587863,0.4094768034078958,-0.27654304367008475,0.2502941315431295,0.25564736071034044,0.36757744904770123,,,,,,,,,,0.7887872987509298
1,y,266,224.0,177.22722033593962,46.77277966406038,43.29971680054275,1874.8654750072037,-0.5923366600945261,0.4213534500277482,-0.2866328604644902,0.2502964228507836,0.25530788729437137,0.361864150150607,,,,,,,,,,0.7854570270335521
1,y,267,116.0,177.26004590998429,-61.260045909984285,43.54883390977257,1896.5009349009572,-0.5986016353687339,0.4337139262618478,-0.305051633193631,0.25201871475562826,0.2516220407189351,0.31681792072783743,,,,,,,,,,0.7877779529110529
1,y,268,239.0,177.29292537913867,61.707074620861334,43.77267445592134,1916.0470290240687,-0.6034294204367371,0.4386869483656536,-0.3212372614375399,0.2524284704612512,0.22915877834539955,0.26030866803089336,,,,,,,,,,0.7906916165257776
1,y,269,119.0,177.32588904242425,-58.32588904242425,44.0138765416841,1937.22132822661,-0.6079837623870156,0.44669543205389134,-0.32692759941061894,0.2543603354283557,0.24002729999032144,0.2188700876573762,,,,,,,,,,0.7940794152742421
1,y,270,254.0,177.35895932101562,76.64104067898438,44.41845342574012,1972.999004734644,-0.6144770734951885,0.45464764003132524,-0.33687095968048153,0.25582061654074434,0.22976535011623425,0.14542249824825138,,,,,,,,,,0.797213808756394
1,y,271,122.0,177.39216387124713,-55.392163871247135,44.60794625423999,1989.8688690211636,-0.6210284100555539,0.4633511533010688,-0.3430727434286578,0.25712484331286106,0.2292748865839483,0.11204691281269671,,,,,,,,,,0.7993905310500121
1,y,272,201.0,177.42552227339326,23.574477726606744,44.62965173798184,1991.8058142535456,-0.621130189990185,0.4658618117068542,-0.3446353714541327,0.2568058792374701,0.2142963842902854,0.1015534971823109,,,,,,,,,,0.7847705736297412
1,y,273,198.0,177.45906092548617,20.54093907451383,44.6027895735605,1989.4088377433172,-0.622221530165842,0.45886111791169243,-0.3368656495481712,0.25662362299146607,0.2171569477629866,0.1094577033643799,,,,,,,,,,0.7844294856056253
1,y,274,262.0,177.49280001886981,84.50719998113019,45.051209117200514,2029.6114429217305,-0.6121995413709285,0.45992549847186254,-0.34644326365086864,0.25854352434548356,0.22509119794615753,0.05365081788900332,,,,,,,,,,0.7816564057272171
1,y,275,117.0,177.52674791573202,-60.52674791573202,45.292566346384326,2051.4165662416262,-0.6181607876208723,0.45351230983836527,-0.34712822655441566,0.2605735362058715,0.23837944401286976,0.02056196054031453,,,,,,,,,,0.7847565319092831
1,y,276,231.0,177.5609012985892,53.43909870141081,45.482584401985726,2068.6654838837553,-0.6218431295211324,0.46176858907860646,-0.34455545595827275,0.26106595531184634,0.22309751713784565,-0.025919780426790804,,,,,,,,,,0.7866337922457398
1,y,277,110.0,177.59526370385154,-67.59526370385154,45.80677638975071,2098.2607632206227,-0.6283152739909238,0.47225193612187216,-0.35688481895345653,0.26345606320716464,0.22455306282582924,-0.06964807919939602,,,,,,,,,,0.7899252200724286
1,y,278,230.0,177.62983225263412,52.37016774736588,45.81670318784833,2099.1702910033914,-0.6285090713641657,0.47384369254472547,-0.3733317260889774,0.2624565003063168,0.1996310861124398,-0.08313058514395373,,,,,,,,,,0.7908802117087662
1,y,279,107.0,177.6646114523147,-70.66461145231469,45.85891493613999,2103.0400791201237,-0.630493192607685,0.496746678681562,-0.38147692142466116,0.26390772182075306,0.21215025913072316,-0.06932247118441026,4.350970131346238e-22,1.0,5.673642086080339e-18,3402.5260626087975,"{'sigma': 46.707477773574766, 'lam': -3.141592188900231}","{'sigma': 32.044734450346546, 'mu': -0.49123802253022064, 'w0': 3.699385608439659, 'delta': 2.248018883214655, 'psi': 0.2}",{'sigma': 14.83513640497468},194.43006072050161,0.09245190457894072,0.7936375493869723
1,y,280,185.0,177.69959947971105,7.300400520288946,45.77533996157942,2095.3817485981695,-0.6356786376835091,0.49591579663523677,-0.38096102917189956,0.2629255598022942,0.19881028084732483,-0.05466232297406513,,,,,,,,,,0.7895629041128243
1,y,281,184.0,177.73480483832728,6.265195161672722,45.612864588046925,2080.5334159275053,-0.6389035147089154,0.4924074050399092,-0.3750624362103632,0.2613824123092836,0.18617338414119633,-0.026143820690425822,,,,,,,,,,0.7878310588140944
1,y,282,166.0,177.77023635307071,-11.770236353070715,45.620932487766446,2081.269481053344,-0.6390152803151438,0.494016714700091,-0.3699278031766551,0.2613818376438671,0.18838723471506852,-0.0276338340561601,,,,,,,,,,0.7882440079255633
1,y,283,144.0,177.80590081246103,-33.80590081246103,45.7042661892557,2088.8799478983415,-0.6375490925836954,0.4927372718242692,-0.3703073626399581,0.2620657464980258,0.1981503635039201,-0.04391500246427475,,,,,,,,,,0.7747560421015979
1,y,284,267.0,177.84181054584147,89.15818945415853,46.13191651586486,2128.153721426725,-0.6376770428881554,0.48150830586619797,-0.3639179607783014,0.26395031621149967,0.21313136545029074,-0.07620712217344625,,,,,,,,,,0.7837992458248916
1,y,285,53.0,177.87798507335356,-124.87798507335356,47.17156203322902,2225.1562646547736,-0.647567446228441,0.48211158973462676,-0.3501418557453488,0.27081882827932985,0.12071589034089482,0.00877631097305608,,,,,,,,,,0.7889296032722193
1,y,286,268.0,177.91443339503888,90.08556660496112,47.6238140522415,2268.0276648824747,-0.6572788354729782,0.49304113909604935,-0.3548273982346711,0.2727692947327238,0.1351946835516261,-0.030665783080345906,,,,,,,,,,0.7932035796042243
1,y,287,88.0,177.95116290449573,-89.95116290449573,48.15065893397422,2318.4859557759114,-0.6646732677674371,0.5080634921883586,-0.3707797013559196,0.2764399666093464,0.1184182858458587,-0.07393008741215684,,,,,,,,,,0.7971118013530643
1,y,288,240.0,177.9881715503326,62.011828449667405,48.37257932877232,2339.906430918371,-0.6690724922283395,0.5166602427579028,-0.3837696227632754,0.2771869025357629,0.11293703530954925,-0.11404904447505126,,,,,,,,,,0.8000577431192089
1,y,289,105.0,178.0254637844306,-73.0254637844306,48.72176796576636,2373.810673709977,-0.6736611946009021,0.5258383953588653,-0.3961939635897141,0.27977902144502087,0.11563180475249232,-0.15951890543841765,,,,,,,,,,0.8030076259879098
1,y,290,257.0,178.0630357291912,78.9369642708088,49.08267351601343,2409.108839479566,-0.6780977277969338,0.5307464951799793,-0.40828923764733893,0.2807230656858677,0.10076059589998686,-0.20739229171761803,,,,,,,,,,0.80620732801785
1,y,291,158.0,178.10089139613302,-20.100891396133022,49.06772445258056,2407.6415829543726,-0.6758683483127284,0.5317402167632497,-0.4077919733134773,0.28099917364303983,0.11751566819638679,-0.20154237899163044,,,,,,,,,,0.8056030531876318
1,y,292,214.0,178.13902435423776,35.86097564576224,49.01467691200778,2402.4385527885083,-0.6790718946773266,0.531259350674327,-0.417692644979558,0.27978409939069726,0.0941051769820571,-0.19667716385302053,,,,,,,,,,0.8058332911614329
1,y,293,121.0,178.1774282383532,-57.1774282383532,49.22751274164865,2423.3480107291807,-0.6829825716704955,0.5321689039145854,-0.4249079859568786,0.28140057301406873,0.10189124358316443,-0.23055893651289522,,,,,,,,,,0.8084335269185666
1,y,294,260.0,178.2160905857356,81.7839094142644,49.51380157067048,2451.6165459797303,-0.694233655277335,0.5340145765559906,-0.42821271425908825,0.28166850072201083,0.08451129117414258,-0.25987809476905244,,,,,,,,,,0.8136767089266362
1,y,295,153.0,178.2550078510861,-25.255007851086106,49.45698126794646,2445.992996138007,-0.6965014693309733,0.5351564432515381,-0.4297425100990804,0.28110539974676496,0.0820802414734913,-0.24985947723968108,,,,,,,,,,0.8127056912088024
1,y,296,228.0,178.29416624277127,49.70583375722873,49.588977907815035,2459.0667299417673,-0.6979239348473386,0.5394287995137013,-0.43347870166879054,0.28112661535805566,0.0634981236325323,-0.27635833386410974,,,,,,,,,,0.8152893114734787
1,y,297,117.0,178.3335531799933,-61.33355317999329,49.83188338777559,2483.216601972865,-0.6999937616070672,0.5439498016823741,-0.4407561741912071,0.28290463549104405,0.0688655932400624,-0.31157074954276176,,,,,,,,,,0.8167267256536507
1,y,298,229.0,,,,,,,,,,,,,,,,,,,,
1,y,299,130.0,,,,,,,,,,,,,,,,,,,,
1,y,300,191.0,,,,,,,,,,,,,,,,,,,,
1,y,301,145.0,,,,,,,,,,,,,,,,,,,,
1,y,302,194.0,,,,,,,,,,,,,,,,,,,,
1,y,303,184.0,,,,,,,,,,,,,,,,,,,,
1,y,304,137.0,,,,,,,,,,,,,,,,,,,,
1,y,305,236.0,,,,,,,,,,,,,,,,,,,,
1,y,306,117.0,,,,,,,,,,,,,,,,,,,,
1,y,307,290.0,,,,,,,,,,,,,,,,,,,,
1,y,308,108.0,,,,,,,,,,,,,,,,,,,,
1,y,309,306.0,,,,,,,,,,,,,,,,,,,,
1,y,310,62.0,,,,,,,,,,,,,,,,,,,,
1,y,311,333.0,,,,,,,,,,,,,,,,,,,,
1,y,312,61.0,,,,,,,,,,,,,,,,,,,,
1,y,313,231.0,,,,,,,,,,,,,,,,,,,,
1,y,314,149.0,,,,,,,,,,,,,,,,,,,,
1,y,315,254.0,,,,,,,,,,,,,,,,,,,,
1,y,316,108.0,,,,,,,,,,,,,,,,,,,,
1,y,317,275.0,,,,,,,,,,,,,,,,,,,,
1,y,318,79.0,,,,,,,,,,,,,,,,,,,,
1,y,319,257.0,,,,,,,,,,,,,,,,,,,,
1,y,320,133.0,,,,,,,,,,,,,,,,,,,,
1,y,321,206.0,,,,,,,,,,,,,,,,,,,,
1,y,322,110.0,,,,,,,,,,,,,,,,,,,,
1,y,323,212.0,,,,,,,,,,,,,,,,,,,,
1,y,324,134.0,,,,,,,,,,,,,,,,,,,,
1,y,325,265.0,,,,,,,,,,,,,,,,,,,,
1,y,326,101.0,,,,,,,,,,,,,,,,,,,,
1,y,327,260.0,,,,,,,,,,,,,,,,,,,,
1,y,328,106.0,,,,,,,,,,,,,,,,,,,,
1,y,329,261.0,,,,,,,,,,,,,,,,,,,,
1,y,330,139.0,,,,,,,,,,,,,,,,,,,,
1,y,331,266.0,,,,,,,,,,,,,,,,,,,,
1,y,332,92.0,,,,,,,,,,,,,,,,,,,,
1,y,333,288.0,,,,,,,,,,,,,,,,,,,,
1,y,334,102.0,,,,,,,,,,,,,,,,,,,,
1,y,335,244.0,,,,,,,,,,,,,,,,,,,,
1,y,336,151.0,,,,,,,,,,,,,,,,,,,,
1,y,337,182.0,,,,,,,,,,,,,,,,,,,,
1,y,338,163.0,,,,,,,,,,,,,,,,,,,,
1,y,339,205.0,,,,,,,,,,,,,,,,,,,,
1,y,340,181.0,,,,,,,,,,,,,,,,,,,,
1,y,341,167.0,,,,,,,,,,,,,,,,,,,,
1,y,342,158.0,,,,,,,,,,,,,,,,,,,,
1,y,343,226.0,,,,,,,,,,,,,,,,,,,,
1,y,344,117.0,,,,,,,,,,,,,,,,,,,,
1,y,345,210.0,,,,,,,,,,,,,,,,,,,,
1,y,346,166.0,,,,,,,,,,,,,,,,,,,,
1,y,347,259.0,,,,,,,,,,,,,,,,,,,,
1,y,348,97.0,,,,,,,,,,,,,,,,,,,,
1,y,349,308.0,,,,,,,,,,,,,,,,,,,,
1,y,350,67.0,,,,,,,,,,,,,,,,,,,,
1,y,351,277.0,,,,,,,,,,,,,,,,,,,,
1,y,352,116.0,,,,,,,,,,,,,,,,,,,,
1,y,353,260.0,,,,,,,,,,,,,,,,,,,,
1,y,354,94.0,,,,,,,,,,,,,,,,,,,,
1,y,355,243.0,,,,,,,,,,,,,,,,,,,,
1,y,356,141.0,,,,,,,,,,,,,,,,,,,,
1,y,357,219.0,,,,,,,,,,,,,,,,,,,,
1,y,358,162.0,,,,,,,,,,,,,,,,,,,,
1,y,359,278.0,,,,,,,,,,,,,,,,,,,,
1,y,360,80.0,,,,,,,,,,,,,,,,,,,,
1,y,361,379.0,,,,,,,,,,,,,,,,,,,,
1,y,362,43.0,,,,,,,,,,,,,,,,,,,,
1,y,363,313.0,,,,,,,,,,,,,,,,,,,,
1,y,364,61.0,,,,,,,,,,,,,,,,,,,,
1,y,365,233.0,,,,,,,,,,,,,,,,,,,,
1,y,366,124.0,,,,,,,,,,,,,,,,,,,,
1,y,367,232.0,,,,,,,,,,,,,,,,,,,,
1,y,368,113.0,,,,,,,,,,,,,,,,,,,,
1,y,369,201.0,,,,,,,,,,,,,,,,,,,,
1,y,370,118.0,,,,,,,,,,,,,,,,,,,,
1,y,371,316.0,,,,,,,,,,,,,,,,,,,,
1,y,372,41.0,,,,,,,,,,,,,,,,,,,,
1,y,373,217.0,,,,,,,,,,,,,,,,,,,,
1,y,374,208.0,,,,,,,,,,,,,,,,,,,,
1,y,375,128.0,,,,,,,,,,,,,,,,,,,,
1,y,376,225.0,,,,,,,,,,,,,,,,,,,,
1,y,377,187.0,,,,,,,,,,,,,,,,,,,,
1,y,378,218.0,,,,,,,,,,,,,,,,,,,,
1,y,379,114.0,,,,,,,,,,,,,,,,,,,,
1,y,380,258.0,,,,,,,,,,,,,,,,,,,,
1,y,381,71.0,,,,,,,,,,,,,,,,,,,,
1,y,382,227.0,,,,,,,,,,,,,,,,,,,,
1,y,383,115.0,,,,,,,,,,,,,,,,,,,,
1,y,384,256.0,,,,,,,,,,,,,,,,,,,,
1,y,385,105.0,,,,,,,,,,,,,,,,,,,,
1,y,386,260.0,,,,,,,,,,,,,,,,,,,,
1,y,387,159.0,,,,,,,,,,,,,,,,,,,,
1,y,388,195.0,,,,,,,,,,,,,,,,,,,,
1,y,389,200.0,,,,,,,,,,,,,,,,,,,,
1,y,390,186.0,,,,,,,,,,,,,,,,,,,,
1,y,391,170.0,,,,,,,,,,,,,,,,,,,,
1,y,392,154.0,,,,,,,,,,,,,,,,,,,,
1,y,393,169.0,,,,,,,,,,,,,,,,,,,,
1,y,394,185.0,,,,,,,,,,,,,,,,,,,,
1,y,395,205.0,,,,,,,,,,,,,,,,,,,,
1,y,396,139.0,,,,,,,,,,,,,,,,,,,,
1,y,397,302.0,,,,,,,,,,,,,,,,,,,,
1,y,398,33.0,,,,,,,,,,,,,,,,,,,,
1,y,399,252.0,,,,,,,,,,,,,,,,,,,,
