Realisation number,Variable,index,Coefficient of variation,Lag-2 AC,Kurtosis,Standard deviation,Smax/Var,Skewness,Lag-1 AC,Lag-3 AC,Variance,Smax,Cross correlation
1,Non-breeding,0,0.9547805870386514,0.866201685556524,0.6237140366172622,-0.9197907585004358,0.52046783625731,0.1111886079628015,0.9164196454519034,0.8416739319965125,-0.9197907585004358,-0.6023391812865496,0.8081952920662597
1,Breeding,0,0.9282766637605345,0.8582970066841032,0.42481836675385054,-0.9651264167393198,0.38011695906432746,0.1258355129322871,0.923510607381575,0.8136588201104328,-0.9651264167393198,-0.7894736842105262,0.8081952920662597
1,Total,0,0.9544318512060446,0.8652717233362393,0.2833478639930252,-0.9533856437082242,0.4269005847953216,0.21790177274048236,0.9536181342632954,0.823190932868352,-0.9533856437082242,-0.6257309941520467,0.8081952920662597
2,Non-breeding,0,0.945597210113339,0.8433013658820109,0.3755303690787561,-0.9516419645451901,0.6491228070175439,0.054925893635571044,0.9025864574251669,0.6225515838419062,-0.9516419645451901,-0.543859649122807,0.9183958151700086
2,Breeding,0,0.6092996222028478,0.8995640802092414,0.21976169718105196,-0.9687300203429233,0.6491228070175439,0.16663760534728272,0.9164196454519034,0.5860505666957279,-0.9687300203429233,-0.8245614035087718,0.9183958151700086
2,Total,0,0.8739901191514093,0.8839872130194709,0.37925021795989533,-0.9544318512060446,0.5555555555555555,-0.008427782621331007,0.9253705318221446,0.6270851496657946,-0.9544318512060446,-0.6842105263157894,0.9183958151700086
3,Non-breeding,0,0.9823307178145887,0.8555071200232488,0.8616681197326357,-0.8721301947108396,0.8128654970760234,0.8314443475733796,0.9237430979366462,0.4871258355129322,-0.8721301947108396,0.13450292397660818,0.9222319093286834
3,Breeding,0,0.6821854112176692,0.7484452194129612,0.8163324614937516,-0.9158384190642254,0.8596491228070176,0.6838128451031675,0.9359488520778841,0.265097355419936,-0.9158384190642254,-0.6608187134502924,0.9222319093286834
3,Total,0,0.9509444928799766,0.7683231618715488,0.8910781749491425,-0.8613193839000288,0.8011695906432749,0.8721301947108396,0.9207207207207205,0.4237721592560301,-0.8613193839000288,-0.14619883040935672,0.9222319093286834
4,Non-breeding,0,0.953153153153153,0.930485324033711,0.5329264748619587,-0.972333623946527,0.6608187134502924,0.6805579773321707,0.9222319093286834,0.520604475443185,-0.972333623946527,-0.8245614035087718,0.5004940424295262
4,Breeding,0,0.8978204010462073,0.8828247602441149,0.030049404242952625,-0.9852368497529785,0.43859649122807015,0.15443185120604472,0.9294391165358906,0.8524847428073233,-0.9852368497529785,-0.871345029239766,0.5004940424295262
4,Total,0,0.930485324033711,0.9173496076721881,0.08468468468468467,-0.975820982272595,0.52046783625731,0.2676547515257192,0.9459459459459457,0.8001743679163031,-0.975820982272595,-0.847953216374269,0.5004940424295262
5,Non-breeding,0,0.9507120023249054,0.8930543446672478,0.4952630049404242,-0.9680325486777098,0.7076023391812866,0.881662307468759,0.9237430979366462,0.8141238012205753,-0.9680325486777098,-0.5789473684210525,0.8514385353095029
5,Breeding,0,0.8603894216797441,0.9029351932577737,0.3905260098808485,-0.9687300203429233,0.3333333333333333,0.4573670444638186,0.9178145887823305,0.7899447834931704,-0.9687300203429233,-0.8245614035087718,0.8514385353095029
5,Total,0,0.9114210985178726,0.9193257773902933,0.3679744260389421,-0.959546643417611,0.4269005847953216,0.8391165358907293,0.9279279279279278,0.8050566695727984,-0.959546643417611,-0.5789473684210525,0.8514385353095029
6,Non-breeding,0,0.9164196454519034,0.5367625690206335,0.4123801220575413,-0.9815170008718392,0.5672514619883041,0.6952048823016563,0.9009590235396685,0.07840743969776226,-0.9815170008718392,-0.7543859649122807,0.48805579773321695
6,Breeding,0,0.741819238593432,0.5929090380703282,-0.2917175239755884,-0.9743097936646321,-0.23976608187134502,-0.37634408602150526,0.7356582388840451,0.6864864864864864,-0.9743097936646321,-0.9064327485380117,0.48805579773321695
6,Total,0,0.8613193839000288,0.6012786980528915,-0.1416448706771287,-0.9818657367044462,0.43859649122807015,0.2684684684684684,0.9053763440860213,0.6627724498692239,-0.9818657367044462,-0.8362573099415204,0.48805579773321695
7,Non-breeding,0,0.9617553036907874,0.8796861377506536,0.783667538506248,-0.982214472537053,0.7192982456140351,0.20430107526881716,0.8995640802092414,0.7868061609997092,-0.982214472537053,-0.8128654970760234,0.7834350479511768
7,Breeding,0,0.8896832316187153,0.6563789596047659,0.10165649520488228,-0.9893054344667246,0.7076023391812866,0.43667538506248177,0.8085440278988664,0.8164487067712872,-0.9893054344667246,-0.6959064327485379,0.7834350479511768
7,Total,0,0.9588491717523974,0.7872711421098516,0.1343214181923859,-0.981633246149375,0.7192982456140351,0.2826503923278116,0.8643417611159545,0.8607381575123509,-0.981633246149375,-0.7192982456140351,0.7834350479511768
8,Non-breeding,0,0.8383028189479801,0.6768381284510315,0.32484742807323447,-0.9815170008718392,0.8011695906432749,0.3426329555361813,0.922348154606219,0.35297878523684967,-0.9815170008718392,-0.8362573099415204,0.6231328102295843
8,Breeding,0,0.5015402499273466,0.7450741063644287,0.49398430688753264,-0.9834931705899446,0.7192982456140351,0.6131357163615226,0.9265329845975006,0.5630340017436791,-0.9834931705899446,-0.894736842105263,0.6231328102295843
8,Total,0,0.77146178436501,0.7736704446381863,0.5250217959895378,-0.9815170008718392,0.8128654970760234,0.5107236268526589,0.952571926765475,0.23266492298750358,-0.9815170008718392,-0.8362573099415204,0.6231328102295843
9,Non-breeding,0,0.9439697762278406,0.8022667829119441,0.21232199941877358,-0.9755884917175237,0.7309941520467835,0.45864574251671014,0.8573670444638185,0.3497239174658529,-0.9755884917175237,-0.6140350877192983,0.8360941586748036
9,Breeding,0,0.7105492589363556,0.80052310374891,0.315082824760244,-0.9918628305725078,0.5672514619883041,0.4695727986050566,0.8131938390002905,-0.17477477477477474,-0.9918628305725078,-0.6023391812865496,0.8360941586748036
9,Total,0,0.8695727986050565,0.7994768962510896,0.05550712002324905,-0.9831444347573378,0.6491228070175439,0.4848009299622202,0.8346992153443765,0.07875617553036907,-0.9831444347573378,-0.5321637426900584,0.8360941586748036
10,Non-breeding,0,0.6898575995350187,0.5061900610287706,-0.44795117698343495,-0.9805870386515546,0.4269005847953216,0.3729729729729729,0.6280151118860795,0.6902063353676255,-0.9805870386515546,-0.49707602339181284,0.5254867770996802
10,Breeding,0,0.4778262133100842,0.6167393199651263,-0.35948852077884325,-0.988026736413833,0.4502923976608187,0.46283057250799176,0.7682069165940132,-0.19767509444928796,-0.988026736413833,-0.7426900584795321,0.5254867770996802
10,Total,0,0.5932577739029351,0.5854693403080499,-0.44027898866608534,-0.976983435047951,0.40350877192982454,0.4913106655042138,0.7176402208660272,0.2713746004068584,-0.976983435047951,-0.6023391812865496,0.5254867770996802
11,Non-breeding,0,0.9639639639639638,0.8637605347282764,-0.17733217088055794,-0.9251380412670733,0.7660818713450293,-0.4895669863411798,0.8953792502179597,0.5820982272595174,-0.9251380412670733,-0.5906432748538012,0.8972391746585293
11,Breeding,0,0.8335367625690205,0.8877070619006101,0.22336530078465558,-0.9805870386515546,0.7192982456140351,0.18825922696890435,0.8349317058994477,0.5673350770124962,-0.9805870386515546,-0.7426900584795321,0.8972391746585293
11,Total,0,0.9439697762278406,0.8897994768962509,0.6756756756756755,-0.963034001743679,0.8128654970760234,-0.48142981691368775,0.8680616099970937,0.6033711130485323,-0.963034001743679,-0.52046783625731,0.8972391746585293
12,Non-breeding,0,0.9083987213019469,0.8911944202266782,-0.42005231037489094,-0.9573379831444346,0.23976608187134502,-0.6270851496657946,0.8952630049404241,0.6191804707933739,-0.9573379831444346,-0.8245614035087718,0.7315896541702991
12,Breeding,0,0.8848009299622202,0.9346701540249925,0.31020052310374885,-0.9765184539378087,0.7426900584795321,0.23254867770996798,0.9372275501307757,0.47131647776809055,-0.9765184539378087,-0.7777777777777777,0.7315896541702991
12,Total,0,0.9092124382446962,0.9286253995931413,-0.24940424295263003,-0.967683812845103,0.5555555555555555,-0.2806742226097064,0.9389712292938097,0.5466434176111594,-0.967683812845103,-0.7543859649122807,0.7315896541702991
13,Non-breeding,0,0.9576867189770414,0.6511479221156639,0.5605928509154314,-0.9727986050566694,0.7076023391812866,-0.518860796280151,0.7850624818366753,0.4502760825341469,-0.9727986050566694,-0.8245614035087718,0.7472827666376052
13,Breeding,0,0.8147050276082533,0.8907294391165357,0.03725661145015983,-0.9877942458587617,0.7660818713450293,-0.17884335948852073,0.9366463237430978,0.6319674513222898,-0.9877942458587617,-0.7426900584795321,0.7472827666376052
13,Total,0,0.9367625690206334,0.8734088927637312,-0.1143272304562627,-0.9712874164487065,0.8128654970760234,-0.4573670444638186,0.9217669282185409,0.5236268526591107,-0.9712874164487065,-0.6842105263157894,0.7472827666376052
14,Non-breeding,0,0.9596628886951466,0.9025864574251669,0.6507991862830571,-0.936878814298169,0.5087719298245613,0.38587619877942453,0.9437372856727694,0.6483580354548095,-0.936878814298169,-0.5672514619883041,0.8981691368788142
14,Breeding,0,0.9237430979366462,0.9287416448706769,0.6052310374891019,-0.967102586457425,0.52046783625731,0.14524847428073231,0.9430398140075557,0.8649229875036325,-0.967102586457425,-0.8011695906432749,0.8981691368788142
14,Total,0,0.9530369078756173,0.9295553618134261,0.3618134263295553,-0.924673060156931,0.4269005847953216,-0.16559139784946234,0.9494333042720138,0.8120313862249345,-0.924673060156931,-0.6725146198830408,0.8981691368788142
15,Non-breeding,0,0.9469921534437661,0.9447834931705897,0.4333042720139494,-0.9754722464399881,0.8245614035087718,0.7254286544609124,0.958965417029933,0.85573961057832,-0.9754722464399881,-0.3684210526315789,0.8253995931415284
15,Breeding,0,0.8722464399883753,0.8251671025864573,-0.20267364138331875,-0.9800058122638765,0.5321637426900584,-0.056437082243533845,0.9181633246149373,0.9093286835222317,-0.9800058122638765,-0.7309941520467835,0.8253995931415284
15,Total,0,0.9256030223772157,0.9100261551874453,0.06899157221737866,-0.9680325486777098,0.6959064327485379,0.3604184829991281,0.9679163034001742,0.9120023249055504,-0.9680325486777098,-0.543859649122807,0.8253995931415284
16,Non-breeding,0,0.9294391165358906,0.9049113629758789,0.34147050276082525,-0.9553618134263293,0.8596491228070176,-0.2253414705027608,0.9375762859633825,0.6909038070328392,-0.9553618134263293,0.07602339181286549,0.9224643998837546
16,Breeding,0,0.7782040104620749,0.8777099680325485,0.019587329264748616,-0.9750072653298458,0.8011695906432749,0.11421098517872709,0.9307178145887822,0.8314443475733796,-0.9750072653298458,-0.4152046783625731,0.9224643998837546
16,Total,0,0.916535890729439,0.9209532112757918,0.6879976750944492,-0.9375762859633825,0.8362573099415204,0.01110142400464981,0.9396687009590233,0.8371403661726241,-0.9375762859633825,-0.1111111111111111,0.9224643998837546
17,Non-breeding,0,0.9245568148793953,0.8068003487358325,0.8663179308340596,-0.9776809067131645,0.6842105263157894,0.5486195873292646,0.8715489683231616,0.7503051438535308,-0.9776809067131645,-0.6725146198830408,0.5831444347573379
17,Breeding,0,0.8796861377506536,0.9243243243243241,0.5265329845975006,-0.9837256611450158,0.8011695906432749,0.30287707061900604,0.9030514385353093,0.9094449287997672,-0.9837256611450158,-0.6374269005847952,0.5831444347573379
17,Total,0,0.9226968904388257,0.9158384190642254,0.7609997093868061,-0.9795408311537342,0.8128654970760234,0.4015693112467305,0.9160709096192965,0.9104911362975878,-0.9795408311537342,-0.5789473684210525,0.5831444347573379
18,Non-breeding,0,0.9594303981400754,0.9145597210113338,0.213949433304272,-0.9564080209241497,0.7192982456140351,-0.5488520778843359,0.9178145887823305,0.6111595466434175,-0.9564080209241497,-0.6842105263157894,0.8744551002615517
18,Breeding,0,0.9666376053472826,0.921185701830863,0.8216797442603893,-0.9694274920081369,0.9064327485380117,0.18628305725079916,0.9528044173205461,0.788317349607672,-0.9694274920081369,-0.05263157894736842,0.8744551002615517
18,Total,0,0.9704736995059574,0.9288578901482125,0.5417611159546643,-0.952571926765475,0.894736842105263,-0.42226097064806734,0.9448997384481254,0.7497239174658528,-0.952571926765475,-0.005847953216374269,0.8744551002615517
19,Non-breeding,0,0.8828247602441149,0.5486195873292646,0.6922987503632664,-0.9787271142109849,0.6257309941520467,0.6474280732345248,0.7808776518453936,0.5616390584132519,-0.9787271142109849,-0.543859649122807,0.5401336820691659
19,Breeding,0,0.7629758791049112,0.6327811682650392,0.734844521941296,-0.9862830572507989,0.6608187134502924,0.5995350188898574,0.7462365591397848,0.5696599825632083,-0.9862830572507989,-0.9181286549707602,0.5401336820691659
19,Total,0,0.8458587619877941,0.7239174658529496,0.699970938680616,-0.9789596047660561,0.7076023391812866,0.6235977913397267,0.8107526881720429,0.5722173786689915,-0.9789596047660561,-0.6608187134502924,0.5401336820691659
20,Non-breeding,0,0.8205172914850332,0.685440278988666,0.8472537053182213,-0.9695437372856726,0.23976608187134502,0.6463818657367043,0.6903225806451612,0.69590235396687,-0.9695437372856726,-0.6374269005847952,0.7722755013077592
20,Breeding,0,0.45655332752106936,0.6181342632955535,0.8765475152571925,-0.9802383028189477,0.09941520467836257,0.5976750944492879,0.6817204301075267,0.28613775065387964,-0.9802383028189477,-0.7192982456140351,0.7722755013077592
20,Total,0,0.7041557686718976,0.7351932577739028,0.8677128741644868,-0.9791920953211273,0.21637426900584794,0.6752106945655331,0.737750653879686,0.6840453356582388,-0.9791920953211273,-0.7192982456140351,0.7722755013077592
21,Non-breeding,0,0.9768671897704153,0.8734088927637312,0.66393490264458,-0.9755884917175237,0.9181286549707602,0.485149665794827,0.9614065678581806,0.9107236268526588,-0.9755884917175237,0.3333333333333333,0.8992153443766345
21,Breeding,0,0.9561755303690787,0.8321418192385933,0.6611450159837255,-0.9782621331008426,0.9181286549707602,0.5745422842197034,0.9379250217959894,0.8814298169136877,-0.9782621331008426,-0.09941520467836257,0.8992153443766345
21,Total,0,0.974077303109561,0.8943330427201394,0.6554489973844811,-0.9715199070037778,0.9415204678362572,0.3255448997384481,0.961290322580645,0.921185701830863,-0.9715199070037778,0.49707602339181284,0.8992153443766345
22,Non-breeding,0,0.936878814298169,0.6305725079918627,0.6273176402208659,-0.9848881139203719,0.38011695906432746,0.3217088055797732,0.8664341761115952,0.6495204882301655,-0.9848881139203719,-0.7894736842105262,0.7189189189189188
22,Breeding,0,0.8431851206044754,0.7439116535890727,0.7849462365591396,-0.9865155478058701,0.7777777777777777,-0.03830281894798023,0.9189770415576864,0.5953501888985759,-0.9865155478058701,-0.9181286549707602,0.7189189189189188
22,Total,0,0.9082824760244113,0.7169427492008136,0.7478639930252832,-0.9847718686428362,0.7309941520467835,0.08468468468468467,0.9325777390293517,0.6911362975879103,-0.9847718686428362,-0.6959064327485379,0.7189189189189188
23,Non-breeding,0,0.9598953792502177,0.8346992153443765,0.23231618715489677,-0.9654751525719266,0.6374269005847952,-0.1365300784655623,0.9160709096192965,0.6805579773321707,-0.9654751525719266,-0.7894736842105262,0.6949723917465852
23,Breeding,0,0.8891020052310372,0.8269107817494913,0.6297587910491135,-0.9794245858761985,0.391812865497076,0.33275210694565527,0.9023539668700957,0.6069747166521359,-0.9794245858761985,-0.8830409356725145,0.6949723917465852
23,Total,0,0.9228131357163613,0.8336530078465562,0.41249636733507694,-0.9587329264748617,0.4502923976608187,-0.035396687009590234,0.9207207207207205,0.6475443185120603,-0.9587329264748617,-0.7777777777777777,0.6949723917465852
24,Non-breeding,0,0.9808195292066259,0.8695727986050565,0.8164487067712872,-0.9335077012496364,0.6725146198830408,0.7970357454228421,0.9479221156640509,0.8155187445510025,-0.9335077012496364,-0.391812865497076,0.8800348735832605
24,Breeding,0,0.9090961929671606,0.8864283638477185,0.8135425748328973,-0.9831444347573378,0.847953216374269,0.5950014530659691,0.963034001743679,0.7324033711130484,-0.9831444347573378,-0.40350877192982454,0.8800348735832605
24,Total,0,0.968846265620459,0.9077012496367334,0.8308631211857017,-0.9580354548096481,0.8128654970760234,0.701133391455972,0.9689625108979946,0.7826213310084276,-0.9580354548096481,-0.3216374269005848,0.8800348735832605
25,Non-breeding,0,0.9259517582098226,0.7078756175530367,0.03946527172333623,-0.9709386806160998,0.894736842105263,-0.27509444928799764,0.9609415867480382,0.6985759953501888,-0.9709386806160998,0.15789473684210525,0.8460912525428652
25,Breeding,0,0.8552746294681778,0.8253995931415284,0.8043591979075848,-0.9832606800348733,0.894736842105263,0.43621040395233934,0.9464109270560882,0.775530369078756,-0.9832606800348733,-0.28654970760233917,0.8460912525428652
25,Total,0,0.9000290613193836,0.8235396687009588,0.3031095611740772,-0.9604766056378957,0.8596491228070176,-0.02156349898285382,0.9657076431269979,0.7527462946817784,-0.9604766056378957,0.3333333333333333,0.8460912525428652
26,Non-breeding,0,0.9675675675675673,0.917698343504795,0.4541121766928218,-0.9571054925893634,0.6959064327485379,0.10014530659691948,0.9200232490555069,0.7115954664341759,-0.9571054925893634,-0.12280701754385964,0.8980528916012785
26,Breeding,0,0.9156059285091541,0.878407439697762,0.532810229584423,-0.9883754722464397,0.6374269005847952,0.6609125254286543,0.9072362685265909,0.3909909909909909,-0.9883754722464397,-0.49707602339181284,0.8980528916012785
26,Total,0,0.9646614356291773,0.9276954373728565,0.6616099970938679,-0.9751235106073814,0.6374269005847952,0.41470502760825334,0.9336239465271721,0.5046788724208078,-0.9751235106073814,-0.22807017543859648,0.8980528916012785
27,Non-breeding,0,0.9238593432141817,0.8563208369659981,0.02807323452484742,-0.9633827375762858,0.6374269005847952,0.37762278407439687,0.9454809648358034,0.8193548387096772,-0.9633827375762858,-0.7309941520467835,0.5201394943330426
27,Breeding,0,0.8312118570183085,0.735425748328974,0.13676256902063352,-0.9873292647486194,0.7192982456140351,0.49549549549549543,0.8108689334495784,0.6700959023539668,-0.9873292647486194,-0.7426900584795321,0.5201394943330426
27,Total,0,0.8792211566405114,0.8555071200232488,0.06550421389131066,-0.9796570764312698,0.7777777777777777,0.29439116535890725,0.9038651554780585,0.7420517291485033,-0.9796570764312698,-0.6959064327485379,0.5201394943330426
28,Non-breeding,0,0.9503632664922985,0.8798023830281892,0.3185701830863121,-0.9204882301656493,0.7894736842105262,0.5414123801220575,0.9303690787561754,0.8088927637314732,-0.9204882301656493,0.21637426900584794,0.8457425167102585
28,Breeding,0,0.8827085149665793,0.9057250799186282,0.4953792502179598,-0.9890729439116533,0.7777777777777777,0.6288288288288287,0.9046788724208077,-0.06713164777680905,-0.9890729439116533,-0.6608187134502924,0.8457425167102585
28,Total,0,0.9462946817785526,0.903748910200523,0.4341179889566985,-0.9526881720430105,0.8011695906432749,0.47863993025283336,0.9372275501307757,0.21441441441441436,-0.9526881720430105,0.1695906432748538,0.8457425167102585
29,Non-breeding,0,0.9633827375762858,0.895611740773031,0.5250217959895378,-0.972333623946527,0.7894736842105262,0.44736995059575696,0.9146759662888693,0.8414414414414413,-0.972333623946527,-0.391812865497076,0.7937808776518452
29,Breeding,0,0.8274920081371693,0.8090090090090089,0.6080209241499562,-0.9865155478058701,0.7192982456140351,0.5208369659982562,0.8871258355129321,0.6308049985469338,-0.9865155478058701,-0.8245614035087718,0.7937808776518452
29,Total,0,0.9407149084568437,0.874106364428945,0.7310084277826212,-0.9803545480964834,0.871345029239766,0.4807323452484742,0.9236268526591106,0.7962220284800928,-0.9803545480964834,-0.543859649122807,0.7937808776518452
30,Non-breeding,0,0.9501307759372274,0.8172624237140365,0.2576576576576576,-0.9488520778843358,0.8245614035087718,-0.2792792792792792,0.9204882301656493,0.6540540540540539,-0.9488520778843358,-0.2631578947368421,0.8336530078465562
30,Breeding,0,0.9403661726242369,0.7671607090961928,0.4716652136006974,-0.9634989828538213,0.7543859649122807,0.2530078465562336,0.9287416448706769,0.4136588201104329,-0.9634989828538213,-0.7543859649122807,0.8336530078465562
30,Total,0,0.953734379540831,0.783667538506248,0.1274629468177855,-0.9361813426329553,0.8245614035087718,0.030281894798023824,0.9423423423423422,0.6280151118860795,-0.9361813426329553,-0.14619883040935672,0.8336530078465562
31,Non-breeding,0,0.9257192676547513,0.8343504795117697,0.20743969776227836,-0.9788433594885206,0.25146198830409355,0.5247893054344667,0.8838709677419353,0.531647776809067,-0.9788433594885206,-0.7894736842105262,0.6909038070328392
31,Breeding,0,0.6427782621331006,0.67846556233653,0.3119442022667829,-0.9926765475152569,0.48538011695906425,0.3725079918628305,0.677303109561174,0.2781168265039232,-0.9926765475152569,-0.8011695906432749,0.6909038070328392
31,Total,0,0.8658529497239174,0.848183667538506,0.08805579773321708,-0.9873292647486194,0.6257309941520467,0.09212438244696307,0.8198198198198197,0.28311537343795407,-0.9873292647486194,-0.8596491228070176,0.6909038070328392
32,Non-breeding,0,0.8695727986050565,0.8465562336530077,-0.18965417029933154,-0.971171171171171,0.7894736842105262,-0.3851787271142109,0.8970066841034582,0.7728567276954372,-0.971171171171171,-0.38011695906432746,0.7835512932287124
32,Breeding,0,0.758093577448416,0.7670444638186572,-0.20604475443185116,-0.9844231328102294,0.7894736842105262,-0.3904097646033129,0.8101714617843648,0.799360650973554,-0.9844231328102294,-0.8245614035087718,0.7835512932287124
32,Total,0,0.8599244405696017,0.8728276663760534,-0.32728857890148205,-0.9782621331008426,0.8011695906432749,-0.6607962801511187,0.8801511188607961,0.7707643126997964,-0.9782621331008426,-0.6023391812865496,0.7835512932287124
33,Non-breeding,0,0.7594885207788432,0.18477186864283635,0.7806451612903225,-0.9752397558849171,0.43859649122807015,0.7532112757919207,0.6316187154896832,0.1272304562627143,-0.9752397558849171,-0.7309941520467835,0.8006393490264456
33,Breeding,0,0.5580354548096482,0.6707933740191804,0.39761697181052014,-0.9834931705899446,0.5321637426900584,0.5085149665794826,0.7523975588491716,0.022958442313281018,-0.9834931705899446,-0.7426900584795321,0.8006393490264456
33,Total,0,0.7105492589363556,0.5561755303690786,0.4159837256611449,-0.9751235106073814,0.52046783625731,0.6634699215344375,0.8135425748328973,0.12467306015693111,-0.9751235106073814,-0.6023391812865496,0.8006393490264456
34,Non-breeding,0,0.9788433594885206,0.7407730310956117,0.8888695146759662,-0.9516419645451901,0.7426900584795321,-0.2381284510316768,0.895611740773031,0.6342923568730019,-0.9516419645451901,-0.43859649122807015,0.9236268526591106
34,Breeding,0,0.773786689915722,0.7407730310956117,0.26625980819529205,-0.9837256611450158,0.6257309941520467,-0.36123219994187733,0.9218831734960765,0.1326939843068875,-0.9837256611450158,-0.8245614035087718,0.9236268526591106
34,Total,0,0.9290903807032838,0.6925312409183375,0.5192095321127578,-0.971171171171171,0.5906432748538012,-0.453763440860215,0.9001453065969193,0.3791339726823597,-0.971171171171171,-0.6257309941520467,0.9236268526591106
35,Non-breeding,0,0.9655913978494622,0.8392327811682648,0.6004649811101423,-0.9803545480964834,0.9181286549707602,0.5052600988084858,0.9648939261842485,0.6913687881429815,-0.9803545480964834,-0.1111111111111111,0.8594594594594592
35,Breeding,0,0.9047951176983433,0.8851496657948269,0.6170880557977331,-0.9796570764312698,0.7076023391812866,-0.2525428654460912,0.9217669282185409,0.7751816332461492,-0.9796570764312698,-0.5789473684210525,0.8594594594594592
35,Total,0,0.9509444928799766,0.8857308921825049,0.7392618424876488,-0.974658529497239,0.8245614035087718,0.08526591107236267,0.9626852659110722,0.8323743097936646,-0.974658529497239,-0.09941520467836257,0.8594594594594592
36,Non-breeding,0,0.9371113048532401,0.7872711421098516,-0.2345248474280732,-0.9645451903516418,0.9181286549707602,0.4757337983144434,0.8799186283057249,0.6040685847137459,-0.9645451903516418,-0.7543859649122807,0.8974716652136004
36,Breeding,0,0.9428073234524846,0.4250508573089217,0.2437082243533856,-0.9667538506248182,0.6257309941520467,0.22603894216797438,0.8029642545771576,0.6835803545480963,-0.9667538506248182,-0.7777777777777777,0.8974716652136004
36,Total,0,0.972333623946527,0.7136878814298168,0.35541993606509725,-0.9600116245277533,0.7076023391812866,0.47480383609415855,0.8612031386224933,0.6198779424585874,-0.9600116245277533,-0.6842105263157894,0.8974716652136004
37,Non-breeding,0,0.9259517582098226,0.8517872711421096,0.10491136297587908,-0.974077303109561,0.7076023391812866,0.44434757337983133,0.8832897413542573,0.844696309212438,-0.974077303109561,-0.894736842105263,0.8622493461203137
37,Breeding,0,0.7884335948852076,0.8802673641383317,0.41284510316768375,-0.9893054344667246,0.6959064327485379,0.6365010171461783,0.938622493461203,0.7421679744260389,-0.9893054344667246,-0.8362573099415204,0.8622493461203137
37,Total,0,0.9064225515838418,0.8845684394071489,0.20092996222028475,-0.9804707933740189,0.7660818713450293,0.6785818076140656,0.9446672478930541,0.8584132519616389,-0.9804707933740189,-0.8245614035087718,0.8622493461203137
38,Non-breeding,0,0.9528044173205461,0.8601569311246728,0.8994478349317058,-0.9588491717523974,0.7309941520467835,0.8080790467887241,0.8856146469049693,0.865969195001453,-0.9588491717523974,-0.47368421052631576,0.6853240337111304
38,Breeding,0,0.77146178436501,0.8453937808776517,0.665097355419936,-0.9895379250217958,0.8128654970760234,0.6320836965998254,0.7289160127869804,0.7799476896251087,-0.9895379250217958,-0.9181286549707602,0.6853240337111304
38,Total,0,0.9268817204301073,0.8945655332752105,0.9269979657076429,-0.979308340598663,0.8245614035087718,0.6637024120895088,0.8800348735832605,0.9014240046498109,-0.979308340598663,-0.6608187134502924,0.6853240337111304
39,Non-breeding,0,0.9774484161580933,0.9139784946236558,0.5452484742807323,-0.9189770415576864,0.18128654970760236,-0.45562336530078457,0.9014240046498109,0.3377506538796861,-0.9189770415576864,-0.5555555555555555,0.7340308049985468
39,Breeding,0,0.9425748328974134,0.8584132519616389,0.269165940133682,-0.9654751525719266,-0.13450292397660818,0.18500435919790756,0.85573961057832,0.43307178145887815,-0.9654751525719266,-0.6725146198830408,0.7340308049985468
39,Total,0,0.9666376053472826,0.9093286835222317,-0.015751235106073812,-0.8922406277244985,-0.1111111111111111,-0.04190642255158383,0.9100261551874453,0.45597210113339137,-0.8922406277244985,-0.5789473684210525,0.7340308049985468
40,Non-breeding,0,0.702295844231328,0.8135425748328973,0.6030223772159256,-0.9523394362104038,0.6023391812865496,0.7455390874745712,0.8341179889566984,0.722638767800058,-0.9523394362104038,-0.43859649122807015,0.6969485614646903
40,Breeding,0,0.5589654170299331,0.8566695727986049,0.5507120023249055,-0.9887242080790466,0.25146198830409355,-0.32368497529787843,0.918279569892473,0.4078465562336529,-0.9887242080790466,-0.8596491228070176,0.6969485614646903
40,Total,0,0.6480092996222027,0.8959604766056377,0.1285091543156059,-0.968846265620459,0.47368421052631576,0.3865736704446381,0.9617553036907874,0.6754431851206043,-0.968846265620459,-0.7777777777777777,0.6969485614646903
41,Non-breeding,0,0.858064516129032,0.006335367625690205,0.04864864864864864,-0.9623365300784653,0.5672514619883041,-0.2574251671025864,0.5393199651264167,0.3470502760825341,-0.9623365300784653,-0.8596491228070176,0.7922696890438824
41,Breeding,0,0.6975297878523684,0.14292356873002032,0.7757628596338273,-0.9894216797442601,0.6608187134502924,0.27358326068003486,0.4774774774774774,0.4348154606219121,-0.9894216797442601,-0.894736842105263,0.7922696890438824
41,Total,0,0.8192385934321417,-0.047021214763150236,0.6881139203719848,-0.9791920953211273,0.5555555555555555,0.1189770415576867,0.5126997965707643,0.44632374309793654,-0.9791920953211273,-0.8245614035087718,0.7922696890438824
42,Non-breeding,0,0.6618424876489392,0.8961929671607088,0.6103458297006682,-0.9417611159546642,0.6608187134502924,0.7841325196163904,0.9188607962801509,0.7458878233071781,-0.9417611159546642,-0.14619883040935672,0.6754431851206043
42,Breeding,0,0.5868642836384771,0.8180761406567856,0.45446091252542853,-0.9739610578320254,0.6491228070175439,0.6449869224062772,0.9236268526591106,0.42516710258645735,-0.9739610578320254,-0.543859649122807,0.6754431851206043
42,Total,0,0.6530078465562336,0.8390002906131937,0.565707643126998,-0.946178436501017,0.6257309941520467,0.5818657367044463,0.9238593432141817,0.5438535309503051,-0.946178436501017,-0.23976608187134502,0.6754431851206043
43,Non-breeding,0,0.9522231909328682,0.8843359488520777,0.17233362394652713,-0.975820982272595,0.7777777777777777,0.30566695727986043,0.9186283057250798,0.6119732635861667,-0.975820982272595,-0.4152046783625731,0.8200523103748909
43,Breeding,0,0.862714327230456,0.8550421389131065,0.6480092996222027,-0.9875617553036905,0.8011695906432749,0.06515547805870385,0.9053763440860213,0.6388259226968903,-0.9875617553036905,-0.7894736842105262,0.8200523103748909
43,Total,0,0.9411798895669862,0.9045626271432721,0.7809938971229292,-0.9848881139203719,0.7660818713450293,0.019471083987213013,0.9199070037779714,0.6663760534728276,-0.9848881139203719,-0.5789473684210525,0.8200523103748909
44,Non-breeding,0,0.9544318512060446,0.8755013077593722,0.3843650101714617,-0.9690787561755302,0.8245614035087718,0.5468759081662307,0.918279569892473,0.7489102005231036,-0.9690787561755302,-0.7426900584795321,0.8193548387096772
44,Breeding,0,0.8923568730020341,0.8795698924731181,0.5619877942458587,-0.9848881139203719,0.8362573099415204,0.4853821563498982,0.9311827956989245,0.5912816041848299,-0.9848881139203719,-0.8011695906432749,0.8193548387096772
44,Total,0,0.9378087765184537,0.9057250799186282,0.531647776809067,-0.9736123219994186,0.8362573099415204,0.5322290031967449,0.9517582098227257,0.7274048241790175,-0.9736123219994186,-0.7426900584795321,0.8193548387096772
45,Non-breeding,0,0.9307178145887822,0.7227550130775936,0.5117698343504794,-0.9342051729148502,0.8596491228070176,0.7907585004359196,0.9144434757337981,0.8019180470793372,-0.9342051729148502,0.2982456140350877,0.8808485905260097
45,Breeding,0,0.8185411217669281,0.44504504504504494,0.5930252833478639,-0.971752397558849,0.8830409356725145,0.6280151118860795,0.9582679453647194,0.43562917756466135,-0.971752397558849,-0.4502923976608187,0.8808485905260097
45,Total,0,0.8974716652136004,0.6826503923278116,0.5616390584132519,-0.9387387387387386,0.8596491228070176,0.659285091543156,0.9521069456553326,0.5764022086602731,-0.9387387387387386,0.04093567251461988,0.8808485905260097
46,Non-breeding,0,0.9529206625980817,0.702877070619006,0.5788433594885207,-0.9522231909328682,0.871345029239766,0.4708514966579482,0.8965417029933157,0.7837837837837837,-0.9522231909328682,-0.6491228070175439,0.599651264167393
46,Breeding,0,0.8520197616971809,0.8670154024992733,0.48084859052600976,-0.9796570764312698,0.8128654970760234,0.3084568439407148,0.8841034582970065,0.7472827666376052,-0.9796570764312698,-0.40350877192982454,0.599651264167393
46,Total,0,0.8960767218831733,0.8498111014240045,0.5261842487648938,-0.970589944783493,0.8596491228070176,0.2568439407149084,0.9036326649229873,0.8199360650973553,-0.970589944783493,-0.40350877192982454,0.599651264167393
47,Non-breeding,0,0.9466434176111593,0.9369950595757045,0.6395233943621039,-0.9714036617262422,0.6374269005847952,0.5830281894798023,0.9472246439988373,0.8947980238302817,-0.9714036617262422,-0.21637426900584794,0.9093286835222317
47,Breeding,0,0.9092124382446962,0.9154896832316185,0.6514966579482707,-0.9759372275501305,0.6374269005847952,0.8437663469921532,0.9552455681487937,0.8100552165068292,-0.9759372275501305,-0.3684210526315789,0.9093286835222317
47,Total,0,0.9383900029061317,0.9453647195582678,0.7666957279860503,-0.9651264167393198,0.5672514619883041,0.8155187445510025,0.9387387387387386,0.8737576285963381,-0.9651264167393198,-0.2631578947368421,0.9093286835222317
48,Non-breeding,0,0.7933158965417029,0.6883464109270558,0.5808195292066258,-0.9831444347573378,0.5555555555555555,0.1051438535309503,0.6330136588201104,0.5854693403080499,-0.9831444347573378,-0.7894736842105262,0.5250217959895378
48,Breeding,0,0.4753850624818366,0.75402499273467,0.6327811682650392,-0.9932577739029351,0.7192982456140351,0.3952920662598081,0.8137750653879684,0.7826213310084276,-0.9932577739029351,-0.8245614035087718,0.5250217959895378
48,Total,0,0.7772740482417899,0.8527172333623945,0.45213600697471656,-0.9876780005812262,0.6725146198830408,-0.11560592850915428,0.8336530078465562,0.7184539378087763,-0.9876780005812262,-0.7777777777777777,0.5250217959895378
49,Non-breeding,0,0.8344667247893053,0.8658529497239174,0.7640220866027315,-0.9658238884045334,0.5789473684210525,0.22487648939261837,0.9631502470212145,0.8058703865155477,-0.9658238884045334,-0.543859649122807,0.5045626271432722
49,Breeding,0,0.6931124673060156,0.71043301365882,-0.17326358616681192,-0.9839581517000869,0.6491228070175439,-0.23219994187736118,0.8639930252833476,0.7816913687881428,-0.9839581517000869,-0.8128654970760234,0.5045626271432722
49,Total,0,0.7251961639058412,0.80052310374891,-0.048997384481255436,-0.9744260389421677,0.6608187134502924,-0.21057832025573958,0.956059285091543,0.8151700087183956,-0.9744260389421677,-0.6374269005847952,0.5045626271432722
50,Non-breeding,0,0.8314443475733796,0.6395233943621039,0.10479511769834349,-0.9796570764312698,0.7777777777777777,-0.05573961057832025,0.7510026155187444,0.15559430398140073,-0.9796570764312698,-0.894736842105263,0.7398430688753268
50,Breeding,0,0.6657948270851495,0.677303109561174,0.41040395233943616,-0.9858180761406565,0.5789473684210525,0.5123510607381574,0.5855855855855855,0.7421679744260389,-0.9858180761406565,-0.9064327485380117,0.7398430688753268
50,Total,0,0.8193548387096772,0.7829700668410344,0.3390293519325777,-0.9830281894798021,0.7192982456140351,0.3794827085149665,0.7694856146469048,0.4872420807904678,-0.9830281894798021,-0.8011695906432749,0.7398430688753268
51,Non-breeding,0,0.8306306306306305,0.8252833478639928,0.7346120313862248,-0.916535890729439,0.5789473684210525,0.8744551002615517,0.8271432723045624,0.5478058703865154,-0.916535890729439,-0.6725146198830408,0.6861377506538795
51,Breeding,0,0.8693403080499853,0.7914559721011333,0.7386806160999708,-0.9299040976460329,0.6608187134502924,0.5923278116826503,0.920255739610578,0.24173205463528039,-0.9299040976460329,-0.6023391812865496,0.6861377506538795
51,Total,0,0.8341179889566984,0.8283057250799185,0.7014821272885788,-0.867131647776809,0.5672514619883041,0.7718105201976169,0.9322290031967448,0.44725370531822134,-0.867131647776809,-0.6140350877192983,0.6861377506538795
52,Non-breeding,0,0.9495495495495494,0.41214763150247014,0.4100552165068293,-0.9712874164487065,0.6023391812865496,0.8244696309212436,0.8273757628596337,0.5304853240337111,-0.9712874164487065,-0.8011695906432749,0.5780296425457714
52,Breeding,0,0.83539668700959,0.8145887823307176,0.3322871258355129,-0.9825632083696599,0.8362573099415204,0.5552455681487938,0.8791049113629757,0.656030223772159,-0.9825632083696599,-0.7777777777777777,0.5780296425457714
52,Total,0,0.9004940424295261,0.7408892763731472,0.3855274629468177,-0.9736123219994186,0.7076023391812866,0.7616971810520196,0.8749200813716941,0.6683522231909327,-0.9736123219994186,-0.7426900584795321,0.5780296425457714
53,Non-breeding,0,0.958384190642255,0.8963092124382445,0.2673060156931124,-0.9684975297878522,0.6842105263157894,-0.45434466724789296,0.9267654751525717,0.7678581807614063,-0.9684975297878522,-0.18128654970760236,0.8337692531240917
53,Breeding,0,0.8090090090090089,0.6643998837547223,0.3639058413251961,-0.9863993025283346,0.6608187134502924,0.15001453065969192,0.9256030223772157,0.7752978785236848,-0.9863993025283346,-0.6959064327485379,0.8337692531240917
53,Total,0,0.8866608544027896,0.7757628596338273,0.1232781168265039,-0.9672188317349605,0.6491228070175439,-0.3407730310956117,0.9361813426329553,0.8970066841034582,-0.9672188317349605,-0.5087719298245613,0.8337692531240917
54,Non-breeding,0,0.9611740773031093,0.9170008718395813,0.38215634989828534,-0.9823307178145887,0.9181286549707602,0.047369950595757035,0.9523394362104038,0.4995640802092414,-0.9823307178145887,-0.12280701754385964,0.8811973263586165
54,Breeding,0,0.8300494042429525,0.8632955536181341,0.5070037779715197,-0.9881429816913685,0.9415204678362572,-0.2437082243533856,0.9046788724208077,0.35611740773031086,-0.9881429816913685,-0.9064327485380117,0.8811973263586165
54,Total,0,0.9280441732054634,0.9216506829410053,0.41040395233943616,-0.9868642836384769,0.9649122807017544,-0.08852077884335946,0.941528625399593,0.48270851496657935,-0.9868642836384769,-0.6374269005847952,0.8811973263586165
55,Non-breeding,0,0.9840743969776224,0.7176402208660272,0.9160709096192965,-0.9500145306596918,0.48538011695906425,0.20848590526009877,0.9352513804126705,0.7127579192095319,-0.9500145306596918,-0.5906432748538012,0.46910781749491415
55,Breeding,0,0.8823597791339725,0.6907875617553035,0.481662307468759,-0.9861668119732635,0.08771929824561403,-0.2891601278698053,0.8179598953792501,0.8286544609125253,-0.9861668119732635,-0.7660818713450293,0.46910781749491415
55,Total,0,0.9569892473118278,0.7533275210694563,0.7047369950595755,-0.9722173786689914,0.09941520467836257,-0.27567567567567564,0.9321127579192094,0.8247021214763148,-0.9722173786689914,-0.7543859649122807,0.46910781749491415
56,Non-breeding,0,0.9689625108979946,0.8386515547805868,0.40308049985469335,-0.9722173786689914,0.8830409356725145,0.20464981110142397,0.9394362104039521,0.8237721592560301,-0.9722173786689914,-0.4152046783625731,0.8854984016274337
56,Breeding,0,0.9166521360069745,0.8591107236268525,0.5244405696018598,-0.9709386806160998,0.8011695906432749,-0.16873002034292353,0.9539668700959021,0.6404533565823887,-0.9709386806160998,-0.4152046783625731,0.8854984016274337
56,Total,0,0.9574542284219701,0.8670154024992733,0.5433885498401626,-0.9652426620168554,0.9298245614035087,0.03493170589944783,0.9541993606509733,0.8044754431851204,-0.9652426620168554,-0.029239766081871343,0.8854984016274337
57,Non-breeding,0,0.9715199070037778,0.8363266492298749,0.31275791920953205,-0.9361813426329553,0.7426900584795321,0.6618424876489392,0.9554780587038649,0.6514966579482707,-0.9361813426329553,-0.14619883040935672,0.9340889276373145
57,Breeding,0,0.9594303981400754,0.7729729729729728,0.7709968032548676,-0.9800058122638765,0.8362573099415204,-0.5006102877070618,0.8978204010462073,0.715082824760244,-0.9800058122638765,-0.4619883040935673,0.9340889276373145
57,Total,0,0.9730310956117405,0.8391165358907293,0.73077593722755,-0.9343214181923858,0.7777777777777777,0.06503923278116826,0.929322871258355,0.553734379540831,-0.9343214181923858,-0.15789473684210525,0.9340889276373145
58,Non-breeding,0,0.9500145306596918,0.7587910491136296,0.9196745132229002,-0.9576867189770414,0.7660818713450293,0.8634117988956698,0.867131647776809,0.8038942167974424,-0.9576867189770414,0.25146198830409355,0.9283929090380701
58,Breeding,0,0.9300203429235685,0.8372566114501597,0.921418192385934,-0.9725661145015981,0.6257309941520467,0.8759662888695144,0.916535890729439,0.7777390293519324,-0.9725661145015981,-0.12280701754385964,0.9283929090380701
58,Total,0,0.9661726242371401,0.8392327811682648,0.9498982853821561,-0.9408311537343793,0.6725146198830408,0.8938680616099969,0.8814298169136877,0.8100552165068292,-0.9408311537343793,0.25146198830409355,0.9283929090380701
59,Non-breeding,0,0.9638477186864282,0.9221156640511478,0.6783493170589944,-0.9439697762278406,0.7894736842105262,-0.3787852368497529,0.9453647195582678,0.8334205172914849,-0.9439697762278406,0.12280701754385964,0.9178145887823305
59,Breeding,0,0.9492008137169425,0.9061900610287705,0.7991281604184828,-0.9817494914269105,0.5789473684210525,0.39668700959023534,0.934553908747457,0.8007555943039812,-0.9817494914269105,-0.5789473684210525,0.9178145887823305
59,Total,0,0.9624527753560009,0.9180470793374017,0.6523103748910198,-0.9394362104039521,0.6725146198830408,0.5802383028189478,0.9418773612321997,0.8143562917756465,-0.9394362104039521,-0.1695906432748538,0.9178145887823305
60,Non-breeding,0,0.9462946817785526,0.9016564952048821,0.29195001453065966,-0.9833769253124091,0.6374269005847952,-0.2425457715780296,0.9113048532403369,0.8541121766928217,-0.9833769253124091,-0.6491228070175439,0.8026155187445508
60,Breeding,0,0.7132229003196744,0.8937518163324613,-0.045626271432723034,-0.9882592269689042,0.6257309941520467,-0.40749782040104615,0.8901482127288577,0.8620168555652425,-0.9882592269689042,-0.7894736842105262,0.8026155187445508
60,Total,0,0.8907294391165357,0.8993315896541701,-0.06841034582970065,-0.9869805289160126,0.6491228070175439,-0.4970066841034583,0.8984016274338854,0.907817494914269,-0.9869805289160126,-0.5672514619883041,0.8026155187445508
61,Non-breeding,0,0.9428073234524846,0.8619006102877069,0.9017727404824177,-0.9700087183958149,0.7076023391812866,0.8214472537053181,0.9307178145887822,0.7613484452194128,-0.9700087183958149,-0.5789473684210525,0.8835222319093285
61,Breeding,0,0.8574832897413541,0.8675966288869512,0.9282766637605345,-0.9805870386515546,0.7426900584795321,0.9003777971519905,0.9507120023249054,0.9015402499273465,-0.9805870386515546,-0.6140350877192983,0.8835222319093285
61,Total,0,0.9163034001743677,0.8865446091252541,0.9302528334786397,-0.9747747747747746,0.7777777777777777,0.9007265329845974,0.9603603603603602,0.8700377797151989,-0.9747747747747746,-0.4619883040935673,0.8835222319093285
62,Non-breeding,0,0.9681487939552454,0.6168555652426619,0.8064516129032256,-0.9183958151700086,0.847953216374269,0.7933158965417029,0.8975879104911361,0.583376925312409,-0.9183958151700086,-0.20467836257309938,0.8562045916884625
62,Breeding,0,0.9233943621040394,-0.15443185120604472,0.734844521941296,-0.9812845103167683,0.6023391812865496,0.38831734960767206,0.7623946527172333,-0.03621040395233943,-0.9812845103167683,-0.7660818713450293,0.8562045916884625
62,Total,0,0.9529206625980817,0.2471955826794536,0.78018018018018,-0.9372275501307757,0.7894736842105262,0.5272304562627143,0.8696890438825922,0.07027027027027026,-0.9372275501307757,-0.5789473684210525,0.8562045916884625
63,Non-breeding,0,0.8639930252833476,0.7940133682069165,-0.43900029061319373,-0.946178436501017,0.52046783625731,0.19744260389421678,0.8745713455390872,0.6112757919209532,-0.946178436501017,-0.1111111111111111,0.5850043591979075
63,Breeding,0,0.6553327521069455,0.5548968323161871,-0.3411217669282185,-0.9668700959023538,0.5087719298245613,0.32659110723626844,0.9280441732054634,0.6163905841325195,-0.9668700959023538,-0.28654970760233917,0.5850043591979075
63,Total,0,0.7212438244696308,0.6306887532693982,-0.3807614065678581,-0.9446672478930541,0.49707602339181284,0.3766928218541121,0.939203719848881,0.5669863411798894,-0.9446672478930541,-0.1111111111111111,0.5850043591979075
64,Non-breeding,0,0.9669863411798895,0.8788724208079045,0.08235977913397267,-0.952571926765475,0.9532163742690059,0.8029642545771576,0.9457134553908745,0.943853530950305,-0.952571926765475,0.6959064327485379,0.8336530078465562
64,Breeding,0,0.8615518744551001,0.9243243243243241,-0.19558267945364716,-0.9654751525719266,0.9532163742690059,0.5816332461493751,0.9288578901482125,0.9092124382446962,-0.9654751525719266,0.391812865497076,0.8336530078465562
64,Total,0,0.9197907585004358,0.9058413251961637,-0.19907003777971516,-0.9524556814879394,0.9415204678362572,0.8117988956698633,0.9521069456553326,0.9296716070909617,-0.9524556814879394,0.5789473684210525,0.8336530078465562
65,Non-breeding,0,0.9108398721301945,0.6485905260098808,0.08619587329264747,-0.9803545480964834,0.15789473684210525,0.3287997675094449,0.907817494914269,0.6061609997093866,-0.9803545480964834,-0.7076023391812866,0.8176111595466433
65,Breeding,0,0.4995640802092414,0.5181633246149374,0.20267364138331875,-0.9869805289160126,0.38011695906432746,0.5812845103167683,0.7965707643126996,0.08782330717814586,-0.9869805289160126,-0.9064327485380117,0.8176111595466433
65,Total,0,0.8693403080499853,0.6695146759662887,-0.3162452775356,-0.9827956989247308,0.20467836257309938,0.4860796280151118,0.8026155187445508,0.42307468759081657,-0.9827956989247308,-0.7543859649122807,0.8176111595466433
66,Non-breeding,0,0.9739610578320254,0.8026155187445508,0.7546062191223479,-0.9790758500435918,0.8362573099415204,0.6437082243533856,0.9389712292938097,0.7324033711130484,-0.9790758500435918,-0.7309941520467835,0.856902063353676
66,Breeding,0,0.728451031676838,0.8140075559430396,-0.01354257483289741,-0.9890729439116533,0.894736842105263,0.3804126707352513,0.9170008718395813,0.7725079918628304,-0.9890729439116533,-0.894736842105263,0.856902063353676
66,Total,0,0.9409473990119149,0.8001743679163031,0.19093286835222315,-0.9831444347573378,0.8830409356725145,0.6132519616390583,0.9505957570473698,0.813891310665504,-0.9831444347573378,-0.8596491228070176,0.856902063353676
67,Non-breeding,0,0.9482708514966578,0.6762569020633535,0.5221156640511478,-0.9831444347573378,0.5087719298245613,0.7289160127869804,0.8113339145597208,0.5225806451612902,-0.9831444347573378,-0.7076023391812866,0.7264748619587328
67,Breeding,0,0.8703865155478057,0.5990700377797151,0.7782040104620749,-0.9829119442022666,0.6257309941520467,0.7151990700377796,0.7915722173786689,0.5167683812845102,-0.9829119442022666,-0.8245614035087718,0.7264748619587328
67,Total,0,0.9208369659982562,0.6640511479221156,0.7548387096774192,-0.9770996803254866,0.6257309941520467,0.7181052019761696,0.9018889857599534,0.5511769834350478,-0.9770996803254866,-0.6842105263157894,0.7264748619587328
68,Non-breeding,0,0.9512932287125834,0.8692240627724497,0.015634989828538212,-0.9623365300784653,0.9415204678362572,0.5250217959895378,0.9497820401046205,0.8911944202266782,-0.9623365300784653,0.14619883040935672,0.9049113629758789
68,Breeding,0,0.8420226678291193,0.813891310665504,-0.25730892182505083,-0.9808195292066259,0.871345029239766,0.11130485324033709,0.9410636442894506,0.8513222900319672,-0.9808195292066259,-0.6140350877192983,0.9049113629758789
68,Total,0,0.9371113048532401,0.877244986922406,0.02446963092124382,-0.9707061900610285,0.894736842105263,0.27555943039814,0.9590816623074685,0.8861958732926474,-0.9707061900610285,-0.12280701754385964,0.9049113629758789
69,Non-breeding,0,0.8904969485614644,0.842371403661726,0.5629177564661435,-0.9770996803254866,0.38011695906432746,-0.0020342923568730012,0.8415576867189769,0.7126416739319963,-0.9770996803254866,-0.49707602339181284,0.7763440860215052
69,Breeding,0,0.8300494042429525,0.69590235396687,0.5826794536471954,-0.9870967741935481,0.543859649122807,0.29032258064516125,0.8428363847718685,0.44004649811101415,-0.9870967741935481,-0.5087719298245613,0.7763440860215052
69,Total,0,0.8901482127288577,0.8263295553618133,0.5318802673641383,-0.971752397558849,0.4269005847953216,0.14861958732926472,0.8730601569311245,0.6589363557105491,-0.971752397558849,-0.34502923976608185,0.7763440860215052
70,Non-breeding,0,0.7315896541702991,0.5837256611450159,-0.1366463237430979,-0.9888404533565821,0.5672514619883041,-0.1081662307468759,0.7504213891310664,0.46980528916012776,-0.9888404533565821,-0.8011695906432749,0.18814298169136875
70,Breeding,0,0.47387387387387375,0.09305434466724787,0.03481546062191222,-0.993839000290613,0.4502923976608187,0.5405986631793082,0.6509154315605927,-0.25672769543737284,-0.993839000290613,-0.8596491228070176,0.18814298169136875
70,Total,0,0.6110433013658819,0.3798314443475733,-0.4190061028770705,-0.9863993025283346,0.5672514619883041,0.16140656785818075,0.81505376344086,0.15966288869514672,-0.9863993025283346,-0.8596491228070176,0.18814298169136875
71,Non-breeding,0,0.886312118570183,-0.28079046788724205,0.5707061900610286,-0.9858180761406565,-0.22807017543859648,0.04818366753850624,0.3043882592269688,0.2628886951467596,-0.9858180761406565,-0.871345029239766,0.6291775646614355
71,Breeding,0,0.8038942167974424,0.13687881429816912,0.7056669572798604,-0.9916303400174366,0.3099415204678362,-0.19546643417611156,0.7759953501888984,0.4441150828247602,-0.9916303400174366,-0.9298245614035087,0.6291775646614355
71,Total,0,0.9003777971519905,-0.013426329555361811,0.7362394652717232,-0.990351641964545,-0.017543859649122806,0.015053763440860212,0.6769543737285671,0.3705318221447253,-0.990351641964545,-0.8830409356725145,0.6291775646614355
72,Non-breeding,0,0.9639639639639638,0.9023539668700957,-0.06004068584713745,-0.971171171171171,0.894736842105263,0.64359197907585,0.9113048532403369,0.769718105201976,-0.971171171171171,-0.13450292397660818,0.8062191223481544
72,Breeding,0,0.8419064225515837,0.7938971229293809,0.69590235396687,-0.9815170008718392,0.7076023391812866,0.5764022086602731,0.9274629468177853,0.4651554780587038,-0.9815170008718392,-0.7660818713450293,0.8062191223481544
72,Total,0,0.8947980238302817,0.8631793083405985,0.2612612612612612,-0.975820982272595,0.8596491228070176,0.6833478639930252,0.9321127579192094,0.6892763731473408,-0.975820982272595,-0.28654970760233917,0.8062191223481544
73,Non-breeding,0,0.9681487939552454,0.789479802383028,0.054809648358035444,-0.9714036617262422,0.7076023391812866,-0.2439407149084568,0.8931705899447833,0.8243533856437081,-0.9714036617262422,-0.1111111111111111,0.7641383318802671
73,Breeding,0,0.9314152862539957,0.7837837837837837,0.1540831153734379,-0.9760534728276662,0.5789473684210525,0.33449578610868924,0.874106364428945,0.6730020342923567,-0.9760534728276662,-0.847953216374269,0.7641383318802671
73,Total,0,0.9591979075850041,0.8167974426038941,0.18221447253705314,-0.9674513222900317,0.7076023391812866,0.19256030223772155,0.9053763440860213,0.737169427492008,-0.9674513222900317,-0.4619883040935673,0.7641383318802671
74,Non-breeding,0,0.9113048532403369,0.7761115954664339,0.7750653879686136,-0.9626852659110722,0.6959064327485379,0.7198488811392035,0.8521360069747165,0.7634408602150536,-0.9626852659110722,-0.52046783625731,0.3865736704446381
74,Breeding,0,0.8646904969485614,0.18570183086312117,0.724382446963092,-0.9881429816913685,0.5321637426900584,0.6103458297006682,0.8181923859343212,0.4338854984016274,-0.9881429816913685,-0.7660818713450293,0.3865736704446381
74,Total,0,0.887474571345539,0.5167683812845102,0.6570764312699796,-0.9750072653298458,0.5906432748538012,0.6695146759662887,0.8727114210985177,0.5704736995059575,-0.9750072653298458,-0.6608187134502924,0.3865736704446381
75,Non-breeding,0,0.9088637024120894,0.7757628596338273,0.006800348735832605,-0.9819819819819817,0.3333333333333333,0.07375762859633826,0.8750363266492297,0.18732926474861955,-0.9819819819819817,-0.894736842105263,0.6549840162743387
75,Breeding,0,0.7256611450159836,0.8323743097936646,0.31717523975588485,-0.9901191514094737,0.6725146198830408,0.19163034001743676,0.8828247602441149,0.5859343214181923,-0.9901191514094737,-0.8596491228070176,0.6549840162743387
75,Total,0,0.8787561755303689,0.8398140075559428,0.03760534728276663,-0.9843068875326937,0.49707602339181284,0.259866317930834,0.8817785527462945,0.47480383609415855,-0.9843068875326937,-0.9064327485380117,0.6549840162743387
76,Non-breeding,0,0.8542284219703572,0.8179598953792501,0.37925021795989533,-0.9650101714617841,0.7309941520467835,0.6081371694274919,0.8963092124382445,0.25498401627433875,-0.9650101714617841,-0.8830409356725145,0.021098517872711418
76,Breeding,0,0.8007555943039812,0.749956408020924,0.17326358616681192,-0.9848881139203719,0.7894736842105262,0.3227550130775937,0.8907294391165357,0.5201394943330426,-0.9848881139203719,-0.8362573099415204,0.021098517872711418
76,Total,0,0.8095902353966868,0.8502760825341469,0.014705027608253412,-0.9800058122638765,0.847953216374269,0.38297006684103446,0.9473408892763729,0.43853530950305136,-0.9800058122638765,-0.8596491228070176,0.021098517872711418
77,Non-breeding,0,0.9554780587038649,0.7849462365591396,0.41691368788142974,-0.9809357744841614,0.6491228070175439,0.2659110723626852,0.9568730020342922,-0.6927637314734088,-0.9809357744841614,-0.7426900584795321,0.8705027608253413
77,Breeding,0,0.7205463528044173,0.4899157221737866,0.1431560592850915,-0.9838419064225514,0.2982456140350877,0.7786689915722171,0.8795698924731181,-0.5811682650392327,-0.9838419064225514,-0.847953216374269,0.8705027608253413
77,Total,0,0.9257192676547513,0.7045045045045043,0.22685265911072358,-0.9772159256030223,0.34502923976608185,0.7056669572798604,0.9090961929671606,-0.524091833769253,-0.9772159256030223,-0.7426900584795321,0.8705027608253413
78,Non-breeding,0,0.9522231909328682,0.564777680906713,0.619994187736123,-0.9765184539378087,0.7777777777777777,0.7186864283638476,0.8448125544899736,0.04027898866608544,-0.9765184539378087,-0.6725146198830408,0.7897122929380992
78,Breeding,0,0.9200232490555069,0.5290903807032838,0.7178727114210984,-0.9825632083696599,0.3567251461988304,0.8437663469921532,0.844463818657367,0.3689043882592269,-0.9825632083696599,-0.7777777777777777,0.7897122929380992
78,Total,0,0.9390874745713453,0.5950014530659691,0.6924149956408019,-0.9708224353385642,0.5555555555555555,0.8101714617843648,0.8852659110723625,0.30961929671607086,-0.9708224353385642,-0.7192982456140351,0.7897122929380992
79,Non-breeding,0,0.8852659110723625,0.7791339726823596,0.36274338854984006,-0.9845393780877649,0.6023391812865496,0.1453647195582679,0.75402499273467,0.8720139494333041,-0.9845393780877649,-0.8362573099415204,0.7140366172624235
79,Breeding,0,0.8455100261551873,0.8402789886660853,0.8664341761115952,-0.9870967741935481,0.5789473684210525,0.21650682941005517,0.8643417611159545,0.6165068294100551,-0.9870967741935481,-0.871345029239766,0.7140366172624235
79,Total,0,0.9039814007555941,0.8577157802964253,0.6792792792792791,-0.9881429816913685,0.6608187134502924,0.3646033129904097,0.8288869514675964,0.8340017436791628,-0.9881429816913685,-0.8245614035087718,0.7140366172624235
80,Non-breeding,0,0.959546643417611,0.9372275501307757,0.026329555361813424,-0.9715199070037778,0.9181286549707602,0.262191223481546,0.9608253414705026,0.6168555652426619,-0.9715199070037778,-0.43859649122807015,0.7636733507701249
80,Breeding,0,0.8551583841906422,0.8814298169136877,0.7535600116245276,-0.9912816041848298,0.7777777777777777,0.39006102877070614,0.9225806451612901,0.6301075268817203,-0.9912816041848298,-0.9298245614035087,0.7636733507701249
80,Total,0,0.9258355129322869,0.9218831734960765,0.5428073234524847,-0.9845393780877649,0.8128654970760234,0.17535600116245273,0.9479221156640509,0.5991862830572507,-0.9845393780877649,-0.871345029239766,0.7636733507701249
81,Non-breeding,0,0.9010752688172041,0.7937808776518452,0.68427782621331,-0.9568730020342922,0.4619883040935673,0.5926765475152571,0.8124963673350768,0.6418482999128159,-0.9568730020342922,-0.2631578947368421,0.6545190351641964
81,Breeding,0,0.7396105783202556,0.6871839581516999,0.5924440569601859,-0.9837256611450158,0.7543859649122807,0.4430688753269397,0.8567858180761404,0.9018889857599534,-0.9837256611450158,-0.7192982456140351,0.6545190351641964
81,Total,0,0.8507410636442893,0.8896832316187153,0.5126997965707643,-0.9591979075850041,0.7894736842105262,0.40296425457715773,0.9006102877070618,0.8727114210985177,-0.9591979075850041,-0.4269005847953216,0.6545190351641964
82,Non-breeding,0,0.9497820401046205,0.8701540249927345,0.6137169427492007,-0.9794245858761985,0.6725146198830408,0.6873002034292355,0.9453647195582678,0.5300203429235686,-0.9794245858761985,-0.4152046783625731,0.8723626852659109
82,Breeding,0,0.6110433013658819,0.8373728567276952,0.31996512641673924,-0.992095321127579,0.47368421052631576,-0.28776518453937805,0.8849171752397558,0.056785818076140644,-0.992095321127579,-0.8011695906432749,0.8723626852659109
82,Total,0,0.9242080790467885,0.9203719848881137,0.7048532403371112,-0.9855855855855853,0.6608187134502924,0.19163034001743676,0.9562917756466142,0.27637314734088925,-0.9855855855855853,-0.7309941520467835,0.8723626852659109
83,Non-breeding,0,0.9109561174077301,0.709270560883464,-0.09909909909909907,-0.9295553618134261,0.8011695906432749,0.547340889276373,0.9544318512060446,0.7154315605928507,-0.9295553618134261,0.14619883040935672,0.8846846846846845
83,Breeding,0,0.791223481546062,0.5789596047660563,-0.08445219412961347,-0.9847718686428362,0.7543859649122807,0.5301365882011042,0.9044463818657366,0.3514675966288869,-0.9847718686428362,-0.7426900584795321,0.8846846846846845
83,Total,0,0.9430398140075557,0.6963673350770124,-0.009938971229293807,-0.9715199070037778,0.8245614035087718,0.5823307178145887,0.9517582098227257,0.46945655332752095,-0.9715199070037778,-0.28654970760233917,0.8846846846846845
84,Non-breeding,0,0.9108398721301945,0.8334205172914849,-0.19256030223772155,-0.9691950014530658,0.7543859649122807,0.06108689334495784,0.951990700377797,0.8473699505957568,-0.9691950014530658,-0.391812865497076,0.8128451031676837
84,Breeding,0,0.7149665794827084,0.8479511769834349,0.32600988084859045,-0.9804707933740189,0.6257309941520467,0.01086893344957861,0.8634117988956698,0.8226097064806741,-0.9804707933740189,-0.6374269005847952,0.8128451031676837
84,Total,0,0.8316768381284508,0.8443475733798314,-0.08514966579482706,-0.9719848881139201,0.6725146198830408,-0.06259808195292065,0.9266492298750362,0.829003196745132,-0.9719848881139201,-0.49707602339181284,0.8128451031676837
85,Non-breeding,0,0.842371403661726,0.8327230456262712,0.5412961348445219,-0.972914850334205,0.6491228070175439,0.6566114501598371,0.9183958151700086,0.6208079046788724,-0.972914850334205,-0.6140350877192983,0.4240046498111013
85,Breeding,0,0.5419936065097354,0.6709096192967159,0.6882301656495204,-0.9879104911362975,0.3333333333333333,0.49572798605056656,0.8433013658820109,0.5242080790467886,-0.9879104911362975,-0.8011695906432749,0.4240046498111013
85,Total,0,0.6782330717814588,0.7762278407439696,0.8167974426038941,-0.9765184539378087,0.5087719298245613,0.751700087183958,0.9149084568439405,0.6108108108108107,-0.9765184539378087,-0.7076023391812866,0.4240046498111013
86,Non-breeding,0,0.8207497820401044,0.850508573089218,0.1378087765184539,-0.8966579482708513,0.6842105263157894,0.21766928218541118,0.8888695146759662,0.7908747457134552,-0.8966579482708513,-0.6959064327485379,0.9388549840162742
86,Breeding,0,0.5640802092414995,0.8433013658820109,0.20557977332170876,-0.970589944783493,0.6023391812865496,0.4999128160418482,0.9025864574251669,0.07410636442894505,-0.970589944783493,-0.7660818713450293,0.9388549840162742
86,Total,0,0.8183086312118568,0.8571345539087473,0.6009299622202846,-0.9195582679453645,0.6959064327485379,0.44504504504504494,0.9213019471083986,0.6831153734379539,-0.9195582679453645,-0.7309941520467835,0.9388549840162742
87,Non-breeding,0,0.9512932287125834,0.8892182505085728,-0.06631793083405985,-0.9791920953211273,0.28654970760233917,0.26579482708514957,0.9273467015402498,0.8259808195292064,-0.9791920953211273,-0.4619883040935673,0.7649520488230165
87,Breeding,0,0.6942749200813716,0.9042138913106653,0.19197907585004356,-0.9814007555943038,0.08771929824561403,-0.006102877070619005,0.9193257773902933,0.7433304272013949,-0.9814007555943038,-0.7894736842105262,0.7649520488230165
87,Total,0,0.8767800058122638,0.9168846265620457,-0.27102586457425165,-0.9739610578320254,0.08771929824561403,0.06004068584713745,0.9272304562627142,0.7843650101714617,-0.9739610578320254,-0.6842105263157894,0.7649520488230165
88,Non-breeding,0,0.9395524556814877,0.6800929962220283,0.5860505666957279,-0.9808195292066259,0.6023391812865496,0.09177564661435628,0.8677128741644868,0.6528916012786979,-0.9808195292066259,-0.8011695906432749,0.3510026155187445
88,Breeding,0,0.7277535600116244,0.585120604475443,0.2521941296134844,-0.9876780005812262,0.7076023391812866,0.08875326939843067,0.9065387968613774,0.3455390874745713,-0.9876780005812262,-0.9064327485380117,0.3510026155187445
88,Total,0,0.9001453065969193,0.6356873002034291,0.22545771578029639,-0.9862830572507989,0.7426900584795321,0.07468759081662306,0.908979947689625,0.6244115082824759,-0.9862830572507989,-0.8011695906432749,0.3510026155187445
89,Non-breeding,0,0.9659401336820689,0.7690206335367624,0.48154606219122337,-0.9739610578320254,0.5321637426900584,0.045393780877651835,0.9094449287997672,0.39482708514966575,-0.9739610578320254,-0.7543859649122807,0.81214763150247
89,Breeding,0,0.9063063063063062,0.7594885207788432,0.2689334495786108,-0.9754722464399881,0.5672514619883041,0.09956408020924148,0.8813135716361521,0.05341470502760825,-0.9754722464399881,-0.847953216374269,0.81214763150247
89,Total,0,0.9468759081662306,0.8470212147631501,0.5429235687300202,-0.9719848881139201,0.8596491228070176,0.2346410927056088,0.9231618715489681,0.298227259517582,-0.9719848881139201,-0.8245614035087718,0.81214763150247
90,Non-breeding,0,0.9002615518744549,0.8517872711421096,-0.44981110142400454,-0.9753560011624526,0.6023391812865496,-0.015402499273467011,0.9402499273467013,0.8796861377506536,-0.9753560011624526,-0.7894736842105262,0.5007265329845975
90,Breeding,0,0.7102005231037487,0.9002615518744549,-0.03876780005812264,-0.988026736413833,0.8362573099415204,-0.17163615228131351,0.8701540249927345,0.5959314152862538,-0.988026736413833,-0.7894736842105262,0.5007265329845975
90,Total,0,0.7980819529206624,0.9237430979366462,-0.3508863702412089,-0.9848881139203719,0.7192982456140351,-0.1239755884917175,0.9399011915140946,0.8080790467887241,-0.9848881139203719,-0.7543859649122807,0.5007265329845975
91,Non-breeding,0,0.8584132519616389,0.7812263876780005,-0.33263586166811965,-0.973496076721883,0.7309941520467835,-0.297646033129904,0.8809648358035452,0.31392037198488804,-0.973496076721883,-0.6140350877192983,0.8416739319965125
91,Breeding,0,0.8938680616099969,0.5564080209241498,0.5440860215053763,-0.9691950014530658,0.4269005847953216,0.10386515547805868,0.8436501017146176,0.30927056088346405,-0.9691950014530658,-0.6374269005847952,0.8416739319965125
91,Total,0,0.8936355710549257,0.7550712002324904,-0.43911653589072935,-0.9504795117698341,0.6491228070175439,-0.1332752106945655,0.8499273467015401,0.23173496076721878,-0.9504795117698341,-0.5789473684210525,0.8416739319965125
92,Non-breeding,0,0.908979947689625,0.9129322871258354,-0.19349026445800635,-0.958384190642255,0.7076023391812866,0.19476896251089795,0.8914269107817493,0.651729148503342,-0.958384190642255,-0.7660818713450293,0.49433304272013945
92,Breeding,0,0.77146178436501,0.8973554199360649,0.28183667538506246,-0.981633246149375,0.6959064327485379,0.16466143562917754,0.8238884045335657,0.7143853530950304,-0.981633246149375,-0.7777777777777777,0.49433304272013945
92,Total,0,0.8577157802964253,0.9208369659982562,-0.09317058994478349,-0.9721011333914558,0.6608187134502924,0.19546643417611156,0.9137460040685845,0.6922987503632664,-0.9721011333914558,-0.8011695906432749,0.49433304272013945
93,Non-breeding,0,0.956059285091543,0.8503923278116825,0.5306015693112467,-0.961290322580645,0.8362573099415204,0.15757047369950591,0.9054925893635569,0.421214763150247,-0.961290322580645,-0.48538011695906425,0.5679163034001743
93,Breeding,0,0.9213019471083986,0.3479802383028189,0.8036617262423712,-0.9872130194710839,0.6491228070175439,0.5318802673641383,0.8472537053182213,0.3658820110433013,-0.9872130194710839,-0.8596491228070176,0.5679163034001743
93,Total,0,0.9512932287125834,0.6667247893054343,0.63777971519907,-0.9795408311537342,0.7543859649122807,0.3585585585585585,0.8977041557686717,0.3410055216506829,-0.9795408311537342,-0.7894736842105262,0.5679163034001743
94,Non-breeding,0,0.7782040104620749,0.5487358326068003,0.5074687590816622,-0.9643126997965706,0.49707602339181284,0.8587619877942457,0.6960185992444056,0.7072943911653587,-0.9643126997965706,-0.28654970760233917,0.5318802673641383
94,Breeding,0,0.7211275791920951,0.6981110142400463,0.02621331008427782,-0.970589944783493,0.43859649122807015,0.5816332461493751,0.8756175530369077,0.07922115664051146,-0.970589944783493,-0.543859649122807,0.5318802673641383
94,Total,0,0.737169427492008,0.7254286544609124,0.08596338273757627,-0.9588491717523974,0.5555555555555555,0.7247311827956987,0.9142109851787269,0.5353676256902062,-0.9588491717523974,-0.23976608187134502,0.5318802673641383
95,Non-breeding,0,0.9476896251089798,0.7530950305143852,0.6090671316477766,-0.9764022086602729,0.8596491228070176,0.2421970357454228,0.8128451031676837,0.7497239174658528,-0.9764022086602729,-0.4269005847953216,0.8900319674513222
95,Breeding,0,0.8932868352223189,0.7934321418192384,0.4668991572217378,-0.9875617553036905,0.7777777777777777,0.11060738157512348,0.8129613484452193,0.13281022958442312,-0.9875617553036905,-0.6491228070175439,0.8900319674513222
95,Total,0,0.951990700377797,0.7973844812554489,0.7032258064516127,-0.9774484161580933,0.7660818713450293,0.18384190642255155,0.8450450450450449,0.6313862249346119,-0.9774484161580933,-0.49707602339181284,0.8900319674513222
96,Non-breeding,0,0.9618715489683229,0.895611740773031,0.20999709386806156,-0.9597791339726822,0.7426900584795321,-0.07096774193548386,0.8924731182795698,0.789479802383028,-0.9597791339726822,-0.5789473684210525,0.8535309503051437
96,Breeding,0,0.8889857599535017,0.8081952920662597,0.4502760825341469,-0.9877942458587617,0.7076023391812866,0.2600988084859052,0.8370241208950885,0.7436791630340015,-0.9877942458587617,-0.7894736842105262,0.8535309503051437
96,Total,0,0.943853530950305,0.9015402499273465,0.2510316768381284,-0.9751235106073814,0.7192982456140351,0.18616681197326354,0.9152571926765474,0.8394652717233361,-0.9751235106073814,-0.5789473684210525,0.8535309503051437
97,Non-breeding,0,0.939784946236559,0.8429526300494041,0.2781168265039232,-0.9492008137169425,0.6140350877192983,-0.19639639639639636,0.9266492298750362,0.7333333333333332,-0.9492008137169425,-0.7192982456140351,0.8644580063934901
97,Breeding,0,0.8338854984016272,0.8748038360941585,0.5767509444928798,-0.9755884917175237,0.8245614035087718,-0.03946527172333623,0.9353676256902062,0.4303981400755593,-0.9755884917175237,-0.8011695906432749,0.8644580063934901
97,Total,0,0.910142400464981,0.8729439116535889,0.259285091543156,-0.9468759081662306,0.8245614035087718,-0.12990409764603308,0.9362975879104909,0.6487067712874163,-0.9468759081662306,-0.6491228070175439,0.8644580063934901
98,Non-breeding,0,0.9590816623074685,0.5897704155768672,0.7632083696599824,-0.9686137750653877,0.6257309941520467,-0.39226968904388254,0.8971229293809937,-0.09630921243824468,-0.9686137750653877,-0.5321637426900584,0.8117988956698633
98,Breeding,0,0.679628015111886,0.7750653879686136,0.4315605928509153,-0.9891891891891891,0.6959064327485379,-0.27765184539378085,0.8918918918918917,0.481081081081081,-0.9891891891891891,-0.8245614035087718,0.8117988956698633
98,Total,0,0.9324614937518161,0.7455390874745712,0.4267945364719557,-0.9804707933740189,0.7076023391812866,-0.24870677128741642,0.9128160418482998,0.4148212728857889,-0.9804707933740189,-0.6374269005847952,0.8117988956698633
99,Non-breeding,0,0.9063063063063062,0.9109561174077301,0.16768381284510314,-0.9768671897704153,0.6725146198830408,-0.4294681778552745,0.9550130775937226,0.5993025283347864,-0.9768671897704153,-0.6608187134502924,0.8194710839872128
99,Breeding,0,0.7478639930252832,0.9231618715489681,0.24010462074978198,-0.9889566986341178,0.49707602339181284,-0.2641673931996512,0.9142109851787269,0.7503051438535308,-0.9889566986341178,-0.8362573099415204,0.8194710839872128
99,Total,0,0.8910781749491425,0.9496657948270849,0.296483580354548,-0.985353095030514,0.6608187134502924,-0.4414414414414414,0.9561755303690787,0.7190351641964544,-0.985353095030514,-0.8011695906432749,0.8194710839872128
100,Non-breeding,0,0.9401336820691658,0.9501307759372274,0.8114501598372564,-0.9667538506248182,0.7660818713450293,0.702295844231328,0.9485033420517289,0.7949433304272012,-0.9667538506248182,-0.09941520467836257,0.7739029351932576
100,Breeding,0,0.7641383318802671,0.9306015693112466,0.002383028189479802,-0.9847718686428362,0.6959064327485379,-0.3404242952630049,0.9371113048532401,0.8781749491426909,-0.9847718686428362,-0.5087719298245613,0.7739029351932576
100,Total,0,0.9167683812845101,0.9498982853821561,0.1382737576285963,-0.9759372275501305,0.7426900584795321,0.07085149665794825,0.9545480964835802,0.8648067422260969,-0.9759372275501305,-0.21637426900584794,0.7739029351932576
