Realisation number,Variable,index,Lag-1 AC,Lag-2 AC,Coefficient of variation,Kurtosis,Smax/Var,Lag-3 AC,Variance,Standard deviation,Skewness,Smax,Cross correlation
1,Non-breeding,0,0.9084628670120898,0.7543177892918826,0.974309153713299,0.030008635578583766,0.7578947368421053,0.12780656303972365,-0.4284326424870466,-0.4284326424870466,-0.5477115716753023,0.4105263157894737,0.9265975820379966
1,Breeding,0,0.9040371329879102,0.7495682210708118,0.8047279792746114,0.5311960276338515,0.631578947368421,-0.5718911917098446,-0.9857512953367875,-0.9857512953367875,0.4901770293609672,-0.631578947368421,0.9265975820379966
1,Total,0,0.9749568221070811,0.8252374784110535,0.9653497409326425,0.7149179620034543,0.8210526315789474,0.19732297063903284,-0.786917098445596,-0.786917098445596,0.2182642487046632,0.3263157894736842,0.9265975820379966
2,Non-breeding,0,0.93566493955095,0.929080310880829,0.969775474956822,-0.537025043177893,0.7894736842105264,0.7760146804835925,-0.7652202072538861,-0.7652202072538861,-0.05580742659758204,0.45263157894736844,0.9102979274611399
2,Breeding,0,0.9297279792746115,0.7966321243523317,0.6475604490500864,0.2384499136442142,0.8315789473684211,0.5002158894645942,-0.9725820379965459,-0.9725820379965459,0.3376511226252159,-0.6210526315789474,0.9102979274611399
2,Total,0,0.9606001727115717,0.8843911917098446,0.9395509499136443,-0.052353195164076,0.7894736842105264,0.780440414507772,-0.9274611398963731,-0.9274611398963731,0.06530656303972367,0.23157894736842105,0.9102979274611399
3,Non-breeding,0,0.9050086355785838,0.8041882556131261,0.9670768566493956,0.22841105354058722,0.4631578947368421,0.5568868739205527,-0.9265975820379966,-0.9265975820379966,-0.07869170984455959,-0.5578947368421052,0.8339810017271158
3,Breeding,0,0.9152633851468049,0.8671200345423143,0.6522020725388601,0.48801813471502586,0.37894736842105264,-0.14669689119170987,-0.9666450777202071,-0.9666450777202071,0.4964378238341969,-0.8947368421052632,0.8339810017271158
3,Total,0,0.9768998272884283,0.8633419689119172,0.9095423143350605,0.40252590673575134,0.7052631578947369,0.3375431778929188,-0.9584412780656304,-0.9584412780656304,0.36744386873920554,-0.7473684210526316,0.8339810017271158
4,Non-breeding,0,0.9452720207253887,0.8143350604490501,0.9032815198618308,0.23672279792746115,0.6210526315789474,0.6848013816925734,-0.6580310880829016,-0.6580310880829016,-0.7049870466321244,0.23157894736842105,0.8439119170984457
4,Breeding,0,0.9083549222797928,0.8153065630397237,0.6260794473229706,0.10276338514680484,0.7894736842105264,0.4049006908462867,-0.9733376511226253,-0.9733376511226253,0.352979274611399,-0.8421052631578948,0.8439119170984457
4,Total,0,0.9708549222797929,0.8496329879101899,0.8395941278065631,0.017271157167530228,0.8315789473684211,0.38806131260794474,-0.9014464594127807,-0.9014464594127807,0.20207253886010362,0.17894736842105263,0.8439119170984457
5,Non-breeding,0,0.7455742659758203,0.6473445595854922,0.9119170984455959,-0.6498272884283247,0.6842105263157895,0.570811744386874,-0.5888385146804836,-0.5888385146804836,-0.40932642487046633,0.5052631578947369,0.8619386873920554
5,Breeding,0,0.9637305699481866,0.6305051813471503,0.7139464594127807,-0.17962003454231434,0.6631578947368422,0.48553540587219346,-0.9822970639032814,-0.9822970639032814,-0.14507772020725387,-0.631578947368421,0.8619386873920554
5,Total,0,0.986183074265976,0.7208549222797928,0.8988557858376511,-0.4614637305699482,0.8210526315789474,0.6189550949913644,-0.9174222797927462,-0.9174222797927462,-0.2544257340241796,0.4105263157894737,0.8619386873920554
6,Non-breeding,0,0.9217400690846287,0.9305915371329879,0.9380397236614854,-0.12694300518134713,0.5684210526315789,0.9246545768566494,-0.8218911917098446,-0.8218911917098446,0.26198186528497414,0.19999999999999998,0.9136442141623489
6,Breeding,0,0.8228626943005182,0.6542530224525044,0.37607944732297066,-0.26208981001727116,0.7999999999999999,0.048683074265975824,-0.9773316062176166,-0.9773316062176166,-0.23726252158894645,-0.8210526315789474,0.9136442141623489
6,Total,0,0.9586571675302247,0.9164507772020726,0.9512089810017272,-0.09812176165803109,0.8526315789473685,0.48143350604490504,-0.9229274611398964,-0.9229274611398964,-0.4489421416234888,0.3684210526315789,0.9136442141623489
7,Non-breeding,0,0.863126079447323,0.8374352331606217,0.9308074265975821,0.6256476683937824,0.6947368421052632,0.8177892918825561,-0.8516839378238342,-0.8516839378238342,-0.6310449050086356,0.1368421052631579,0.7301381692573403
7,Breeding,0,0.9092184801381693,0.4531519861830743,0.807426597582038,0.9179620034542315,0.6842105263157895,0.10395077720207255,-0.9720423143350606,-0.9720423143350606,0.7004533678756477,-0.8421052631578948,0.7301381692573403
7,Total,0,0.952720207253886,0.8290155440414507,0.9128886010362695,0.7946891191709845,0.6736842105263158,0.7023963730569949,-0.9332901554404146,-0.9332901554404146,-0.1157167530224525,0.031578947368421054,0.7301381692573403
8,Non-breeding,0,0.9412780656303973,0.5915371329879102,0.9657815198618309,-0.358052677029361,0.7157894736842105,0.5835492227979274,-0.8979922279792747,-0.8979922279792747,-0.40360535405872194,-0.23157894736842105,0.8119602763385146
8,Breeding,0,0.9185017271157168,0.5406951640759932,-0.045768566493955096,-0.022884283246977548,0.7999999999999999,-0.19354490500863558,-0.9843480138169257,-0.9843480138169257,0.11776770293609673,-0.8526315789473685,0.8119602763385146
8,Total,0,0.9567141623488773,0.6804835924006908,0.9060880829015544,0.0028065630397236616,0.8105263157894737,0.33991796200345425,-0.944300518134715,-0.944300518134715,0.2772020725388601,-0.5578947368421052,0.8119602763385146
9,Non-breeding,0,0.9636226252158895,0.923791018998273,0.9722582037996547,0.15155440414507773,0.7999999999999999,0.7288428324697754,-0.9010146804835925,-0.9010146804835925,-0.03551381692573402,0.45263157894736844,0.8306347150259068
9,Breeding,0,0.8347366148531952,0.8543825561312608,0.6068652849740932,-0.10254749568221071,0.4736842105263158,0.8052677029360967,-0.9783031088082901,-0.9783031088082901,-0.16936528497409328,-0.8421052631578948,0.8306347150259068
9,Total,0,0.9649179620034544,0.9381476683937824,0.8973445595854923,-0.17227979274611402,0.8526315789473685,0.8558937823834197,-0.9024179620034543,-0.9024179620034543,-0.5022668393782384,0.24210526315789474,0.8306347150259068
10,Non-breeding,0,0.9120250431778929,0.810772884283247,0.9416018998272886,0.08300949913644215,0.6736842105263158,0.17487046632124353,-0.9020941278065631,-0.9020941278065631,-0.2384499136442142,-0.06315789473684211,0.8697107081174439
10,Breeding,0,0.9260578583765113,0.8859024179620035,0.3789939550949914,0.800518134715026,0.38947368421052636,0.3457469775474957,-0.9839162348877376,-0.9839162348877376,-0.06681778929188256,-0.9157894736842106,0.8697107081174439
10,Total,0,0.9738773747841105,0.9332901554404146,0.9208765112262521,0.7571243523316062,0.6105263157894737,0.024935233160621764,-0.9563903281519863,-0.9563903281519863,-0.3313903281519862,-0.4631578947368421,0.8697107081174439
11,Non-breeding,0,0.8875215889464595,0.5519214162348878,0.9557426597582038,0.5989853195164077,0.7157894736842105,0.26068652849740936,-0.9552029360967186,-0.9552029360967186,-0.1971070811744387,-0.24210526315789474,0.8401338514680484
11,Breeding,0,0.8479058721934369,0.5320595854922281,0.7723445595854922,0.7588514680483592,0.6421052631578947,0.636981865284974,-0.9838082901554405,-0.9838082901554405,-0.06336355785837652,-0.8210526315789474,0.8401338514680484
11,Total,0,0.9176381692573403,0.5832253886010363,0.9278929188255614,-0.05656303972366149,0.7263157894736842,0.6360103626943006,-0.8738126079447324,-0.8738126079447324,-0.1940846286701209,-0.5263157894736842,0.8401338514680484
12,Non-breeding,0,0.9558506044905007,0.8302029360967185,0.9652417962003453,-0.5875431778929188,0.8421052631578948,0.8441278065630398,-0.358160621761658,-0.358160621761658,0.6178756476683939,0.7578947368421053,0.9484024179620035
12,Breeding,0,0.9494818652849741,0.844667530224525,0.7310017271157168,0.26349309153713296,0.7578947368421053,0.7823834196891192,-0.9849956822107082,-0.9849956822107082,0.2518350604490501,-0.7999999999999999,0.9484024179620035
12,Total,0,0.967724525043178,0.903821243523316,0.957901554404145,-0.2411485319516408,0.7999999999999999,0.8408894645941278,-0.9114853195164077,-0.9114853195164077,-0.0705958549222798,0.6105263157894737,0.9484024179620035
13,Non-breeding,0,0.9709628670120898,0.5575345423143351,0.9915803108808291,0.6276986183074267,0.7263157894736842,-0.4685880829015544,-0.927353195164076,-0.927353195164076,0.5805267702936098,0.4842105263157895,0.834412780656304
13,Breeding,0,0.9462435233160622,0.4606001727115717,0.8275043177892919,0.6197107081174439,0.8736842105263158,-0.020941278065630398,-0.9827288428324699,-0.9827288428324699,0.7197754749568221,-0.7368421052631579,0.834412780656304
13,Total,0,0.9805699481865287,0.5250431778929189,0.9506692573402419,0.7117875647668394,0.9052631578947369,0.08721934369602764,-0.9091105354058723,-0.9091105354058723,0.4969775474956822,0.4631578947368421,0.834412780656304
14,Non-breeding,0,0.9548791018998274,0.8469343696027634,0.9726899827288428,-0.3055915371329879,0.9368421052631579,0.7191278065630397,-0.9159110535405872,-0.9159110535405872,0.3338730569948187,0.7789473684210527,0.8719775474956822
14,Breeding,0,0.9265975820379966,0.7642487046632125,0.8742443868739206,0.6346070811744386,0.6736842105263158,0.4897452504317789,-0.9794905008635578,-0.9794905008635578,0.31509067357512954,-0.6631578947368422,0.8719775474956822
14,Total,0,0.9789507772020726,0.9518566493955096,0.9729058721934369,-0.19937392055267703,0.8210526315789474,0.4937392055267703,-0.9575777202072538,-0.9575777202072538,0.2123272884283247,0.3263157894736842,0.8719775474956822
15,Non-breeding,0,0.9098661485319516,0.699373920552677,0.922279792746114,0.2754749568221071,0.6526315789473685,0.7838946459412781,-0.8258851468048359,-0.8258851468048359,0.5684369602763386,0.24210526315789474,0.7166450777202072
15,Breeding,0,0.878346286701209,0.7856217616580311,0.3545984455958549,-0.43944300518134716,0.6421052631578947,0.08085060449050087,-0.9834844559585492,-0.9834844559585492,0.4588730569948187,-0.6000000000000001,0.7166450777202072
15,Total,0,0.9479706390328152,0.7687823834196892,0.6948402417962003,-0.7353195164075994,0.7999999999999999,0.35556994818652854,-0.864961139896373,-0.864961139896373,0.6386010362694301,0.031578947368421054,0.7166450777202072
16,Non-breeding,0,0.9534758203799655,0.6332037996545768,0.9267055267702936,-0.07825993091537133,0.45263157894736844,0.8810449050086356,-0.528605354058722,-0.528605354058722,-0.37737478411053543,0.15789473684210525,0.7560449050086356
16,Breeding,0,0.7937176165803109,0.7799006908462868,0.6729274611398964,-0.0454447322970639,0.5684210526315789,0.8066709844559586,-0.9793825561312609,-0.9793825561312609,0.16645077720207255,-0.8105263157894737,0.7560449050086356
16,Total,0,0.9067357512953369,0.7751511226252159,0.8779145077720207,-0.32523747841105355,0.631578947368421,0.8542746113989638,-0.9045768566493956,-0.9045768566493956,-0.2823834196891192,-0.22105263157894736,0.7560449050086356
17,Non-breeding,0,0.8365716753022453,0.6356865284974094,0.8778065630397237,0.481325561312608,0.4736842105263158,0.288860103626943,-0.9159110535405872,-0.9159110535405872,0.2876727115716753,-0.25263157894736843,0.5902417962003454
17,Breeding,0,0.8371113989637305,0.518566493955095,0.7443868739205527,0.6735751295336788,0.6631578947368422,0.6560880829015544,-0.98639896373057,-0.98639896373057,0.42594991364421414,-0.7578947368421053,0.5902417962003454
17,Total,0,0.8786701208981003,0.7339162348877375,0.8707901554404145,0.5437176165803109,0.8421052631578948,0.6601899827288429,-0.9484024179620035,-0.9484024179620035,0.36452936096718486,-0.7368421052631579,0.5902417962003454
18,Non-breeding,0,0.941062176165803,0.7067141623488774,0.9604922279792746,0.6142055267702937,0.5894736842105264,0.5722150259067358,-0.8676597582037996,-0.8676597582037996,-0.12284110535405873,-0.24210526315789474,0.9318868739205528
18,Breeding,0,0.9202288428324699,0.5181347150259068,0.8836355785837652,0.5698402417962004,0.5473684210526316,0.5195379965457686,-0.9840241796200345,-0.9840241796200345,0.44958981001727116,-0.8736842105263158,0.9318868739205528
18,Total,0,0.9694516407599311,0.7571243523316062,0.9765759930915373,-0.016191709844559588,0.6631578947368422,0.6844775474956822,-0.9397668393782384,-0.9397668393782384,-0.5032383419689119,-0.5789473684210527,0.9318868739205528
19,Non-breeding,0,0.9596286701208981,0.7764464594127807,0.9693436960276339,0.10880829015544043,0.6631578947368422,-0.246545768566494,-0.9123488773747841,-0.9123488773747841,-0.1349309153713299,-0.17894736842105263,0.5656303972366148
19,Breeding,0,0.9246545768566494,0.45444732297063906,0.6636442141623489,-0.01543609671848014,0.631578947368421,-0.6939766839378239,-0.9751727115716754,-0.9751727115716754,0.3949697754749568,-0.7263157894736842,0.5656303972366148
19,Total,0,0.9676165803108808,0.707793609671848,0.8670120898100173,-0.32091968911917096,0.6842105263157895,-0.4521804835924007,-0.9601683937823834,-0.9601683937823834,0.36053540587219346,-0.3368421052631579,0.5656303972366148
20,Non-breeding,0,0.8780224525043179,0.4119170984455959,0.8663644214162349,-0.4277849740932642,0.5578947368421052,-0.0048575129533678756,-0.621545768566494,-0.621545768566494,-0.3740284974093264,0.2105263157894737,0.6624568221070812
20,Breeding,0,0.8701424870466321,0.35697322970639034,0.1633203799654577,0.4772236614853195,0.6000000000000001,-0.11852331606217616,-0.988126079447323,-0.988126079447323,0.048683074265975824,-0.8421052631578948,0.6624568221070812
20,Total,0,0.9300518134715026,0.8680915371329879,0.7288428324697754,-0.2539939550949914,0.5578947368421052,0.31595423143350604,-0.9365284974093264,-0.9365284974093264,-0.14842400690846289,-0.631578947368421,0.6624568221070812
21,Non-breeding,0,0.9165587219343696,0.7542098445595855,0.9196891191709845,-0.08948618307426598,0.7052631578947369,-0.1920336787564767,-0.8693868739205527,-0.8693868739205527,-0.6962435233160622,0.39999999999999997,0.8773747841105354
21,Breeding,0,0.9368523316062177,0.31465889464594127,0.7943652849740933,0.2858376511226252,0.8315789473684211,0.3636658031088083,-0.9810017271157168,-0.9810017271157168,-0.1944084628670121,-0.6842105263157895,0.8773747841105354
21,Total,0,0.9627590673575129,0.9031735751295338,0.9484024179620035,-0.4330742659758204,0.7578947368421053,0.2862694300518135,-0.9275690846286702,-0.9275690846286702,-0.6078367875647668,0.2631578947368421,0.8773747841105354
22,Non-breeding,0,0.9720423143350606,0.9336139896373057,0.979814335060449,0.49611398963730574,0.5473684210526316,0.7959844559585493,-0.6774611398963731,-0.6774611398963731,0.3977763385146805,0.28421052631578947,0.8854706390328152
22,Breeding,0,0.9382556131260795,0.6173359240069085,0.7691062176165804,0.4328583765112263,0.35789473684210527,0.6568436960276339,-0.9748488773747842,-0.9748488773747842,0.6517702936096719,-0.9157894736842106,0.8854706390328152
22,Total,0,0.9791666666666666,0.8881692573402418,0.9457037996545768,-0.3338730569948187,0.6210526315789474,0.397020725388601,-0.802461139896373,-0.802461139896373,0.5694084628670121,-0.15789473684210525,0.8854706390328152
23,Non-breeding,0,0.9539075993091537,0.8786701208981003,0.9583333333333334,0.4119170984455959,0.6210526315789474,0.028065630397236616,-0.9550949913644214,-0.9550949913644214,0.32070379965457685,-0.6947368421052632,0.8266407599309153
23,Breeding,0,0.8754317789291883,0.17508635578583767,0.7480569948186528,0.5433937823834197,0.6000000000000001,-0.3086139896373057,-0.989961139896373,-0.989961139896373,0.3475820379965458,-0.9368421052631579,0.8266407599309153
23,Total,0,0.924006908462867,0.6559801381692574,0.9436528497409326,0.47463298791019004,0.7052631578947369,-0.006044905008635579,-0.9820811744386874,-0.9820811744386874,0.05850604490500864,-0.6631578947368422,0.8266407599309153
24,Non-breeding,0,0.9183937823834196,0.7518350604490501,0.9300518134715026,-0.47279792746113997,0.5789473684210527,0.7977115716753023,-0.8036485319516408,-0.8036485319516408,-0.25313039723661485,-0.052631578947368425,0.5197538860103627
24,Breeding,0,0.893350604490501,0.7457901554404145,0.195919689119171,-0.030332469775474956,0.11578947368421053,0.30094991364421414,-0.9773316062176166,-0.9773316062176166,0.6441062176165803,-0.9157894736842106,0.5197538860103627
24,Total,0,0.9643782383419689,0.7765544041450777,0.601252158894646,-0.34132124352331605,0.4842105263157895,0.6797279792746115,-0.9304835924006908,-0.9304835924006908,0.27925302245250433,-0.5894736842105264,0.5197538860103627
25,Non-breeding,0,0.9553108808290155,0.8271804835924007,0.9853195164075994,0.550518134715026,0.8105263157894737,0.4802461139896373,-0.9427892918825561,-0.9427892918825561,0.2158894645941278,0.2105263157894737,0.8921632124352332
25,Breeding,0,0.8398100172711571,0.6804835924006908,0.7471934369602764,0.6678540587219344,0.7263157894736842,-0.028821243523316064,-0.977871329879102,-0.977871329879102,0.2285189982728843,-0.7894736842105264,0.8921632124352332
25,Total,0,0.966213298791019,0.8704663212435234,0.9688039723661486,0.7016407599309153,0.7473684210526316,0.41256476683937826,-0.9394430051813472,-0.9394430051813472,-0.09952504317789292,-0.0736842105263158,0.8921632124352332
26,Non-breeding,0,0.9360967184801382,0.9274611398963731,0.9706390328151986,0.4640544041450777,0.7578947368421053,0.21794041450777205,-0.878346286701209,-0.878346286701209,-0.1731433506044905,0.4421052631578947,0.7569084628670122
26,Breeding,0,0.8685233160621761,0.8449913644214163,0.7704015544041452,0.7462219343696028,0.6842105263157895,0.46513385146804836,-0.9911485319516408,-0.9911485319516408,0.060125215889464595,-0.7473684210526316,0.7569084628670122
26,Total,0,0.954447322970639,0.9269214162348878,0.9625431778929189,0.7495682210708118,0.7052631578947369,0.4625431778929188,-0.9680483592400692,-0.9680483592400692,-0.3338730569948187,-0.3263157894736842,0.7569084628670122
27,Non-breeding,0,0.6897668393782384,0.5998488773747842,0.9467832469775475,-0.17087651122625216,-0.052631578947368425,-0.05872193436960277,-0.9317789291882557,-0.9317789291882557,0.5249352331606219,-0.8421052631578948,0.34034974093264253
27,Breeding,0,0.6767055267702936,0.25852763385146804,0.6528497409326426,0.45196459412780654,0.3368421052631579,0.16504749568221072,-0.9880181347150259,-0.9880181347150259,0.16753022452504318,-0.8631578947368421,0.34034974093264253
27,Total,0,0.915695164075993,0.7193436960276339,0.8636658031088084,0.28670120898100176,0.052631578947368425,0.3430483592400691,-0.9571459412780656,-0.9571459412780656,0.03594559585492228,-0.6947368421052632,0.34034974093264253
28,Non-breeding,0,0.9492659758203801,0.8334412780656304,0.9400906735751295,0.7779576856649396,0.7999999999999999,0.22247409326424872,-0.8840673575129534,-0.8840673575129534,-0.39993523316062174,0.4105263157894737,0.9412780656303973
28,Breeding,0,0.9363126079447323,0.7815198618307426,0.8099093264248706,0.8378670120898101,0.8842105263157894,0.6043825561312608,-0.9813255613126081,-0.9813255613126081,0.6926813471502591,-0.8526315789473685,0.9412780656303973
28,Total,0,0.9739853195164077,0.9023100172711572,0.9692357512953368,0.9046848013816926,0.8736842105263158,0.7574481865284974,-0.8903281519861831,-0.8903281519861831,-0.2598229706390328,0.3473684210526316,0.9412780656303973
29,Non-breeding,0,0.9416018998272886,0.7905872193436961,0.9540155440414508,-0.6204663212435234,0.7263157894736842,0.6054620034542314,-0.9004749568221072,-0.9004749568221072,-0.5515975820379966,0.010526315789473684,0.6727115716753023
29,Breeding,0,0.901986183074266,0.7063903281519862,0.8643134715025907,0.4375,0.6421052631578947,0.7088730569948187,-0.9819732297063904,-0.9819732297063904,-0.2781735751295337,-0.6526315789473685,0.6727115716753023
29,Total,0,0.9548791018998274,0.906951640759931,0.9201208981001727,-0.18965889464594127,0.768421052631579,0.7949050086355786,-0.9475388601036271,-0.9475388601036271,-0.10233160621761658,-0.28421052631578947,0.6727115716753023
30,Non-breeding,0,0.9519645941278065,0.8317141623488774,0.9730138169257341,0.4300518134715026,0.8736842105263158,0.6268350604490501,-0.6447538860103628,-0.6447538860103628,-0.7247409326424871,0.8210526315789474,0.9212003454231434
30,Breeding,0,0.9431131260794473,0.6914939550949915,0.6593264248704663,0.13395941278065632,0.7368421052631579,0.440846286701209,-0.9812176165803108,-0.9812176165803108,-0.5158678756476685,-0.7473684210526316,0.9212003454231434
30,Total,0,0.9800302245250431,0.9409542314335061,0.9113773747841106,0.10977979274611399,0.7473684210526316,0.39669689119170987,-0.8760794473229706,-0.8760794473229706,-0.820811744386874,0.3684210526315789,0.9212003454231434
31,Non-breeding,0,0.9580094991364422,0.5646588946459413,0.9854274611398963,0.4828367875647669,0.8736842105263158,0.7427677029360967,-0.7930699481865285,-0.7930699481865285,0.5589378238341969,0.7473684210526316,0.9119170984455959
31,Breeding,0,0.888385146804836,0.7029360967184801,0.8863341968911918,0.40274179620034545,0.6736842105263158,0.6837219343696028,-0.9727979274611399,-0.9727979274611399,0.5778281519861831,-0.8526315789473685,0.9119170984455959
31,Total,0,0.9601683937823834,0.873380829015544,0.9776554404145078,0.03475820379965457,0.8947368421052632,0.8286917098445596,-0.9084628670120898,-0.9084628670120898,0.7944732297063903,0.5894736842105264,0.9119170984455959
32,Non-breeding,0,0.9550949913644214,0.8959412780656304,0.9604922279792746,-0.5895941278065631,0.7157894736842105,0.5377806563039723,-0.7180483592400692,-0.7180483592400692,-0.341213298791019,0.5368421052631579,0.7912348877374784
32,Breeding,0,0.8547063903281521,0.667206390328152,0.7629533678756477,-0.18339810017271158,0.35789473684210527,0.6173359240069085,-0.9788428324697755,-0.9788428324697755,-0.5297927461139897,-0.8315789473684211,0.7912348877374784
32,Total,0,0.9671848013816927,0.7564766839378239,0.9093264248704663,-0.538860103626943,0.7578947368421053,0.6243523316062176,-0.9039291882556131,-0.9039291882556131,-0.7234455958549223,-0.2947368421052632,0.7912348877374784
33,Non-breeding,0,0.9134283246977547,0.7749352331606219,0.9894214162348877,-0.11582469775474957,0.8210526315789474,0.6815630397236615,-0.8779145077720207,-0.8779145077720207,0.5403713298791019,0.5368421052631579,0.8626943005181347
33,Breeding,0,0.927245250431779,0.48445595854922285,0.6927892918825562,0.4421416234887737,0.768421052631579,0.4980569948186529,-0.9838082901554405,-0.9838082901554405,0.7487046632124352,-0.8315789473684211,0.8626943005181347
33,Total,0,0.9729058721934369,0.9081390328151987,0.9676165803108808,0.3890328151986183,0.8526315789473685,0.8270725388601037,-0.9632987910189983,-0.9632987910189983,0.7149179620034543,0.12631578947368421,0.8626943005181347
34,Non-breeding,0,0.7879965457685665,-0.17994386873920554,0.967724525043178,0.3424006908462867,0.3368421052631579,-0.231433506044905,-0.9599525043177893,-0.9599525043177893,-0.13784542314335063,-0.6526315789473685,0.6291018998272885
34,Breeding,0,0.572754749568221,0.5357297063903282,0.461139896373057,0.5235319516407599,0.4631578947368421,-0.007664075993091537,-0.9843480138169257,-0.9843480138169257,-0.2616580310880829,-0.9052631578947369,0.6291018998272885
34,Total,0,0.8182210708117443,0.6109671848013817,0.9192573402417962,0.14842400690846289,0.6421052631578947,-0.12208549222797928,-0.9678324697754749,-0.9678324697754749,-0.07599309153713299,-0.6736842105263158,0.6291018998272885
35,Non-breeding,0,0.9562823834196892,0.8782383419689119,0.9789507772020726,0.16483160621761658,0.7999999999999999,0.7743955094991365,-0.7856217616580311,-0.7856217616580311,0.10632556131260794,0.4631578947368421,0.9075993091537133
35,Breeding,0,0.937607944732297,0.12122193436960275,0.6409758203799655,-0.27946891191709844,0.7894736842105264,-0.3370034542314335,-0.986183074265976,-0.986183074265976,0.009067357512953367,-0.8210526315789474,0.9075993091537133
35,Total,0,0.9776554404145078,0.7713730569948187,0.9431131260794473,-0.054512089810017275,0.8947368421052632,0.4828367875647669,-0.9339378238341969,-0.9339378238341969,0.18771588946459414,0.37894736842105264,0.9075993091537133
36,Non-breeding,0,0.888385146804836,0.7232297063903282,0.9294041450777203,-0.29533678756476683,0.5789473684210527,0.21189550949913646,-0.8540587219343696,-0.8540587219343696,-0.19181778929188256,-0.5578947368421052,0.7732081174438687
36,Breeding,0,0.9149395509499137,0.5267702936096719,0.6116148531951641,0.5275259067357513,0.5894736842105264,0.2344559585492228,-0.9880181347150259,-0.9880181347150259,0.5751295336787565,-0.8947368421052632,0.7732081174438687
36,Total,0,0.9553108808290155,0.6272668393782384,0.9011226252158895,0.03044041450777202,0.7052631578947369,0.3687392055267703,-0.9708549222797929,-0.9708549222797929,0.4297279792746114,-0.6842105263157895,0.7732081174438687
37,Non-breeding,0,0.9348013816925734,0.5926165803108809,0.9642702936096719,0.6606217616580311,0.768421052631579,0.8558937823834197,-0.8026770293609673,-0.8026770293609673,-0.403713298791019,0.3473684210526316,0.7828151986183074
37,Breeding,0,0.8561096718480139,0.36237046632124353,-0.10297927461139897,0.2001295336787565,0.4631578947368421,0.6965673575129534,-0.989961139896373,-0.989961139896373,0.41591105354058727,-0.8631578947368421,0.7828151986183074
37,Total,0,0.9475388601036271,0.6964594127806564,0.8606433506044906,0.025798791018998277,0.7263157894736842,0.8461787564766841,-0.9665371329879102,-0.9665371329879102,0.30915371329879104,-0.631578947368421,0.7828151986183074
38,Non-breeding,0,0.8836355785837652,0.7751511226252159,0.9733376511226253,0.40835492227979275,0.6842105263157895,0.5658462867012091,-0.8474740932642487,-0.8474740932642487,0.44548791018998274,-0.37894736842105264,0.9043609671848014
38,Breeding,0,0.8187607944732297,0.6281303972366149,0.7681347150259068,0.5484671848013817,0.49473684210526314,0.5666018998272885,-0.9835924006908463,-0.9835924006908463,0.48089378238341973,-0.8210526315789474,0.9043609671848014
38,Total,0,0.9332901554404146,0.7521588946459413,0.9259499136442142,0.4416018998272884,0.631578947368421,0.5935880829015544,-0.9253022452504318,-0.9253022452504318,0.5240716753022453,-0.6736842105263158,0.9043609671848014
39,Non-breeding,0,0.9705310880829017,0.9004749568221072,0.9786269430051813,0.20444732297063903,0.7157894736842105,0.8741364421416236,-0.8367875647668395,-0.8367875647668395,0.6748704663212436,0.5263157894736842,0.886981865284974
39,Breeding,0,0.9683721934369602,0.6423791018998273,0.9033894645941278,0.8789939550949915,0.6736842105263158,0.8721934369602764,-0.982836787564767,-0.982836787564767,-0.8380829015544042,-0.6526315789473685,0.886981865284974
39,Total,0,0.9844559585492229,0.8779145077720207,0.974525043177893,0.7504317789291882,0.7368421052631579,0.8922711571675302,-0.9199050086355787,-0.9199050086355787,-0.7562607944732297,0.3684210526315789,0.886981865284974
40,Non-breeding,0,0.9494818652849741,0.3265328151986183,0.8701424870466321,-0.36021157167530227,0.5684210526315789,0.2750431778929188,-0.7710492227979274,-0.7710492227979274,0.04943868739205527,0.10526315789473685,0.7912348877374784
40,Breeding,0,0.9297279792746115,0.6332037996545768,0.7151338514680484,0.432426597582038,0.6842105263157895,0.17616580310880828,-0.9860751295336787,-0.9860751295336787,0.26759499136442144,-0.8947368421052632,0.7912348877374784
40,Total,0,0.9545552677029361,0.6038428324697755,0.8698186528497409,0.25852763385146804,0.7157894736842105,0.5,-0.9548791018998274,-0.9548791018998274,0.5138169257340242,-0.6000000000000001,0.7912348877374784
41,Non-breeding,0,0.9608160621761659,0.8291234887737479,0.9050086355785838,0.2654360967184802,0.8421052631578948,0.8718696027633852,-0.8421848013816926,-0.8421848013816926,-0.1687176165803109,0.25263157894736843,0.5530008635578584
41,Breeding,0,0.8618307426597582,0.7426597582037997,0.12111398963730571,0.6375215889464595,0.7999999999999999,0.7461139896373058,-0.9849956822107082,-0.9849956822107082,-0.2692141623488774,-0.8947368421052632,0.5530008635578584
41,Total,0,0.9364205526770294,0.8331174438687392,0.7506476683937825,-0.2828151986183074,0.8736842105263158,0.8653929188255614,-0.9082469775474957,-0.9082469775474957,-0.4745250431778929,-0.6947368421052632,0.5530008635578584
42,Non-breeding,0,0.9088946459412781,0.4774395509499137,0.8961571675302246,-0.7271157167530224,0.5263157894736842,0.8236183074265976,-0.9078151986183075,-0.9078151986183075,0.297387737478411,-0.2105263157894737,0.6747625215889466
42,Breeding,0,0.937607944732297,0.6347150259067358,0.5356217616580311,-0.14842400690846289,0.5157894736842106,0.8535189982728844,-0.9884499136442142,-0.9884499136442142,0.48154145077720206,-0.9263157894736842,0.6747625215889466
42,Total,0,0.9634067357512954,0.49136442141623493,0.8197322970639034,-0.5429620034542315,0.4736842105263158,0.9209844559585493,-0.9656735751295338,-0.9656735751295338,0.44851036269430056,-0.7789473684210527,0.6747625215889466
43,Non-breeding,0,0.9217400690846287,0.7892918825561314,0.9707469775474957,0.4356649395509499,0.8210526315789474,0.7150259067357513,-0.7992227979274612,-0.7992227979274612,-0.721178756476684,0.39999999999999997,0.6499352331606217
43,Breeding,0,0.9163428324697755,0.41914939550949915,0.8797495682210708,-0.1734671848013817,0.6105263157894737,0.6938687392055268,-0.9777633851468048,-0.9777633851468048,-0.07221502590673574,-0.35789473684210527,0.6499352331606217
43,Total,0,0.9597366148531953,0.594451640759931,0.9319948186528498,-0.3909758203799654,0.7368421052631579,0.8080742659758204,-0.8741364421416236,-0.8741364421416236,-0.6157167530224525,0.30526315789473685,0.6499352331606217
44,Non-breeding,0,0.9378238341968912,0.7746113989637305,0.9614637305699483,0.05548359240069085,0.7052631578947369,0.7631692573402419,-0.9094343696027635,-0.9094343696027635,-0.5659542314335061,-0.35789473684210527,0.749784110535406
44,Breeding,0,0.8589162348877375,0.5354058721934369,0.4494818652849741,0.6328799654576857,0.6000000000000001,0.586139896373057,-0.991472366148532,-0.991472366148532,-0.057426597582038,-0.9157894736842106,0.749784110535406
44,Total,0,0.9445164075993091,0.7923143350604491,0.9102979274611399,0.3508203799654577,0.6842105263157895,0.7687823834196892,-0.9732297063903281,-0.9732297063903281,-0.05008635578583766,-0.4842105263157895,0.749784110535406
45,Non-breeding,0,0.8806131260794473,0.5509499136442142,0.8001943005181348,-0.7152417962003454,0.5157894736842106,0.820703799654577,-0.8561096718480139,-0.8561096718480139,0.38860103626943004,-0.11578947368421053,0.6069732297063904
45,Breeding,0,0.9236830742659758,0.7275474956822107,0.16137737478411052,-0.2879965457685665,0.6842105263157895,0.6843696027633852,-0.9805699481865287,-0.9805699481865287,0.23035405872193437,-0.7578947368421053,0.6069732297063904
45,Total,0,0.9661053540587219,0.783678756476684,0.505073402417962,-0.4885578583765113,0.7368421052631579,0.8018134715025907,-0.9441925734024179,-0.9441925734024179,0.053216753022452504,-0.4105263157894737,0.6069732297063904
46,Non-breeding,0,0.9518566493955096,0.6379533678756477,0.8956174438687393,0.09585492227979275,0.8631578947368421,0.8592400690846287,-0.9072754749568221,-0.9072754749568221,0.16018998272884286,0.4421052631578947,0.917098445595855
46,Breeding,0,0.9253022452504318,0.8855785837651122,0.6286701208981003,0.36798359240069084,0.8947368421052632,0.8556778929188256,-0.9812176165803108,-0.9812176165803108,0.7103842832469776,-0.8105263157894737,0.917098445595855
46,Total,0,0.9711787564766841,0.8622625215889465,0.9413860103626942,0.04835924006908463,0.8947368421052632,0.9216321243523317,-0.9603842832469777,-0.9603842832469777,0.5377806563039723,0.43157894736842106,0.917098445595855
47,Non-breeding,0,0.9045768566493956,0.7589594127806563,0.9709628670120898,0.5400474956822107,0.6842105263157895,0.542098445595855,-0.8353842832469777,-0.8353842832469777,-0.4317789291882556,-0.042105263157894736,0.6409758203799655
47,Breeding,0,0.9158031088082902,0.6689335060449051,0.721286701208981,0.6343911917098446,0.6842105263157895,0.7800086355785838,-0.9855354058721935,-0.9855354058721935,-0.27256044905008636,-0.6947368421052632,0.6409758203799655
47,Total,0,0.9735535405872193,0.8492012089810017,0.9375,0.36787564766839376,0.7578947368421053,0.7067141623488774,-0.9003670120898101,-0.9003670120898101,-0.4434369602763385,-0.25263157894736843,0.6409758203799655
48,Non-breeding,0,0.8525474956822108,0.20444732297063903,0.9413860103626942,-0.0058290155440414515,0.7473684210526316,0.29317789291882557,-0.8901122625215889,-0.8901122625215889,0.5758851468048359,0.042105263157894736,0.792098445595855
48,Breeding,0,0.7945811744386875,0.31595423143350604,0.5021588946459413,-0.542098445595855,0.2947368421052632,-0.03756476683937824,-0.9846718480138169,-0.9846718480138169,-0.042098445595854926,-0.8947368421052632,0.792098445595855
48,Total,0,0.9369602763385148,0.5853842832469776,0.8888169257340243,-0.5327072538860104,0.7368421052631579,0.32534542314335063,-0.9577936096718481,-0.9577936096718481,0.5585060449050087,-0.7263157894736842,0.792098445595855
49,Non-breeding,0,0.9265975820379966,0.9220639032815199,0.9785189982728844,-0.019537996545768568,0.6842105263157895,0.8326856649395509,-0.6340673575129534,-0.6340673575129534,-0.5215889464594128,0.4421052631578947,0.9491580310880829
49,Breeding,0,0.8916234887737479,0.760146804835924,0.8873056994818653,-0.42541018998272884,0.631578947368421,0.8419689119170984,-0.9816493955094993,-0.9816493955094993,0.26608376511226256,-0.7157894736842105,0.9491580310880829
49,Total,0,0.9513169257340242,0.9232512953367875,0.9833765112262522,0.06314766839378239,0.7894736842105264,0.8805051813471503,-0.9502374784110535,-0.9502374784110535,0.246545768566494,0.3473684210526316,0.9491580310880829
50,Non-breeding,0,0.8696027633851469,0.6036269430051814,0.9093264248704663,0.20984455958549222,0.5473684210526316,0.15587219343696027,-0.8905440414507771,-0.8905440414507771,-0.3212435233160622,-0.4210526315789474,0.543825561312608
50,Breeding,0,0.6254317789291883,0.4749568221070812,0.08624784110535406,-0.20703799654576857,0.24210526315789474,0.3849309153713299,-0.9875863557858378,-0.9875863557858378,-0.07901554404145078,-0.9052631578947369,0.543825561312608
50,Total,0,0.9570379965457685,0.837651122625216,0.9182858376511226,-0.25237478411053543,0.5789473684210527,0.4718264248704663,-0.9452720207253887,-0.9452720207253887,-0.24341537132987912,-0.6526315789473685,0.543825561312608
51,Non-breeding,0,0.8245898100172712,0.7895077720207254,0.957685664939551,0.28270725388601037,0.2631578947368421,0.09671848013816926,-0.7659758203799655,-0.7659758203799655,0.518566493955095,-0.15789473684210525,0.8538428324697755
51,Breeding,0,0.8675518134715026,0.5696243523316062,0.7533462867012091,0.4523963730569948,0.6842105263157895,0.5744818652849741,-0.9846718480138169,-0.9846718480138169,-0.22420120898100174,-0.5368421052631579,0.8538428324697755
51,Total,0,0.9003670120898101,0.7166450777202072,0.9011226252158895,0.41224093264248707,0.4736842105263158,0.5849525043177892,-0.8999352331606217,-0.8999352331606217,0.05569948186528498,-0.11578947368421053,0.8538428324697755
52,Non-breeding,0,0.9060880829015544,0.48747841105354056,0.9650259067357513,-0.44484024179620035,0.5368421052631579,0.6551165803108808,-0.8275043177892919,-0.8275043177892919,0.5405872193436961,-0.16842105263157894,0.8461787564766841
52,Breeding,0,0.9115932642487047,0.7007772020725389,0.6475604490500864,0.5891623488773748,0.5578947368421052,0.705958549222798,-0.979814335060449,-0.979814335060449,0.33581606217616583,-0.8947368421052632,0.8461787564766841
52,Total,0,0.9462435233160622,0.744926597582038,0.954339378238342,0.4899611398963731,0.5263157894736842,0.7344559585492229,-0.949589810017271,-0.949589810017271,0.29803540587219346,-0.6210526315789474,0.8461787564766841
53,Non-breeding,0,0.9574697754749569,0.92389896373057,0.9835924006908463,-0.5053972366148531,0.6842105263157895,0.8439119170984457,-0.7506476683937825,-0.7506476683937825,-0.2261442141623489,0.4105263157894737,0.9545552677029361
53,Breeding,0,0.932426597582038,0.8865500863557859,0.9001511226252159,0.39831606217616583,0.6421052631578947,0.8106649395509499,-0.9682642487046633,-0.9682642487046633,0.7005613126079447,-0.4631578947368421,0.9545552677029361
53,Total,0,0.9696675302245251,0.9365284974093264,0.9829447322970639,-0.3332253886010363,0.6210526315789474,0.8786701208981003,-0.8468264248704663,-0.8468264248704663,0.1875,0.25263157894736843,0.9545552677029361
54,Non-breeding,0,0.6524179620034543,0.6844775474956822,0.7734240069084628,-0.02946891191709845,0.43157894736842106,0.9049006908462867,-0.9332901554404146,-0.9332901554404146,-0.08819084628670121,-0.08421052631578947,0.5630397236614854
54,Breeding,0,0.8717616580310882,-0.015328151986183074,-0.2815198618307427,0.6622409326424871,0.5157894736842106,0.5047495682210709,-0.9888816925734024,-0.9888816925734024,0.39928756476683935,-0.8105263157894737,0.5630397236614854
54,Total,0,0.9698834196891192,0.49417098445595853,0.6805915371329879,0.29015544041450775,0.6526315789473685,0.6340673575129534,-0.966213298791019,-0.966213298791019,0.4612478411053541,-0.4631578947368421,0.5630397236614854
55,Non-breeding,0,0.9235751295336788,0.7100604490500864,0.957901554404145,0.5158678756476685,0.768421052631579,0.04263816925734024,-0.932426597582038,-0.932426597582038,0.07890759930915373,0.19999999999999998,0.8167098445595855
55,Breeding,0,0.8041882556131261,0.7230138169257341,0.7249568221070811,0.7738557858376511,0.6210526315789474,-0.21157167530224527,-0.9855354058721935,-0.9855354058721935,0.580958549222798,-0.8842105263157894,0.8167098445595855
55,Total,0,0.9552029360967186,0.8103411053540588,0.9509930915371331,0.33236183074265974,0.8526315789473685,-0.3535189982728843,-0.9718264248704663,-0.9718264248704663,0.4536917098445596,0.11578947368421053,0.8167098445595855
56,Non-breeding,0,0.9472150259067358,0.8881692573402418,0.9611398963730571,0.4840241796200346,0.4736842105263158,0.8632340241796201,-0.8917314335060449,-0.8917314335060449,-0.35211571675302245,-0.6000000000000001,0.7925302245250432
56,Breeding,0,0.9250863557858376,0.879965457685665,0.6699050086355787,0.760038860103627,0.5368421052631579,0.5493307426597582,-0.9731217616580312,-0.9731217616580312,-0.024827288428324698,-0.9052631578947369,0.7925302245250432
56,Total,0,0.9647020725388601,0.9213082901554405,0.9556347150259067,0.606325561312608,0.3157894736842105,0.7886442141623489,-0.9468911917098446,-0.9468911917098446,-0.24913644214162348,-0.8421052631578948,0.7925302245250432
57,Non-breeding,0,0.8577288428324698,0.8533031088082902,0.9417098445595855,0.03659326424870467,0.6631578947368422,0.8373272884283247,-0.7333765112262521,-0.7333765112262521,-0.18566493955094993,0.0736842105263158,0.6027633851468048
57,Breeding,0,0.8995034542314335,0.5577504317789292,0.7171848013816926,0.3283678756476684,0.768421052631579,0.21901986183074265,-0.971286701208981,-0.971286701208981,-0.08797495682210708,-0.7789473684210527,0.6027633851468048
57,Total,0,0.9436528497409326,0.780332469775475,0.8788860103626943,-0.14745250431778928,0.7999999999999999,0.4832685664939551,-0.8928108808290155,-0.8928108808290155,-0.3950777202072539,0.052631578947368425,0.6027633851468048
58,Non-breeding,0,0.9783031088082901,0.14637305699481867,0.988126079447323,0.7400690846286702,0.2947368421052632,0.6539291882556131,-0.842724525043178,-0.842724525043178,0.5125215889464594,-0.06315789473684211,0.8862262521588947
58,Breeding,0,0.8900043177892919,0.22441709844559585,0.28249136442141626,-0.09563903281519862,0.4105263157894737,0.30872193436960277,-0.9839162348877376,-0.9839162348877376,0.34132124352331605,-0.8842105263157894,0.8862262521588947
58,Total,0,0.9735535405872193,0.4269214162348878,0.834412780656304,0.06584628670120898,0.5894736842105264,0.6415155440414508,-0.9126727115716754,-0.9126727115716754,0.4120250431778929,-0.39999999999999997,0.8862262521588947
59,Non-breeding,0,0.967940414507772,0.8481217616580311,0.9651338514680484,-0.2964162348877375,0.7999999999999999,0.8033246977547496,-0.8999352331606217,-0.8999352331606217,-0.3366796200345423,0.38947368421052636,0.9132124352331606
59,Breeding,0,0.9348013816925734,0.7684585492227979,0.8674438687392055,0.11927892918825561,0.6736842105263158,-0.138493091537133,-0.9713946459412781,-0.9713946459412781,-0.5888385146804836,-0.7263157894736842,0.9132124352331606
59,Total,0,0.9600604490500865,0.903713298791019,0.9648100172711572,-0.0924006908462867,0.7578947368421053,0.6838298791018999,-0.9509930915371331,-0.9509930915371331,-0.6338514680483592,0.1368421052631579,0.9132124352331606
60,Non-breeding,0,0.9060880829015544,0.5328151986183074,0.8049438687392055,0.4460276338514681,0.37894736842105264,0.7774179620034543,-0.9491580310880829,-0.9491580310880829,-0.26824265975820377,-0.8736842105263158,0.7998704663212435
60,Breeding,0,0.8660405872193437,0.3892487046632125,0.5602331606217616,0.5039939550949913,0.5263157894736842,0.265112262521589,-0.9857512953367875,-0.9857512953367875,0.484887737478411,-0.968421052631579,0.7998704663212435
60,Total,0,0.9587651122625216,0.6353626943005182,0.8151986183074267,0.4072754749568221,0.6210526315789474,0.6109671848013817,-0.9647020725388601,-0.9647020725388601,0.1471286701208981,-0.7894736842105264,0.7998704663212435
61,Non-breeding,0,0.9658894645941278,0.8739205526770294,0.9889896373056996,0.23488773747841107,0.6421052631578947,0.809153713298791,-0.73823402417962,-0.73823402417962,-0.1387089810017271,0.5157894736842106,0.9215241796200345
61,Breeding,0,0.9498056994818653,0.9119170984455959,0.8680915371329879,0.4369602763385147,0.768421052631579,0.831174438687392,-0.9664291882556131,-0.9664291882556131,0.2928540587219344,-0.43157894736842106,0.9215241796200345
61,Total,0,0.9803540587219344,0.9552029360967186,0.979598445595855,0.6804835924006908,0.8210526315789474,0.7874568221070812,-0.908786701208981,-0.908786701208981,-0.23521157167530224,0.4631578947368421,0.9215241796200345
62,Non-breeding,0,0.9587651122625216,0.8930267702936097,0.9568221070811744,-0.29371761658031087,0.7894736842105264,0.7342400690846287,-0.07394214162348878,-0.07394214162348878,0.4150474956822107,0.7052631578947369,0.8977763385146805
62,Breeding,0,0.9585492227979275,0.9160189982728842,0.8835276338514682,-0.03119602763385147,0.768421052631579,0.3797495682210708,-0.9630829015544041,-0.9630829015544041,0.3840673575129534,0.2105263157894737,0.8977763385146805
62,Total,0,0.9753886010362696,0.9196891191709845,0.9648100172711572,-0.42325129533678757,0.8631578947368421,0.7145941278065631,-0.6416234887737479,-0.6416234887737479,0.2315414507772021,0.7578947368421053,0.8977763385146805
63,Non-breeding,0,0.9450561312607945,0.5979058721934369,0.9515328151986184,-0.15921848013816925,0.7368421052631579,0.6330958549222798,-0.6400043177892919,-0.6400043177892919,-0.038860103626943004,0.5263157894736842,0.9260578583765113
63,Breeding,0,0.9081390328151987,0.6234887737478411,0.7314335060449051,0.7357512953367875,0.6842105263157895,-0.415479274611399,-0.964486183074266,-0.964486183074266,0.550518134715026,-0.8947368421052632,0.9260578583765113
63,Total,0,0.9686960276338514,0.6924654576856649,0.957685664939551,0.5137089810017271,0.7052631578947369,0.11647236614853196,-0.8592400690846287,-0.8592400690846287,0.7485967184801382,-0.11578947368421053,0.9260578583765113
64,Non-breeding,0,0.9243307426597582,0.7392055267702936,0.9849956822107082,0.48791018998272884,0.4736842105263158,0.6510146804835925,-0.8822322970639033,-0.8822322970639033,0.7757987910189983,-0.38947368421052636,0.7721286701208981
64,Breeding,0,0.8842832469775475,0.770077720207254,0.5676813471502591,0.43620466321243523,0.5894736842105264,0.4167746113989637,-0.983052677029361,-0.983052677029361,0.6685017271157168,-0.9368421052631579,0.7721286701208981
64,Total,0,0.9658894645941278,0.8259930915371331,0.888385146804836,0.08063471502590673,0.631578947368421,0.4652417962003454,-0.9508851468048359,-0.9508851468048359,0.5681131260794473,-0.6736842105263158,0.7721286701208981
65,Non-breeding,0,0.8813687392055268,0.6060017271157168,0.9704231433506045,0.11301813471502592,0.30526315789473685,0.7306778929188256,-0.9258419689119172,-0.9258419689119172,0.5462003454231433,-0.7473684210526316,0.7166450777202072
65,Breeding,0,0.8576208981001727,0.770185664939551,0.744818652849741,0.5091753022452505,-0.042105263157894736,0.5795552677029361,-0.9837003454231434,-0.9837003454231434,0.5722150259067358,-0.9368421052631579,0.7166450777202072
65,Total,0,0.8987478411053541,0.7978195164075994,0.9148316062176166,0.1878238341968912,-0.010526315789473684,0.864961139896373,-0.9482944732297064,-0.9482944732297064,0.521912780656304,-0.7999999999999999,0.7166450777202072
66,Non-breeding,0,0.8862262521588947,0.8711139896373057,0.8202720207253886,-0.26899827288428324,0.28421052631578947,0.2338082901554404,-0.8613989637305699,-0.8613989637305699,-0.2822754749568221,-0.4210526315789474,0.8705742659758204
66,Breeding,0,0.9146157167530224,0.4876943005181348,0.4773316062176166,0.7551813471502591,0.3263157894736842,0.48359240069084636,-0.9818652849740933,-0.9818652849740933,-0.6321243523316062,-0.8421052631578948,0.8705742659758204
66,Total,0,0.952396373056995,0.7354274611398964,0.9145077720207254,0.7646804835924007,0.4631578947368421,0.7000215889464595,-0.9336139896373057,-0.9336139896373057,-0.6387089810017271,-0.6526315789473685,0.8705742659758204
67,Non-breeding,0,0.9261658031088084,0.3539507772020725,0.9724740932642487,0.2515112262521589,0.7052631578947369,-0.09650259067357513,-0.9113773747841106,-0.9113773747841106,-0.6341753022452504,0.042105263157894736,0.7318652849740933
67,Breeding,0,0.8570811744386875,0.707901554404145,0.4127806563039724,0.15187823834196892,0.22105263157894736,0.23316062176165803,-0.9759283246977548,-0.9759283246977548,-0.11841537132987909,-0.8421052631578948,0.7318652849740933
67,Total,0,0.9304835924006908,0.7817357512953368,0.9670768566493956,0.6152849740932642,0.7052631578947369,-0.13417530224525043,-0.9671848013816927,-0.9671848013816927,-0.5903497409326425,-0.6736842105263158,0.7318652849740933
68,Non-breeding,0,0.9249784110535406,0.7809801381692574,0.941062176165803,0.6681778929188256,0.631578947368421,0.8273963730569949,-0.621437823834197,-0.621437823834197,0.7615500863557859,0.2947368421052632,0.893350604490501
68,Breeding,0,0.8366796200345423,0.8814766839378239,0.8424006908462867,0.772020725388601,0.5684210526315789,0.8931347150259068,-0.9781951640759932,-0.9781951640759932,0.5458765112262521,-0.7473684210526316,0.893350604490501
68,Total,0,0.964486183074266,0.8904360967184801,0.9339378238341969,0.795552677029361,0.5473684210526316,0.8555699481865284,-0.9174222797927462,-0.9174222797927462,0.705958549222798,-0.042105263157894736,0.893350604490501
69,Non-breeding,0,0.9589810017271156,0.7430915371329879,0.9034974093264249,-0.04641623488773748,0.6947368421052632,-0.3011658031088083,-0.6982944732297064,-0.6982944732297064,-0.3094775474956822,0.35789473684210527,0.7835708117443869
69,Breeding,0,0.9475388601036271,0.820811744386874,0.6476683937823834,-0.20930483592400692,0.7157894736842105,0.5509499136442142,-0.9773316062176166,-0.9773316062176166,0.5915371329879102,-0.4736842105263158,0.7835708117443869
69,Total,0,0.9595207253886011,0.8112046632124353,0.800518134715026,-0.0625,0.768421052631579,0.27731001727115717,-0.8403497409326426,-0.8403497409326426,0.5453367875647669,0.4105263157894737,0.7835708117443869
70,Non-breeding,0,0.9375,0.8553540587219344,0.9670768566493956,0.0325993091537133,0.6421052631578947,-0.014140759930915372,-0.9244386873920553,-0.9244386873920553,0.7121113989637307,-0.021052631578947368,0.8520077720207254
70,Breeding,0,0.885146804835924,0.653713298791019,0.2000215889464594,0.7171848013816926,0.6526315789473685,0.21157167530224527,-0.991472366148532,-0.991472366148532,-0.20336787564766842,-0.9052631578947369,0.8520077720207254
70,Total,0,0.9377158894645942,0.7958765112262521,0.9459196891191709,0.5232081174438687,0.7052631578947369,0.055375647668393785,-0.9688039723661486,-0.9688039723661486,0.04382556131260795,-0.7263157894736842,0.8520077720207254
71,Non-breeding,0,0.9665371329879102,0.8424006908462867,0.9618955094991364,0.44516407599309155,0.6631578947368422,0.792206390328152,-0.6930051813471503,-0.6930051813471503,0.16925734024179623,0.38947368421052636,0.9230354058721935
71,Breeding,0,0.9671848013816927,0.903713298791019,0.9199050086355787,0.1821027633851468,0.7789473684210527,0.7492443868739206,-0.9752806563039724,-0.9752806563039724,0.07372625215889464,-0.6736842105263158,0.9230354058721935
71,Total,0,0.9815414507772021,0.9033894645941278,0.9702072538860104,0.7593911917098446,0.7999999999999999,0.7916666666666666,-0.9047927461139896,-0.9047927461139896,-0.5644430051813472,0.4631578947368421,0.9230354058721935
72,Non-breeding,0,0.9515328151986184,0.8948618307426598,0.8840673575129534,0.42962003454231434,0.7578947368421053,0.668825561312608,-0.405440414507772,-0.405440414507772,-0.6158246977547496,0.4631578947368421,0.8398100172711571
72,Breeding,0,0.8590241796200345,0.7190198618307426,0.7098445595854923,0.4822970639032816,0.8315789473684211,0.4955742659758204,-0.9813255613126081,-0.9813255613126081,-0.24060880829015543,-0.7578947368421053,0.8398100172711571
72,Total,0,0.965997409326425,0.7835708117443869,0.9263816925734024,0.49773316062176165,0.768421052631579,0.7789291882556132,-0.8574050086355787,-0.8574050086355787,-0.24708549222797926,0.28421052631578947,0.8398100172711571
73,Non-breeding,0,0.9380397236614854,0.7848661485319517,0.7917746113989638,-0.06325561312607945,0.7894736842105264,0.19527202072538863,-0.8457469775474957,-0.8457469775474957,0.16774611398963732,0.15789473684210525,0.8186528497409327
73,Breeding,0,0.9269214162348878,0.6420552677029362,0.604598445595855,-0.34887737478411057,0.7894736842105264,0.25723229706390327,-0.9654576856649396,-0.9654576856649396,0.07005613126079448,-0.6736842105263158,0.8186528497409327
73,Total,0,0.9734455958549224,0.8069948186528497,0.7737478411053541,-0.46459412780656306,0.7157894736842105,0.24050086355785838,-0.922279792746114,-0.922279792746114,0.053324697754749566,0.031578947368421054,0.8186528497409327
74,Non-breeding,0,0.9509930915371331,0.6701208981001727,0.9588730569948187,0.38687392055267705,0.7999999999999999,0.6179835924006909,-0.9288644214162349,-0.9288644214162349,0.5075561312607945,0.3368421052631579,0.8120682210708118
74,Breeding,0,0.9312392055267703,0.7983592400690847,0.9142918825561313,0.7840025906735751,0.7473684210526316,0.510146804835924,-0.9711787564766841,-0.9711787564766841,0.4022020725388601,-0.5894736842105264,0.8120682210708118
74,Total,0,0.9734455958549224,0.8652849740932642,0.9430051813471504,0.621545768566494,0.8421052631578948,0.6502590673575129,-0.9106217616580311,-0.9106217616580311,0.47117875647668395,0.3263157894736842,0.8120682210708118
75,Non-breeding,0,0.8653929188255614,0.687392055267703,0.9710708117443869,0.7640328151986184,0.7473684210526316,0.665587219343696,-0.9367443868739206,-0.9367443868739206,-0.3463946459412781,-0.24210526315789474,0.8336571675302246
75,Breeding,0,0.8228626943005182,0.8318221070811745,0.5267702936096719,0.7057426597582038,0.4210526315789474,0.04501295336787565,-0.9873704663212436,-0.9873704663212436,-0.06595423143350605,-0.8842105263157894,0.8336571675302246
75,Total,0,0.967724525043178,0.8909758203799655,0.9492659758203801,0.28950777202072536,0.7789473684210527,0.5696243523316062,-0.9771157167530226,-0.9771157167530226,-0.018566493955094993,-0.6947368421052632,0.8336571675302246
76,Non-breeding,0,0.8970207253886011,0.6922495682210709,0.9430051813471504,-0.22689982728842834,0.6421052631578947,0.6705526770293609,-0.9463514680483593,-0.9463514680483593,-0.12791450777202074,-0.22105263157894736,0.24665371329879102
76,Breeding,0,0.9457037996545768,0.7689982728842834,-0.10816062176165803,-0.38633419689119175,0.4105263157894737,-0.17832469775474957,-0.9886658031088084,-0.9886658031088084,0.18339810017271158,-0.8526315789473685,0.24665371329879102
76,Total,0,0.9658894645941278,0.8488773747841106,0.5729706390328152,-0.3393782383419689,0.768421052631579,0.45325993091537137,-0.9764680483592401,-0.9764680483592401,-0.11021157167530225,-0.7473684210526316,0.24665371329879102
77,Non-breeding,0,0.9585492227979275,0.7515112262521589,0.9537996545768568,0.3686312607944732,0.6736842105263158,0.7968480138169258,-0.9228195164075993,-0.9228195164075993,-0.530224525043178,-0.24210526315789474,0.6352547495682211
77,Breeding,0,0.8663644214162349,0.694084628670121,0.17152417962003455,0.7930699481865285,0.4842105263157895,0.667098445595855,-0.9917962003454232,-0.9917962003454232,0.787025043177893,-0.8210526315789474,0.6352547495682211
77,Total,0,0.9344775474956822,0.8495250431778929,0.7403929188255614,0.631692573402418,0.6947368421052632,0.8457469775474957,-0.9711787564766841,-0.9711787564766841,0.39971934369602763,-0.6842105263157895,0.6352547495682211
78,Non-breeding,0,0.8163860103626943,0.6797279792746115,0.9725820379965459,0.5406951640759932,0.5789473684210527,0.5752374784110535,-0.9535837651122625,-0.9535837651122625,0.4359887737478411,-0.5368421052631579,0.8130397236614854
78,Breeding,0,0.8120682210708118,0.6204663212435234,0.15511658031088085,0.592940414507772,0.18947368421052632,0.28335492227979275,-0.9885578583765112,-0.9885578583765112,-0.26068652849740936,-0.8736842105263158,0.8130397236614854
78,Total,0,0.9387953367875648,0.8959412780656304,0.8739205526770294,-0.21221934369602766,0.6421052631578947,0.5044257340241797,-0.9720423143350606,-0.9720423143350606,-0.38806131260794474,-0.7999999999999999,0.8130397236614854
79,Non-breeding,0,0.9412780656303973,0.8660405872193437,0.9509930915371331,0.030980138169257345,0.2631578947368421,0.7035837651122626,-0.8713298791018999,-0.8713298791018999,-0.30893782383419693,-0.5684210526315789,0.6945164075993092
79,Breeding,0,0.9317789291882557,0.9173143350604491,0.6938687392055268,0.7027202072538861,0.6947368421052632,0.37208549222797926,-0.9832685664939551,-0.9832685664939551,-0.2467616580310881,-0.7894736842105264,0.6945164075993092
79,Total,0,0.9706390328151986,0.8815846286701209,0.8970207253886011,0.24276770293609673,0.6736842105263158,0.6308290155440415,-0.9367443868739206,-0.9367443868739206,-0.5509499136442142,-0.768421052631579,0.6945164075993092
80,Non-breeding,0,0.6817789291882557,0.809153713298791,0.9598445595854922,-0.3102331606217617,0.6526315789473685,-0.22247409326424872,-0.6727115716753023,-0.6727115716753023,-0.46588946459412783,0.24210526315789474,0.6867443868739206
80,Breeding,0,0.8937823834196892,0.5881908462867013,0.738018134715026,0.26122625215889467,0.5684210526315789,0.5164075993091538,-0.9717184801381694,-0.9717184801381694,-0.7597150259067358,-0.7368421052631579,0.6867443868739206
80,Total,0,0.9490500863557858,0.8438039723661486,0.9224956822107082,-0.42929620034542315,0.8210526315789474,0.5686528497409327,-0.9280008635578584,-0.9280008635578584,-0.7906951640759932,0.23157894736842105,0.6867443868739206
81,Non-breeding,0,0.955958549222798,0.9343696027633852,0.9553108808290155,-0.3130397236614853,0.768421052631579,0.8942141623488774,-0.3765112262521589,-0.3765112262521589,-0.16515544041450778,0.6105263157894737,0.9132124352331606
81,Breeding,0,0.9552029360967186,0.8846070811744386,0.5586139896373058,-0.10837651122625216,0.6105263157894737,0.7292746113989638,-0.9702072538860104,-0.9702072538860104,-0.7981433506044906,-0.2105263157894737,0.9132124352331606
81,Total,0,0.9763601036269429,0.9162348877374785,0.9515328151986184,-0.37813039723661485,0.8315789473684211,0.7834628670120899,-0.8762953367875649,-0.8762953367875649,-0.7876727115716753,0.6000000000000001,0.9132124352331606
82,Non-breeding,0,0.9110535405872193,0.7577720207253886,0.9529360967184802,0.8332253886010363,0.8210526315789474,0.7326208981001728,-0.9145077720207254,-0.9145077720207254,-0.6264032815198619,0.4631578947368421,0.8183290155440416
82,Breeding,0,0.8518998272884283,0.611506908462867,-0.23607512953367876,0.23931347150259072,0.4842105263157895,0.685880829015544,-0.9887737478411055,-0.9887737478411055,-0.35686528497409326,-0.9052631578947369,0.8183290155440416
82,Total,0,0.9380397236614854,0.7672711571675302,0.9055483592400692,0.43415371329879104,0.6736842105263158,0.8472582037996547,-0.9789507772020726,-0.9789507772020726,-0.6556563039723662,-0.5684210526315789,0.8183290155440416
83,Non-breeding,0,0.9345854922279794,0.9250863557858376,0.9696675302245251,0.043717616580310883,0.7894736842105264,0.7274395509499136,-0.8219991364421417,-0.8219991364421417,-0.1636442141623489,0.43157894736842106,0.9117012089810018
83,Breeding,0,0.9417098445595855,0.8588082901554405,0.9291882556131261,0.6408678756476685,0.7368421052631579,0.7980354058721935,-0.9838082901554405,-0.9838082901554405,-0.1091321243523316,-0.8421052631578948,0.9117012089810018
83,Total,0,0.9636226252158895,0.9530440414507771,0.9751727115716754,0.32415803108808294,0.8210526315789474,0.8169257340241796,-0.9363126079447323,-0.9363126079447323,-0.346286701208981,0.3368421052631579,0.9117012089810018
84,Non-breeding,0,0.9251943005181348,0.7797927461139897,0.9164507772020726,-0.3604274611398964,0.7789473684210527,0.8635578583765112,-0.9164507772020726,-0.9164507772020726,0.16202504317789293,0.24210526315789474,0.8105569948186528
84,Breeding,0,0.8906519861830743,0.842940414507772,0.7712651122625217,0.604706390328152,0.6421052631578947,0.5873272884283247,-0.9846718480138169,-0.9846718480138169,0.07491364421416234,-0.5263157894736842,0.8105569948186528
84,Total,0,0.9463514680483593,0.8765112262521589,0.9133203799654577,0.6333117443868739,0.6947368421052632,0.7963082901554404,-0.9555267702936098,-0.9555267702936098,-0.04069516407599309,0.11578947368421053,0.8105569948186528
85,Non-breeding,0,0.8498488773747842,0.822538860103627,0.9641623488773747,0.7070379965457686,0.35789473684210527,0.7604706390328153,-0.8744602763385148,-0.8744602763385148,0.5873272884283247,-0.4631578947368421,0.8873056994818653
85,Breeding,0,0.8683074265975821,0.7438471502590674,0.8205958549222798,0.7511873920552677,0.22105263157894736,0.717832469775475,-0.9868307426597581,-0.9868307426597581,0.27353195164075994,-0.7999999999999999,0.8873056994818653
85,Total,0,0.9658894645941278,0.9223877374784111,0.965997409326425,0.7347797927461139,0.7263157894736842,0.7705094991364422,-0.9352331606217616,-0.9352331606217616,0.5527849740932643,-0.43157894736842106,0.8873056994818653
86,Non-breeding,0,0.9466753022452505,0.7435233160621763,0.9685880829015545,0.719559585492228,0.8210526315789474,0.7136226252158895,-0.7868091537132987,-0.7868091537132987,-0.696027633851468,0.39999999999999997,0.8521157167530226
86,Breeding,0,0.9280008635578584,0.5958549222797928,0.812284110535406,0.6663428324697755,0.5052631578947369,0.9011226252158895,-0.9832685664939551,-0.9832685664939551,-0.7760146804835925,-0.7473684210526316,0.8521157167530226
86,Total,0,0.9668609671848015,0.8252374784110535,0.9511010362694301,0.4684801381692574,0.6736842105263158,0.8997193436960277,-0.9487262521588947,-0.9487262521588947,-0.42249568221070816,-0.30526315789473685,0.8521157167530226
87,Non-breeding,0,0.9288644214162349,0.8055915371329879,0.9754965457685665,-0.1031951640759931,0.631578947368421,0.41224093264248707,-0.8811528497409327,-0.8811528497409327,-0.014248704663212436,0.19999999999999998,0.8788860103626943
87,Breeding,0,0.8638816925734024,0.6465889464594128,0.6190630397236615,0.6375215889464595,0.4842105263157895,0.3649611398963731,-0.983052677029361,-0.983052677029361,0.677353195164076,-0.8631578947368421,0.8788860103626943
87,Total,0,0.9216321243523317,0.8407815198618308,0.9258419689119172,0.5674654576856649,0.4736842105263158,0.317465457685665,-0.9354490500863558,-0.9354490500863558,0.6999136442141624,0.031578947368421054,0.8788860103626943
88,Non-breeding,0,0.9416018998272886,0.8308506044905009,0.9542314335060449,0.04976252158894646,0.8105263157894737,0.7530224525043178,-0.3302029360967185,-0.3302029360967185,-0.17184801381692574,0.8210526315789474,0.7851899827288429
88,Breeding,0,0.9508851468048359,0.7648963730569948,0.8480138169257341,0.7623056994818653,0.631578947368421,0.5485751295336787,-0.977871329879102,-0.977871329879102,0.4838082901554404,-0.7894736842105264,0.7851899827288429
88,Total,0,0.9785189982728844,0.6926813471502591,0.9477547495682211,0.4113773747841105,0.7473684210526316,0.6755181347150259,-0.8071027633851467,-0.8071027633851467,-0.4271373056994819,0.5578947368421052,0.7851899827288429
89,Non-breeding,0,0.9420336787564767,0.5544041450777202,0.9112694300518135,-0.6921416234887737,0.7052631578947369,0.8707901554404145,-0.7823834196891192,-0.7823834196891192,0.19430051813471502,0.3684210526315789,0.8898963730569949
89,Breeding,0,0.9426813471502591,0.5493307426597582,0.874892055267703,0.09812176165803109,0.6947368421052632,0.6087003454231433,-0.969775474956822,-0.969775474956822,-0.16526338514680483,-0.5894736842105264,0.8898963730569949
89,Total,0,0.9734455958549224,0.7366148531951641,0.9518566493955096,0.18674438687392056,0.7999999999999999,0.7824913644214163,-0.9055483592400692,-0.9055483592400692,-0.7158894645941278,0.4421052631578947,0.8898963730569949
90,Non-breeding,0,0.9682642487046633,0.8669041450777203,0.983052677029361,-0.621437823834197,0.768421052631579,0.8797495682210708,-0.005397236614853195,-0.005397236614853195,-0.47268998272884283,0.7052631578947369,0.9447322970639034
90,Breeding,0,0.9616796200345423,0.8787780656303973,0.8033246977547496,0.29943868739205526,0.5789473684210527,0.8827720207253886,-0.981433506044905,-0.981433506044905,0.47139464594127806,-0.49473684210526314,0.9447322970639034
90,Total,0,0.9821891191709845,0.9228195164075993,0.9766839378238342,0.3373272884283247,0.6947368421052632,0.9208765112262521,-0.9039291882556131,-0.9039291882556131,0.5571027633851467,0.3157894736842105,0.9447322970639034
91,Non-breeding,0,0.9569300518134716,0.6325561312607946,0.9768998272884283,-0.09229274611398963,0.8210526315789474,0.6083765112262522,-0.907059585492228,-0.907059585492228,0.4838082901554404,0.2736842105263158,0.9315630397236615
91,Breeding,0,0.875,0.6803756476683938,0.8184369602763386,0.11021157167530225,0.7789473684210527,0.5933721934369602,-0.9766839378238342,-0.9766839378238342,0.4901770293609672,-0.8105263157894737,0.9315630397236615
91,Total,0,0.9381476683937824,0.6920336787564767,0.9665371329879102,0.29889896373056996,0.8421052631578948,0.6416234887737479,-0.9397668393782384,-0.9397668393782384,0.501727115716753,-0.4421052631578947,0.9315630397236615
92,Non-breeding,0,0.9734455958549224,0.8547063903281521,0.9359887737478412,-0.5807426597582038,0.8105263157894737,0.8493091537132988,-0.7447107081174439,-0.7447107081174439,0.4638385146804836,0.49473684210526314,0.9056563039723662
92,Breeding,0,0.9085708117443869,0.7613341968911916,0.8576208981001727,0.09952504317789292,0.768421052631579,0.8944300518134716,-0.9793825561312609,-0.9793825561312609,-0.2546416234887738,-0.37894736842105264,0.9056563039723662
92,Total,0,0.9496977547495682,0.856433506044905,0.9317789291882557,-0.3692789291882556,0.8105263157894737,0.9026338514680483,-0.9112694300518135,-0.9112694300518135,-0.5385362694300518,0.5052631578947369,0.9056563039723662
93,Non-breeding,0,0.9577936096718481,0.7819516407599308,0.9195811744386874,-0.03832037996545769,0.5684210526315789,0.540479274611399,-0.7224740932642487,-0.7224740932642487,-0.7638169257340242,-0.031578947368421054,0.6837219343696028
93,Breeding,0,0.9209844559585493,0.6346070811744386,0.29749568221070816,-0.2592832469775475,0.4210526315789474,-0.37823834196891193,-0.9813255613126081,-0.9813255613126081,-0.4148316062176166,-0.8736842105263158,0.6837219343696028
93,Total,0,0.9675086355785837,0.7272236614853195,0.7605785837651123,-0.34952504317789296,0.4631578947368421,0.07189119170984457,-0.9022020725388601,-0.9022020725388601,-0.6998056994818652,-0.6736842105263158,0.6837219343696028
94,Non-breeding,0,0.9039291882556131,0.8389464594127807,0.9540155440414508,0.4094343696027634,0.7157894736842105,0.7841105354058722,-0.8700345423143351,-0.8700345423143351,0.6093480138169258,-0.06315789473684211,0.7790371329879102
94,Breeding,0,0.8211355785837652,0.8448834196891193,0.4716105354058722,-0.30548359240069084,0.7578947368421053,0.7563687392055267,-0.9854274611398963,-0.9854274611398963,0.3655008635578584,-0.7368421052631579,0.7790371329879102
94,Total,0,0.9611398963730571,0.9057642487046632,0.8810449050086356,-0.603087219343696,0.8526315789473685,0.842940414507772,-0.9481865284974093,-0.9481865284974093,0.5915371329879102,-0.3157894736842105,0.7790371329879102
95,Non-breeding,0,0.9505613126079447,0.5204015544041452,0.9227115716753023,0.16224093264248704,0.6105263157894737,0.6758419689119172,-0.7696459412780656,-0.7696459412780656,-0.3595639032815198,0.06315789473684211,0.7743955094991365
95,Breeding,0,0.9162348877374785,0.7764464594127807,0.8662564766839378,0.6278065630397237,-0.010526315789473684,0.4276770293609672,-0.9765759930915373,-0.9765759930915373,0.12888601036269431,-0.9473684210526316,0.7743955094991365
95,Total,0,0.9689119170984457,0.7389896373056996,0.917206390328152,0.43555699481865284,0.4736842105263158,0.5367012089810017,-0.9139680483592402,-0.9139680483592402,-0.10006476683937825,-0.5789473684210527,0.7743955094991365
96,Non-breeding,0,0.947646804835924,0.8167098445595855,0.9392271157167531,-0.6700129533678757,0.45263157894736844,0.11042746113989638,-0.7860535405872194,-0.7860535405872194,0.6718480138169257,-0.031578947368421054,0.8405656303972366
96,Breeding,0,0.8651770293609672,0.5170552677029361,0.8134715025906737,0.29771157167530227,0.43157894736842106,0.5410189982728844,-0.9820811744386874,-0.9820811744386874,-0.36658031088082904,-0.8631578947368421,0.8405656303972366
96,Total,0,0.9634067357512954,0.6302892918825561,0.9303756476683938,-0.5377806563039723,0.6526315789473685,0.3338730569948187,-0.9392271157167531,-0.9392271157167531,0.08452072538860105,-0.49473684210526314,0.8405656303972366
97,Non-breeding,0,0.913860103626943,0.8114205526770294,0.8562176165803109,-0.5714594127806563,0.5578947368421052,0.5197538860103627,-0.9418177892918826,-0.9418177892918826,0.37597150259067363,-0.6631578947368422,0.6554404145077721
97,Breeding,0,0.9140759930915372,0.5478195164075994,0.0051813471502590676,0.5072322970639033,0.30526315789473685,0.6705526770293609,-0.981433506044905,-0.981433506044905,-0.26694732297063906,-0.9263157894736842,0.6554404145077721
97,Total,0,0.9500215889464595,0.7837867012089811,0.6276986183074267,0.1383851468048359,0.6105263157894737,0.6709844559585493,-0.9420336787564767,-0.9420336787564767,-0.3471502590673575,-0.8315789473684211,0.6554404145077721
98,Non-breeding,0,0.8479058721934369,0.9152633851468049,0.9528281519861831,0.09045768566493956,0.6631578947368422,0.7654360967184802,-0.9236830742659758,-0.9236830742659758,0.29274611398963735,-0.7894736842105264,0.5852763385146805
98,Breeding,0,0.8581606217616581,0.8856865284974094,0.8082901554404145,0.628454231433506,0.6210526315789474,0.5723229706390328,-0.9885578583765112,-0.9885578583765112,0.04954663212435233,-0.8526315789473685,0.5852763385146805
98,Total,0,0.9661053540587219,0.9206606217616581,0.9321027633851469,-0.04263816925734024,0.631578947368421,0.8273963730569949,-0.9584412780656304,-0.9584412780656304,-0.0005397236614853196,-0.7578947368421053,0.5852763385146805
99,Non-breeding,0,0.9301597582037997,0.5021588946459413,0.9015544041450777,-0.23197322970639034,0.7052631578947369,-0.3469343696027634,-0.9353411053540587,-0.9353411053540587,-0.39734455958549225,-0.4210526315789474,0.7357512953367875
99,Breeding,0,0.937607944732297,0.3061312607944732,0.3942141623488774,-0.1489637305699482,0.6736842105263158,-0.43318221070811747,-0.9786269430051813,-0.9786269430051813,0.3700345423143351,-0.8842105263157894,0.7357512953367875
99,Total,0,0.9640544041450778,0.586139896373057,0.8128238341968912,-0.4263816925734024,0.7263157894736842,-0.27925302245250433,-0.9613557858376511,-0.9613557858376511,0.158786701208981,-0.6526315789473685,0.7357512953367875
100,Non-breeding,0,0.9503454231433507,0.8717616580310882,0.9880181347150259,-0.3203799654576857,0.7578947368421053,0.9328583765112263,-0.5267702936096719,-0.5267702936096719,-0.5250431778929189,0.6105263157894737,0.8983160621761659
100,Breeding,0,0.9700993091537132,0.7073618307426598,0.7929620034542315,-0.014464594127806563,0.6210526315789474,0.8128238341968912,-0.9664291882556131,-0.9664291882556131,0.4009067357512954,-0.8315789473684211,0.8983160621761659
100,Total,0,0.9805699481865287,0.7873488773747841,0.9611398963730571,-0.5373488773747841,0.7578947368421053,0.9014464594127807,-0.8566493955094991,-0.8566493955094991,-0.030980138169257345,0.22105263157894736,0.8983160621761659
