,rb,rnb,x_equi,y_equi
0,0.0,-1.0,4.287196454002106e-172,1.577171435690484e-172
1,0.0,-0.95,1.946170845424708e-163,7.526641045768635e-164
2,0.0,-0.8999999999999999,8.819901616566956e-155,3.585904399193188e-155
3,0.0,-0.8499999999999999,3.989487571454989e-146,1.705166558863725e-146
4,0.0,-0.7999999999999998,1.8005915593955286e-137,8.090579401814057e-138
5,0.0,-0.7499999999999998,8.105970538455772e-129,3.8289893598705806e-129
6,0.0,-0.6999999999999997,3.638299871253094e-120,1.806726246850464e-120
7,0.0,-0.6499999999999997,1.627277139419811e-111,8.495131582538597e-112
8,0.0,-0.5999999999999996,7.247670888503629e-103,3.977606118190724e-103
9,0.0,-0.5499999999999996,3.21166050606038e-94,1.8529669199780349e-94
10,0.0,-0.49999999999999956,1.4143530698382825e-85,8.578485005156021e-86
11,0.0,-0.4499999999999995,6.1804034887144505e-77,3.940799252785756e-77
12,0.0,-0.39999999999999947,2.674167725585284e-68,1.7925482329213492e-68
13,0.0,-0.3499999999999994,1.142258953352082e-59,8.049362798017762e-60
14,0.0,-0.2999999999999994,4.795089241566761e-51,3.552289479947538e-51
15,0.0,-0.24999999999999933,1.9643466423428313e-42,1.529834703280283e-42
16,0.0,-0.1999999999999993,7.759179472523822e-34,6.352678852806652e-34
17,0.0,-0.14999999999999925,2.888583119434598e-25,2.4862265314641354e-25
18,0.0,-0.0999999999999992,9.623129922860544e-17,8.707368032825724e-17
19,0.0,-0.049999999999999156,2.4271480592049283e-08,2.308774651423456e-08
20,0.0,8.881784197001252e-16,0.6215300916411071,0.6207579723262885
21,0.05,-1.0,2.012976907515855e-163,7.40532819827951e-164
22,0.05,-0.95,9.121103675483806e-155,3.52750497049122e-155
23,0.05,-0.8999999999999999,4.124965991101437e-146,1.6770860194436548e-146
24,0.05,-0.8499999999999999,1.8613634341143876e-137,7.955745255238492e-138
25,0.05,-0.7999999999999998,8.377723778837571e-129,3.764353947205302e-129
26,0.05,-0.7499999999999998,3.7593780821594646e-120,1.775804465119794e-120
27,0.05,-0.6999999999999997,1.6809932228117366e-111,8.34756530221267e-112
28,0.05,-0.6499999999999997,7.48478052733434e-103,3.9073980642779835e-103
29,0.05,-0.5999999999999996,3.315692626187296e-94,1.8196906949627496e-94
30,0.05,-0.5499999999999996,1.4596634456790017e-85,8.421525482038281e-86
31,0.05,-0.49999999999999956,6.375970586581574e-77,3.8672216461876695e-77
32,0.05,-0.4499999999999995,2.757622003664993e-68,1.758337421068441e-68
33,0.05,-0.39999999999999947,1.1773526748112206e-59,7.892030991796409e-60
34,0.05,-0.3499999999999994,4.9398138305820575e-51,3.481027971838953e-51
35,0.05,-0.2999999999999994,2.022440731190968e-42,1.4982609439151264e-42
36,0.05,-0.24999999999999933,7.983330643196596e-34,6.217424156439456e-34
37,0.05,-0.1999999999999993,2.9697804529094613e-25,2.4314505866868353e-25
38,0.05,-0.14999999999999925,9.885061239238554e-17,8.508151056062797e-17
39,0.05,-0.0999999999999992,2.4907180046627265e-08,2.253694848282434e-08
40,0.05,-0.049999999999999156,0.6371243890825882,0.6052796974393682
41,0.05,8.881784197001252e-16,12.65821930946839,12.341780727127043
42,0.1,-1.0,9.425799883255065e-155,3.46755799364572e-155
43,0.1,-0.95,4.261970293078291e-146,1.6482787530777788e-146
44,0.1,-0.8999999999999999,1.9227975107833156e-137,7.817511297092436e-138
45,0.1,-0.8499999999999999,8.652330023588881e-129,3.6981350482301664e-129
46,0.1,-0.7999999999999998,3.881675011786131e-120,1.7441490120855666e-120
47,0.1,-0.7499999999999998,1.7352246520014508e-111,8.196620870971523e-112
48,0.1,-0.6999999999999997,7.72404295520864e-103,3.8356462174101803e-103
49,0.1,-0.6499999999999997,3.4206107959339127e-94,1.7857154199604373e-94
50,0.1,-0.5999999999999996,1.5053318623803395e-85,8.261436422574222e-86
51,0.1,-0.5499999999999996,6.572951270835616e-77,3.792262989348789e-77
52,0.1,-0.49999999999999956,2.8416178412530772e-68,1.7235283439064188e-68
53,0.1,-0.4499999999999995,1.2126456855599953e-59,7.732170270557382e-60
54,0.1,-0.39999999999999947,5.0852316490543904e-51,3.4087327130960306e-51
55,0.1,-0.3499999999999994,2.0807565875920272e-42,1.4662843848798554e-42
56,0.1,-0.2999999999999994,8.208100146146517e-34,6.080710145445615e-34
57,0.1,-0.24999999999999933,3.05110926897752e-25,2.376206287916116e-25
58,0.1,-0.1999999999999993,1.0147104434624311e-16,8.307746455320898e-17
59,0.1,-0.14999999999999925,2.554241996622062e-08,2.198456460100168e-08
60,0.1,-0.0999999999999992,0.6526986033491358,0.5898156725187951
61,0.1,-0.049999999999999156,12.974452635999125,12.025547400657496
62,0.1,8.881784197001252e-16,25.64088159582231,24.35911840417814
63,0.15000000000000002,-1.0,4.400231909901267e-146,1.6187548560392265e-146
64,0.15000000000000002,-0.95,1.9847733325504483e-137,7.675932699557615e-138
65,0.15000000000000002,-0.8999999999999999,8.929250852826888e-129,3.630362480972283e-129
66,0.15000000000000002,-0.8499999999999999,4.004950964925422e-120,1.7117758441315866e-120
67,0.15000000000000002,-0.7999999999999998,1.789865228375207e-111,8.042382889752661e-112
68,0.15000000000000002,-0.7499999999999998,7.964990343983245e-103,3.762395031402835e-103
69,0.15000000000000002,-0.6999999999999997,3.5262103555002415e-94,1.751064240618502e-94
70,0.15000000000000002,-0.6499999999999997,1.5512695496365815e-85,8.09833717005741e-86
71,0.15000000000000002,-0.5999999999999996,6.77096458579629e-77,3.715984152265575e-77
72,0.15000000000000002,-0.5499999999999996,2.9259939503472507e-68,1.688151654827298e-68
73,0.15000000000000002,-0.49999999999999956,1.2480708902201405e-59,7.569932604133558e-60
74,0.15000000000000002,-0.4499999999999995,5.231070064595814e-51,3.3354775362922206e-51
75,0.15000000000000002,-0.39999999999999947,2.1391869839686442e-42,1.4339399175727027e-42
76,0.15000000000000002,-0.3499999999999994,8.433085856899572e-34,5.942695162932463e-34
77,0.15000000000000002,-0.2999999999999994,3.1324296744567652e-25,2.320560977841675e-25
78,0.15000000000000002,-0.24999999999999933,1.0408834247789385e-16,8.106408263038836e-17
79,0.15000000000000002,-0.1999999999999993,2.6176259402268108e-08,2.1431308572061605e-08
80,0.15000000000000002,-0.14999999999999925,0.668233017150582,0.5743853282948999
81,0.15000000000000002,-0.0999999999999992,13.290071280242906,11.709928756460657
82,0.15000000000000002,-0.049999999999999156,26.28089988671522,23.71910011328527
83,0.15000000000000002,8.881784197001252e-16,38.96027140235315,36.03972859764736
84,0.2,-1.0,2.0471588544007023e-137,7.531076553461004e-138
85,0.2,-0.95,9.207897622147595e-129,3.561071750253629e-129
86,0.2,-0.8999999999999999,4.1289446429535756e-120,1.678703618573405e-120
87,0.2,-0.8499999999999999,1.8447995438133065e-111,7.884948714780065e-112
88,0.2,-0.7999999999999998,8.207116023591224e-103,3.6876949412700964e-103
89,0.2,-0.7499999999999998,3.6322704738961854e-94,1.7157630823773134e-94
90,0.2,-0.6999999999999997,1.597381110682521e-85,7.932359841189391e-86
91,0.2,-0.6499999999999997,6.969602956263547e-77,3.638451789018478e-77
92,0.2,-0.5999999999999996,3.010578616965051e-68,1.6522405763662816e-68
93,0.2,-0.5499999999999996,1.2835572432797235e-59,7.405481081227369e-60
94,0.2,-0.49999999999999956,5.377042138210247e-51,3.261340915391291e-51
95,0.2,-0.4499999999999995,2.1976198327088243e-42,1.4012642718974788e-42
96,0.2,-0.39999999999999947,8.657870672640417e-34,5.8035442678549384e-34
97,0.2,-0.3499999999999994,3.213597858919768e-25,2.2645841363263205e-25
98,0.2,-0.2999999999999994,1.0669818093037648e-16,7.904395654681756e-17
99,0.2,-0.24999999999999933,2.6807753273730587e-08,2.0877899240847033e-08
100,0.2,-0.1999999999999993,0.6837080990455612,0.5590079274598474
101,0.2,-0.14999999999999925,13.604669054495979,11.395330982240084
102,0.2,-0.0999999999999992,26.919196386475466,23.08080361352497
103,0.2,-0.049999999999999156,39.9315156235733,35.068484376427186
104,0.2,8.881784197001252e-16,52.629024363247034,47.370975636753464
105,0.25,-1.0,9.487630355321744e-129,3.490304153156976e-129
106,0.25,-0.95,4.25337274403332e-120,1.6449537281609264e-120
107,0.25,-0.8999999999999999,1.8999028471626183e-111,7.724428541111013e-112
108,0.25,-0.8499999999999999,8.44987409642634e-103,3.611602361899373e-103
109,0.25,-0.7999999999999998,3.73855407354475e-94,1.679840629162082e-94
110,0.25,-0.7499999999999998,1.6435645320753643e-85,7.763649122238388e-86
111,0.25,-0.6999999999999997,7.16843242029729e-77,3.559738191141519e-77
112,0.25,-0.6499999999999997,3.095189883866573e-68,1.6158308071459644e-68
113,0.25,-0.5999999999999996,1.3190298613828766e-59,7.238989362824136e-60
114,0.25,-0.5499999999999996,5.522847232095223e-51,3.1864056633177357e-51
115,0.25,-0.49999999999999956,2.2559384857954245e-42,1.3682958580606187e-42
116,0.25,-0.4499999999999995,8.882023862867596e-34,5.66342845834075e-34
117,0.25,-0.39999999999999947,3.2944666412223607e-25,2.208347030607052e-25
118,0.25,-0.3499999999999994,1.0929617935448909e-16,7.701971584286886e-17
119,0.25,-0.2999999999999994,2.7435956890473122e-08,2.032505676518535e-08
120,0.25,-0.24999999999999933,0.6991046001597027,0.5437024685454908
121,0.25,-0.1999999999999993,13.917845128717508,11.082154908036607
122,0.25,-0.14999999999999925,27.55492218720961,22.445077812790817
123,0.25,-0.0999999999999992,40.89936883506052,34.10063116493992
124,0.25,-0.049999999999999156,53.93876016981635,46.06123983018408
125,0.25,8.881784197001252e-16,66.66009592998012,58.339904070020374
126,0.30000000000000004,-1.0,4.377929656939405e-120,1.6105503156827524e-120
127,0.30000000000000004,-0.95,1.955040951827099e-111,7.560945386050744e-112
128,0.30000000000000004,-0.8999999999999999,8.692679230321552e-103,3.5341796369060065e-103
129,0.30000000000000004,-0.8499999999999999,3.844807831370094e-94,1.64332827760098e-94
130,0.30000000000000004,-0.7999999999999998,1.6897112256556477e-85,7.592361946810931e-86
131,0.30000000000000004,-0.7499999999999998,7.366992994274277e-77,3.479921084772547e-77
132,0.30000000000000004,-0.6999999999999997,3.1796357860202107e-68,1.578960402746884e-68
133,0.30000000000000004,-0.6499999999999997,1.3544101557886525e-59,7.07064101831696e-60
134,0.30000000000000004,-0.5999999999999996,5.668171690134112e-51,3.110758578924346e-51
135,0.30000000000000004,-0.5499999999999996,2.3140220583815642e-42,1.3350745877995073e-42
136,0.30000000000000004,-0.49999999999999956,9.105102487883546e-34,5.522523818727149e-34
137,0.30000000000000004,-0.4499999999999995,3.3748860301018213e-25,2.1519223413079695e-25
138,0.30000000000000004,-0.39999999999999947,1.1187792173421965e-16,7.49940136472538e-17
139,0.30000000000000004,-0.3499999999999994,2.805993040128547e-08,1.9773498751012235e-08
140,0.30000000000000004,-0.2999999999999994,0.7144036477994057,0.5284875925752203
141,0.30000000000000004,-0.24999999999999933,14.22920608834778,10.770793948410033
142,0.30000000000000004,-0.1999999999999993,28.18724260191897,21.812757398081402
143,0.30000000000000004,-0.14999999999999925,41.86250256400235,33.13749743599807
144,0.30000000000000004,-0.0999999999999992,55.24279767119346,44.75720232880697
145,0.30000000000000004,-0.049999999999999156,68.31533896527309,56.68466103472742
146,0.30000000000000004,8.881784197001252e-16,81.06672003836432,68.93327996163617
147,0.35000000000000003,-1.0,2.0100701855250483e-111,7.394634965663322e-112
148,0.35000000000000003,-0.95,8.934906630694047e-103,3.455494934825025e-103
149,0.35000000000000003,-0.8999999999999999,3.95076225479031e-94,1.6062600656460987e-94
150,0.35000000000000003,-0.8499999999999999,1.7357061011735826e-85,7.418667051160966e-86
151,0.35000000000000003,-0.7999999999999998,7.564799160103068e-77,3.39908337036394e-77
152,0.35000000000000003,-0.7499999999999998,3.263714632954579e-68,1.5416696302991608e-68
153,0.35000000000000003,-0.6999999999999997,1.3896159819134008e-59,6.900628745318641e-60
154,0.35000000000000003,-0.6499999999999997,5.812689575954941e-51,3.034490044750059e-51
155,0.35000000000000003,-0.5999999999999996,2.3717457694185142e-42,1.3016416761136608e-42
156,0.35000000000000003,-0.5499999999999996,9.326652856221208e-34,5.381010596881452e-34
157,0.35000000000000003,-0.49999999999999956,3.4547037880496344e-25,2.095383767677479e-25
158,0.35000000000000003,-0.4499999999999995,1.1443897495193784e-16,7.296951207209456e-17
159,0.35000000000000003,-0.39999999999999947,2.867874309885365e-08,1.9223936393165225e-08
160,0.35000000000000003,-0.3499999999999994,0.7295868349713336,0.5133814934532521
161,0.35000000000000003,-0.2999999999999994,14.538367908903663,10.46163212784353
162,0.35000000000000003,-0.24999999999999933,28.81534163475305,21.18465836524731
163,0.35000000000000003,-0.1999999999999993,42.81961582874545,32.180384171255014
164,0.35000000000000003,-0.14999999999999925,56.539292502865926,43.46070749713452
165,0.35000000000000003,-0.0999999999999992,69.96185616027459,55.03814383972584
166,0.35000000000000003,-0.049999999999999156,83.07415030586232,66.92584969413814
167,0.35000000000000003,8.881784197001252e-16,95.86235631080645,79.13764368919409
168,0.4,-1.0,9.175892188227883e-103,3.3756220904546765e-103
169,0.4,-0.95,4.0561318289766953e-94,1.568672574804825e-94
170,0.4,-0.8999999999999999,1.7814276671013618e-85,7.2427444046589e-86
171,0.4,-0.8499999999999999,7.761340460028715e-77,3.3173128045540727e-77
172,0.4,-0.7999999999999998,3.347215330188627e-68,1.5040007969909399e-68
173,0.4,-0.7499999999999998,1.424561802040164e-59,6.729153475962402e-60
174,0.4,-0.6999999999999997,5.956063450116798e-51,2.9576935777771616e-51
175,0.4,-0.6499999999999997,2.4289812912040413e-42,1.2680394249045898e-42
176,0.4,-0.5999999999999996,9.546211987977298e-34,5.239072219622231e-34
177,0.4,-0.5499999999999996,3.5337659865094216e-25,2.038805615845625e-25
178,0.4,-0.49999999999999956,1.1697490673749344e-16,7.09488673533157e-17
179,0.4,-0.4499999999999995,2.9291477512851183e-08,1.8677070663695887e-08
180,0.4,-0.39999999999999947,0.7446363048863305,0.49840183298729096
181,0.4,-0.3499999999999994,14.844957826395701,10.15504221032674
182,0.4,-0.2999999999999994,29.43842622727825,20.561573772722177
183,0.4,-0.24999999999999933,43.76944237654637,31.23055762345404
184,0.4,-0.1999999999999993,57.82644650865853,42.1735534913419
185,0.4,-0.14999999999999925,71.59725252046519,53.402747479535215
186,0.4,-0.0999999999999992,85.06901891028939,64.9309810897111
187,0.4,-0.049999999999999156,98.22822084532174,76.77177915467873
188,0.4,8.881784197001252e-16,111.06062414850621,88.93937585149429
189,0.45,-1.0,4.1606152295254493e-94,1.5306048055672145e-94
190,0.45,-0.95,1.8267481561104106e-85,7.064784514877632e-86
191,0.45,-0.8999999999999999,7.95608217976823e-77,3.2347016246966137e-77
192,0.45,-0.8499999999999999,3.4299177298698367e-68,1.4659980531020474e-68
193,0.45,-0.7999999999999998,1.459158856421743e-59,6.556423374384516e-60
194,0.45,-0.7499999999999998,6.097945164572792e-51,2.88046533619299e-51
195,0.45,-0.6999999999999997,2.4855970984746592e-42,1.234310990249085e-42
196,0.45,-0.6499999999999997,9.76330904693091e-34,5.0968942551629034e-34
197,0.45,-0.5999999999999996,3.611917539345082e-25,1.9822623742046852e-25
198,0.45,-0.5499999999999996,1.1948130262535876e-16,6.89347148937143e-17
199,0.45,-0.49999999999999956,2.989723322188894e-08,1.813358858857048e-08
200,0.45,-0.4499999999999995,0.7595348296094868,0.4835656613577851
201,0.45,-0.39999999999999947,15.148616084608827,9.851383952075052
202,0.45,-0.3499999999999994,30.055730233822224,19.944269766178124
203,0.45,-0.2999999999999994,44.71075747849567,30.289242521504672
204,0.45,-0.24999999999999933,59.102518078839104,40.897481921161294
205,0.45,-0.1999999999999993,73.2192046021884,51.78079539781199
206,0.45,-0.14999999999999925,87.04834842411174,62.951651575888704
207,0.45,-0.0999999999999992,100.57678626805675,74.42321373194366
208,0.45,-0.049999999999999156,113.79062736726662,86.20937263273377
209,0.45,8.881784197001252e-16,126.67522203860351,98.32477796139693
210,0.5,-1.0,1.8715336706335206e-85,6.884987608861979e-86
211,0.5,-0.95,8.148466095925994e-77,3.151346117522723e-77
212,0.5,-0.8999999999999999,3.5115929986835884e-68,1.4277071706222568e-68
213,0.5,-0.8499999999999999,1.4933153371416913e-59,6.382652732024058e-60
214,0.5,-0.7999999999999998,6.237976649207851e-51,2.802903585975981e-51
215,0.5,-0.7499999999999998,2.5414588064450975e-42,1.2005001353337646e-42
216,0.5,-0.6999999999999997,9.97746670043267e-34,4.954663332503031e-34
217,0.5,-0.6499999999999997,3.6890027004990965e-25,1.9258282802555372e-25
218,0.5,-0.5999999999999996,1.219537815268122e-16,6.692965436758329e-17
219,0.5,-0.5499999999999996,3.049513031529546e-08,1.7594159651864883e-08
220,0.5,-0.49999999999999956,0.7742658821135606,0.4688893437515675
221,0.5,-0.4499999999999995,15.448997542605953,9.551002494025848
222,0.5,-0.39999999999999947,30.666518084545377,19.33348191545495
223,0.5,-0.3499999999999994,45.64238420432883,29.35761579567152
224,0.5,-0.2999999999999994,60.36583172385423,39.63416827614611
225,0.5,-0.24999999999999933,74.82547423014023,50.17452576986016
226,0.5,-0.1999999999999993,89.0092662467108,60.99073375328957
227,0.5,-0.14999999999999925,102.90446550742291,72.09553449257749
228,0.5,-0.0999999999999992,116.497594720974,83.50240527902643
229,0.5,-0.049999999999999156,129.77440338711796,95.22559661288255
230,0.5,8.881784197001252e-16,142.71983041338342,107.28016958661699
231,0.55,-1.0,8.337911258891675e-77,3.0673461344581466e-77
232,0.55,-0.95,3.5920039890384756e-68,1.389175298973391e-68
233,0.55,-0.8999999999999999,1.5269365582538907e-59,6.208060769347659e-60
234,0.55,-0.8499999999999999,6.375790661949343e-51,2.7251081318964054e-51
235,0.55,-0.7999999999999998,2.596429486026149e-42,1.1666509713595398e-42
236,0.55,-0.7499999999999998,1.018820236230817e-33,4.812566028511373e-34
237,0.55,-0.6999999999999997,3.764865510809966e-25,1.8695768834193676e-25
238,0.55,-0.6499999999999997,1.2438800950917987e-16,6.493623504397647e-17
239,0.55,-0.5999999999999996,3.108431243638672e-08,1.7059432364010734e-08
240,0.55,-0.5499999999999996,0.7888137010976306,0.454388493771681
241,0.55,-0.49999999999999956,15.745773128383146,9.2542269081835
242,0.55,-0.4499999999999995,31.270088101180004,18.729911898820358
243,0.55,-0.39999999999999947,46.563199111300484,28.436800888699906
244,0.55,-0.3499999999999994,61.6147867734293,38.38521322657108
245,0.55,-0.2999999999999994,76.41392099777724,48.58607900222312
246,0.55,-0.24999999999999933,90.9490218841629,59.050978115837445
247,0.55,-0.1999999999999993,105.20781894502043,69.79218105498003
248,0.55,-0.14999999999999925,119.17730886877509,80.8226911312254
249,0.55,-0.0999999999999992,132.84371217400295,92.15628782599757
250,0.55,-0.049999999999999156,146.19242925327848,103.80757074672192
251,0.55,8.881784197001252e-16,159.20799649459607,115.7920035054044
252,0.6000000000000001,-1.0,3.6709055975702974e-68,1.3504506998272805e-68
253,0.6000000000000001,-0.95,1.5599251149103494e-59,6.03287035452809e-60
254,0.6000000000000001,-0.8999999999999999,6.511011470829268e-51,2.6471797182621935e-51
255,0.6000000000000001,-0.8499999999999999,2.6503699433325267e-42,1.1328076889684225e-42
256,0.6000000000000001,-0.7999999999999998,1.0395029270537002e-33,4.670787734098589e-34
257,0.6000000000000001,-0.7499999999999998,3.8393501780709484e-25,1.8135806083809753e-25
258,0.6000000000000001,-0.6999999999999997,1.2677971136105326e-16,6.295694148081586e-17
259,0.6000000000000001,-0.6499999999999997,3.166394933987405e-08,1.6530031027409205e-08
260,0.6000000000000001,-0.5999999999999996,0.8031633480439062,0.4400779141214734
261,0.6000000000000001,-0.5499999999999996,16.0386311273542,8.961368909134588
262,0.6000000000000001,-0.49999999999999956,31.865775437176417,18.134224562823945
263,0.6000000000000001,-0.4499999999999995,47.4721372938316,27.527862706168772
264,0.6000000000000001,-0.39999999999999947,62.84786511119484,37.152134888805534
265,0.6000000000000001,-0.3499999999999994,77.9825134080205,47.01748659197985
266,0.6000000000000001,-0.2999999999999994,92.86500239656023,57.13499760344016
267,0.6000000000000001,-0.24999999999999933,107.48357529006225,67.5164247099382
268,0.6000000000000001,-0.1999999999999993,121.82575338706329,78.17424661293713
269,0.6000000000000001,-0.14999999999999925,135.8782890969563,89.12171090304417
270,0.6000000000000001,-0.0999999999999992,149.6271171810909,100.37288281890957
271,0.6000000000000001,-0.049999999999999156,163.05730462737458,111.94269537262592
272,0.6000000000000001,8.881784197001252e-16,176.15299976258157,123.84700023741898
273,0.65,-1.0,1.5921810234518957e-59,5.857306651512585e-60
274,0.65,-0.95,6.64325543350577e-51,2.5692194054236977e-51
275,0.65,-0.8999999999999999,2.7031389495747735e-42,1.0990142829601763e-42
276,0.65,-0.8499999999999999,1.0597457348235843e-33,4.529511511325756e-34
277,0.65,-0.7999999999999998,3.9123013736076773e-25,1.7579103235175211e-25
278,0.65,-0.7499999999999998,1.2912467951043468e-16,6.099417973413238e-17
279,0.65,-0.6999999999999997,3.2233238897135745e-08,1.600655272888335e-08
280,0.65,-0.6499999999999997,0.8173007561003798,0.425971544942677
281,0.65,-0.5999999999999996,16.32727829719982,8.672721739198856
282,0.65,-0.5499999999999996,32.45295462109301,17.547045378907274
283,0.65,-0.49999999999999956,48.36819675383266,26.631803246167614
284,0.65,-0.4499999999999995,64.06363787672328,35.93636212327707
285,0.65,-0.39999999999999947,79.52933854502544,45.47066145497485
286,0.65,-0.3499999999999994,94.75474584384997,55.24525415615039
287,0.65,-0.2999999999999994,109.72864981042335,65.27135018957696
288,0.65,-0.24999999999999933,124.43913705286796,75.56086294713242
289,0.65,-0.1999999999999993,138.87354157280498,86.12645842719546
290,0.65,-0.14999999999999925,153.01839287292745,96.98160712707299
291,0.65,-0.0999999999999992,166.8593615312848,108.14063846871561
292,0.65,-0.049999999999999156,180.38120255896436,119.61879744103607
293,0.65,8.881784197001252e-16,193.56769703657886,131.43230296342165
294,0.7000000000000001,-1.0,6.77213143724037e-51,2.491327928671544e-51
295,0.7000000000000001,-0.95,2.7545934065126707e-42,1.0653142732357312e-42
296,0.7000000000000001,-0.8999999999999999,1.0794993793565813e-33,4.388916953551932e-34
297,0.7000000000000001,-0.8499999999999999,3.9835644278905363e-25,1.702634918860202e-25
298,0.7000000000000001,-0.7999999999999998,1.3141877985110746e-16,5.905026421604732e-17
299,0.7000000000000001,-0.7499999999999998,3.279140848397359e-08,1.5489564584081222e-08
300,0.7000000000000001,-0.6999999999999997,0.831212770491621,0.4120824200665189
301,0.7000000000000001,-0.6499999999999997,16.61144080350585,8.388559232791078
302,0.7000000000000001,-0.5999999999999996,33.031041689268804,16.96895831073146
303,0.7000000000000001,-0.5499999999999996,49.25044206504679,25.749557934953454
304,0.7000000000000001,-0.49999999999999956,65.26077108912592,34.73922891087442
305,0.7000000000000001,-0.4499999999999995,81.0526102023088,43.9473897976915
306,0.7000000000000001,-0.39999999999999947,96.61595261242215,53.38404738757816
307,0.7000000000000001,-0.3499999999999994,111.94015973885946,63.0598402611409
308,0.7000000000000001,-0.2999999999999994,127.01391444594503,72.98608555405532
309,0.7000000000000001,-0.24999999999999933,141.82517094570872,83.17482905429168
310,0.7000000000000001,-0.1999999999999993,156.36110129287266,93.6388987071278
311,0.7000000000000001,-0.14999999999999925,170.60803845672586,104.39196154327459
312,0.7000000000000001,-0.0999999999999992,184.55141604234075,115.44858395765979
313,0.7000000000000001,-0.049999999999999156,198.17570485524158,126.8242951447589
314,0.7000000000000001,8.881784197001252e-16,211.4643466692738,138.53565333072672
315,0.75,-1.0,2.804588431880321e-42,1.0317504250360242e-42
316,0.75,-0.95,1.0987143341589189e-33,4.2491790607675115e-34
317,0.75,-0.8999999999999999,4.0529854069924332e-25,1.6478208978545273e-25
318,0.75,-0.8499999999999999,1.3365795402002816e-16,5.712740532187638e-17
319,0.75,-0.7999999999999998,3.3337715685901495e-08,1.49796012541818e-08
320,0.75,-0.7499999999999998,0.8448871802717988,0.3984226313169628
321,0.75,-0.6999999999999997,16.890864973467938,8.109135062716026
322,0.75,-0.6499999999999997,33.59949590092667,16.40050409907362
323,0.75,-0.5999999999999996,50.118007318049145,24.881992681951093
324,0.75,-0.5499999999999996,66.43803016845365,33.5619698315466
325,0.75,-0.49999999999999956,82.55067542694121,42.44932457305904
326,0.75,-0.4499999999999995,98.44649455613023,51.55350544386998
327,0.75,-0.39999999999999947,114.11543674765474,60.884563252345586
328,0.75,-0.3499999999999994,129.54680270089793,70.4531972991024
329,0.75,-0.2999999999999994,144.72919472324799,80.27080527675231
330,0.75,-0.24999999999999933,159.6504629516558,90.34953704834446
331,0.75,-0.1999999999999993,174.29764752421687,100.70235247578351
332,0.75,-0.14999999999999925,188.65691657737298,111.34308342262739
333,0.75,-0.0999999999999992,202.71350001540955,122.28649998459089
334,0.75,-0.049999999999999156,216.45161910235024,133.5483808976502
335,0.75,8.881784197001252e-16,229.85441207266902,145.1455879273315
336,0.8,-1.0,1.1173408138928593e-33,4.110467142129496e-34
337,0.8,-0.95,4.120411051030263e-25,1.593531986928681e-25
338,0.8,-0.8999999999999999,1.3583821765468315e-16,5.522769793163398e-17
339,0.8,-0.8499999999999999,3.387144825578234e-08,1.4477162750269301e-08
340,0.8,-0.7999999999999998,0.858312741341044,0.3850033008889783
341,0.8,-0.7499999999999998,17.165317867692174,7.834682168368267
342,0.8,-0.6999999999999997,34.157821035698056,15.842178964302207
343,0.8,-0.6499999999999997,50.970098345321034,24.029901654679204
344,0.8,-0.5999999999999996,67.59428335240099,32.40571664759935
345,0.8,-0.5499999999999996,84.02201947270373,40.97798052729654
346,0.8,-0.49999999999999956,100.24442193523036,49.7555780647699
347,0.8,-0.4499999999999995,116.25203645767371,58.747963542326616
348,0.8,-0.39999999999999947,132.0347943446988,67.96520565530152
349,0.8,-0.3499999999999994,147.58196372462265,77.41803627537769
350,0.8,-0.2999999999999994,162.88209663497236,87.11790336502807
351,0.8,-0.24999999999999933,177.92297166984423,97.07702833015614
352,0.8,-0.1999999999999993,192.69153191535537,107.30846808464499
353,0.8,-0.14999999999999925,207.17381792832717,117.8261820716732
354,0.8,-0.0999999999999992,221.354895563752,128.64510443624843
355,0.8,-0.049999999999999156,235.21877853662664,139.78122146337384
356,0.8,8.881784197001252e-16,248.74834572403645,151.25165427596406
357,0.8500000000000001,-1.0,4.185688555076242e-25,1.5398287665591498e-25
358,0.8500000000000001,-0.95,1.3795565414206907e-16,5.3353110874238996e-17
359,0.8500000000000001,-0.8999999999999999,3.439192325720667e-08,1.3982712535545529e-08
360,0.8500000000000001,-0.8499999999999999,0.8714791907431367,0.3718345617132253
361,0.8500000000000001,-0.7999999999999998,17.434587672710833,7.565412363216057
362,0.8500000000000001,-0.7499999999999998,34.70556627997648,15.294433720023685
363,0.8500000000000001,-0.6999999999999997,51.80599423776789,23.194005762232393
364,0.8500000000000001,-0.6499999999999997,68.72850402565379,31.271495974346493
365,0.8500000000000001,-0.5999999999999996,85.46526918607185,39.534730813928455
366,0.8500000000000001,-0.5499999999999996,102.0079681832429,47.99203181675744
367,0.8500000000000001,-0.49999999999999956,118.34774501589037,56.65225498410994
368,0.8500000000000001,-0.4499999999999995,134.47516625284564,65.52483374715467
369,0.8500000000000001,-0.39999999999999947,150.38017416385725,74.61982583614311
370,0.8500000000000001,-0.3499999999999994,166.05203559731922,83.94796440268114
371,0.8500000000000001,-0.2999999999999994,181.47928623903377,93.52071376096656
372,0.8500000000000001,-0.24999999999999933,196.6496698736753,103.35033012632518
373,0.8500000000000001,-0.1999999999999993,211.55007226632222,113.44992773367824
374,0.8500000000000001,-0.14999999999999925,226.16644928940067,123.83355071059972
375,0.8500000000000001,-0.0999999999999992,240.48374894628503,134.5162510537154
376,0.8500000000000001,-0.049999999999999156,254.48582699430642,145.51417300569406
377,0.8500000000000001,8.881784197001252e-16,268.1553559573747,156.84464404262582
378,0.9,-1.0,1.4000640335041095e-16,5.150547742497273e-17
379,0.9,-0.95,3.489848532437221e-08,1.3496675930417573e-08
380,0.9,-0.8999999999999999,0.8843772523506321,0.3589255456157563
381,0.9,-0.8499999999999999,17.698483919216965,7.301516116566865
382,0.9,-0.7999999999999998,35.24232671436908,14.757673285631109
383,0.9,-0.7499999999999998,52.62504817490964,22.3749518250905
384,0.9,-0.6999999999999997,69.83977199717819,30.160228002822038
385,0.9,-0.6499999999999997,86.87919487683399,38.1208051231663
386,0.9,-0.5999999999999996,103.73555257365267,46.26444742634758
387,0.9,-0.5499999999999996,120.40058283682471,54.59941716317551
388,0.9,-0.49999999999999956,136.8654848456932,63.134515154307
389,0.9,-0.4499999999999995,153.1208748164305,71.87912518356976
390,0.9,-0.39999999999999947,169.15673739395268,80.8432626060476
391,0.9,-0.3499999999999994,184.96237241673788,90.03762758326242
392,0.9,-0.2999999999999994,200.52633661127706,99.47366338872322
393,0.9,-0.24999999999999933,215.8363797443326,109.16362025566782
394,0.9,-0.1999999999999993,230.8793747374625,119.12062526253793
395,0.9,-0.14999999999999925,245.6412412329067,129.35875876709372
396,0.9,-0.0999999999999992,260.1068620978803,139.89313790212012
397,0.9,-0.049999999999999156,274.2599923725229,150.74000762747755
398,0.9,8.881784197001252e-16,288.08316021481016,161.9168397851904
399,0.9500000000000001,-1.0,3.5390503964732006e-08,1.3019438820399797e-08
400,0.9500000000000001,-0.95,0.8969986341169142,0.3462843789869899
401,0.9500000000000001,-0.8999999999999999,17.95683753315495,7.043162502476939
402,0.9500000000000001,-0.8499999999999999,35.767743419718876,14.232256580281296
403,0.9500000000000001,-0.7999999999999998,53.4266876005365,21.57331239946371
404,0.9500000000000001,-0.7499999999999998,70.9272737764475,29.07272622355272
405,0.9500000000000001,-0.6999999999999997,88.26271074945507,36.737289250545174
406,0.9500000000000001,-0.6499999999999997,105.42578089466964,44.57421910533068
407,0.9500000000000001,-0.5999999999999996,122.40880565632231,52.591194343677905
408,0.9500000000000001,-0.5499999999999996,139.203607722699,60.79639227730128
409,0.9500000000000001,-0.49999999999999956,155.80146952611574,69.19853047388455
410,0.9500000000000001,-0.4499999999999995,172.19308767649514,77.80691232350517
411,0.9500000000000001,-0.39999999999999947,188.3685228966862,86.63147710331421
412,0.9500000000000001,-0.3499999999999994,204.31714498476612,95.68285501523428
413,0.9500000000000001,-0.2999999999999994,220.02757228382754,104.97242771617285
414,0.9500000000000001,-0.24999999999999933,235.4876050943157,114.5123949056846
415,0.9500000000000001,-0.1999999999999993,250.68415241962435,124.31584758037607
416,0.9500000000000001,-0.14999999999999925,265.60315139508424,134.3968486049162
417,0.9500000000000001,-0.0999999999999992,280.2294787177137,144.77052128228675
418,0.9500000000000001,-0.049999999999999156,294.54685337496886,155.45314662503154
419,0.9500000000000001,8.881784197001252e-16,308.5377299736271,166.4622700263733
420,1.0,-1.0,0.9093360171337753,0.3339181855908971
421,1.0,-0.95,18.20950072866117,6.790499306810309
422,1.0,-0.8999999999999999,36.28150322364413,13.718496776355975
423,1.0,-0.8499999999999999,54.21041378374586,20.789586216254257
424,1.0,-0.7999999999999998,71.99030191281807,28.00969808718209
425,1.0,-0.7499999999999998,89.61487399156371,35.38512600843648
426,1.0,-0.6999999999999997,107.07744427032497,42.92255572967524
427,1.0,-0.6499999999999997,124.3709030897396,50.629096910260564
428,1.0,-0.5999999999999996,141.48768199478488,58.512318005215306
429,1.0,-0.5499999999999996,158.41971539743898,66.58028460256115
430,1.0,-0.49999999999999956,175.1583984027122,74.8416015972881
431,1.0,-0.4499999999999995,191.6945403679461,83.30545963205412
432,1.0,-0.39999999999999947,208.01831371586402,91.98168628413625
433,1.0,-0.3499999999999994,224.11919746779344,100.88080253220689
434,1.0,-0.2999999999999994,239.98591490494795,110.01408509505235
435,1.0,-0.24999999999999933,255.60636470310982,119.39363529689052
436,1.0,-0.1999999999999993,270.9675448205002,129.03245517950012
437,1.0,-0.14999999999999925,286.0554683517934,138.9445316482071
438,1.0,-0.0999999999999992,300.85507049594383,149.1449295040567
439,1.0,-0.049999999999999156,315.3501057261681,159.6498942738323
440,1.0,8.881784197001252e-16,329.5230342037035,170.47696579629687
441,1.05,-1.0,18.456346753410433,6.543653281892763
442,1.05,-0.95,36.78333811323425,13.216661886765882
443,1.05,-0.8999999999999999,54.975800811891844,20.02419918810832
444,1.05,-0.8499999999999999,73.02825347285209,26.971746527148056
445,1.05,-0.7999999999999998,90.93488263197104,34.06511736802913
446,1.05,-0.7499999999999998,108.68951628967245,41.310483710327695
447,1.05,-0.6999999999999997,126.28559492036001,48.714405079640116
448,1.05,-0.6499999999999997,143.71613962296942,56.2838603770307
449,1.05,-0.5999999999999996,160.9737170867984,64.0262829132018
450,1.05,-0.5499999999999996,178.05040100602005,71.94959899398017
451,1.05,-0.49999999999999956,194.93772953038152,80.06227046961874
452,1.05,-0.4499999999999995,211.6266582879594,88.3733417120409
453,1.05,-0.39999999999999947,228.10750845794917,96.89249154205118
454,1.05,-0.3499999999999994,244.3699093067983,105.63009069320196
455,1.05,-0.2999999999999994,260.40273452915477,114.59726547084556
456,1.05,-0.24999999999999933,276.194031655876,123.8059683441244
457,1.05,-0.1999999999999993,291.7309437048464,133.26905629515397
458,1.05,-0.14999999999999925,306.9996221572034,143.00037784279706
459,1.05,-0.0999999999999992,321.9851302432224,153.014869756778
460,1.05,-0.049999999999999156,336.67133542123315,163.32866457876722
461,1.05,8.881784197001252e-16,351.04078983404185,173.95921016595858
462,1.1,-1.0,37.27302434244433,12.72697565755572
463,1.1,-0.95,55.722494067042796,19.27750593295735
464,1.1,-0.8999999999999999,74.04062773832793,25.95937226167227
465,1.1,-0.8499999999999999,92.22207229240179,32.77792770759836
466,1.1,-0.7999999999999998,110.26114862278163,39.73885137721858
467,1.1,-0.7499999999999998,128.15182536776908,46.84817463223112
468,1.1,-0.6999999999999997,145.8876901048825,54.11230989511769
469,1.1,-0.6499999999999997,163.46191765193655,61.538082348063654
470,1.1,-0.5999999999999996,180.86723513529674,69.13276486470349
471,1.1,-0.5499999999999996,198.09588344135022,76.90411655865006
472,1.1,-0.49999999999999956,215.13957461658336,84.8604253834169
473,1.1,-0.4499999999999995,231.9894447240235,93.0105552759768
474,1.1,-0.39999999999999947,248.63600159829784,101.36399840170245
475,1.1,-0.3499999999999994,265.06906686725307,109.93093313274727
476,1.1,-0.2999999999999994,281.2777115239926,118.72228847600775
477,1.1,-0.24999999999999933,297.2501842384036,127.74981576159684
478,1.1,-0.1999999999999993,312.9738314909395,137.02616850906085
479,1.1,-0.14999999999999925,328.43500849305343,146.56499150694705
480,1.1,-0.0999999999999992,343.61897972815586,156.38102027184462
481,1.1,-0.049999999999999156,358.50980780504364,166.49019219495688
482,1.1,8.881784197001252e-16,373.0902291644363,176.9097708355642
483,1.1500000000000001,-1.0,56.45020824111036,18.549791758889764
484,1.1500000000000001,-0.95,75.0270232130496,24.97297678695051
485,1.1500000000000001,-0.8999999999999999,93.47591196478037,31.524088035219833
486,1.1500000000000001,-0.8499999999999999,111.79166531282637,38.20833468717382
487,1.1500000000000001,-0.7999999999999998,129.9687556004029,45.03124439959724
488,1.1500000000000001,-0.7499999999999998,148.00131087044176,51.998689129558464
489,1.1500000000000001,-0.6999999999999997,165.88308644618888,59.11691355381138
490,1.1500000000000001,-0.6499999999999997,183.60743361209668,66.39256638790356
491,1.1500000000000001,-0.5999999999999996,201.16726504633542,73.8327349536648
492,1.1500000000000001,-0.5499999999999996,218.55501660875464,81.44498339124564
493,1.1500000000000001,-0.49999999999999956,235.76260503360209,89.23739496639821
494,1.1500000000000001,-0.4499999999999995,252.78138101368873,97.2186189863116
495,1.1500000000000001,-0.39999999999999947,269.60207709076855,105.39792290923182
496,1.1500000000000001,-0.3499999999999994,286.21474968432767,113.7852503156727
497,1.1500000000000001,-0.2999999999999994,302.6087144962415,122.3912855037589
498,1.1500000000000001,-0.24999999999999933,318.7724744202292,131.22752557977125
499,1.1500000000000001,-0.1999999999999993,334.69363896098344,140.30636103901708
500,1.1500000000000001,-0.14999999999999925,350.35883402652763,149.64116597347288
501,1.1500000000000001,-0.0999999999999992,365.7536007971175,159.24639920288303
502,1.1500000000000001,-0.049999999999999156,380.86228219354643,169.1377178064541
503,1.1500000000000001,8.881784197001252e-16,395.66789526640963,179.33210473359088
504,1.2000000000000002,-1.0,75.98713402951233,24.01286597048784
505,1.2000000000000002,-0.95,94.69599894973739,30.304001050262816
506,1.2000000000000002,-0.8999999999999999,113.28055593834635,36.71944406165387
507,1.2000000000000002,-0.8499999999999999,131.73575476232037,43.26424523767979
508,1.2000000000000002,-0.7999999999999998,150.05623575504927,49.94376424495098
509,1.2000000000000002,-0.7499999999999998,168.23630455257745,56.76369544742282
510,1.2000000000000002,-0.6999999999999997,186.26990426317937,63.73009573682088
511,1.2000000000000002,-0.6499999999999997,204.1505847602008,70.84941523979944
512,1.2000000000000002,-0.5999999999999996,221.87146874510077,78.1285312548995
513,1.2000000000000002,-0.5499999999999996,239.4252141779933,85.57478582200699
514,1.2000000000000002,-0.49999999999999956,256.80397261562575,93.19602738437466
515,1.2000000000000002,-0.4499999999999995,273.99934293036046,101.00065706963987
516,1.2000000000000002,-0.39999999999999947,291.00231980686453,108.99768019313588
517,1.2000000000000002,-0.3499999999999994,307.80323632411967,117.19676367588072
518,1.2000000000000002,-0.2999999999999994,324.3916998270677,125.6083001729327
519,1.2000000000000002,-0.24999999999999933,340.7565201723989,134.24347982760156
520,1.2000000000000002,-0.1999999999999993,356.8856292941101,143.11437070589042
521,1.2000000000000002,-0.14999999999999925,372.7659908736016,152.23400912639883
522,1.2000000000000002,-0.0999999999999992,388.38349871310754,161.6165012868929
523,1.2000000000000002,-0.049999999999999156,403.72286219683645,171.27713780316398
524,1.2000000000000002,8.881784197001252e-16,418.76747697803415,181.2325230219663
525,1.25,-1.0,95.88205309236487,29.11794690763519
526,1.25,-0.95,114.72746783932303,35.272532160676995
527,1.25,-0.8999999999999999,133.45238978244404,41.54761021755597
528,1.25,-0.8499999999999999,152.05194191474163,47.94805808525849
529,1.25,-0.7999999999999998,170.5209482458177,54.47905175418248
530,1.25,-0.7499999999999998,188.85390927497497,61.146090725025225
531,1.25,-0.6999999999999997,207.04497494875116,67.955025051249
532,1.25,-0.6499999999999997,225.08791479426947,74.91208520573063
533,1.25,-0.5999999999999996,242.97608487598123,82.0239151240189
534,1.25,-0.5499999999999996,260.7023911725554,89.29760882744479
535,1.25,-0.49999999999999956,278.25924891162185,96.74075108837839
536,1.25,-0.4499999999999995,295.6385373313472,104.36146266865308
537,1.25,-0.39999999999999947,312.83154925769725,112.16845074230297
538,1.25,-0.3499999999999994,329.82893479268324,120.17106520731691
539,1.25,-0.2999999999999994,346.6206382994924,128.37936170050787
540,1.25,-0.24999999999999933,363.195827742334,136.80417225766632
541,1.25,-0.1999999999999993,379.54281528875833,145.45718471124204
542,1.25,-0.14999999999999925,395.6489679062278,154.3510320937726
543,1.25,-0.0999999999999992,411.50060647834,163.4993935216604
544,1.25,-0.049999999999999156,427.082891724141,172.91710827585945
545,1.25,8.881784197001252e-16,442.37969492061796,182.6203050793825
546,1.3,-1.0,116.13219759580346,33.867802404196645
547,1.3,-0.95,135.11841422624178,39.88158577375824
548,1.3,-0.8999999999999999,153.98813553460303,46.01186446539704
549,1.3,-0.8499999999999999,172.73667095036575,52.26332904963441
550,1.3,-0.7999999999999998,191.35904268729573,58.64095731270432
551,1.3,-0.7499999999999998,209.84996211825927,65.15003788174094
552,1.3,-0.6999999999999997,228.2038037101322,71.79619628986794
553,1.3,-0.6499999999999997,246.41457621589058,78.58542378410962
554,1.3,-0.5999999999999996,264.47589077714656,85.52410922285368
555,1.3,-0.5499999999999996,282.3809255393923,92.61907446060788
556,1.3,-0.49999999999999956,300.1223863226873,99.87761367731294
557,1.3,-0.4499999999999995,317.6924628209225,107.30753717907776
558,1.3,-0.39999999999999947,335.0827797212245,114.91722027877586
559,1.3,-0.3499999999999994,352.2843420392566,122.71565796074366
560,1.3,-0.2999999999999994,369.28747385342643,130.71252614657388
561,1.3,-0.24999999999999933,386.0817494880368,138.91825051196375
562,1.3,-0.1999999999999993,402.65591603831814,147.34408396168234
563,1.3,-0.14999999999999925,418.9978059443306,156.00219405566978
564,1.3,-0.0999999999999992,435.0942381002958,164.9057618997047
565,1.3,-0.049999999999999156,450.9309057243021,174.0690942756983
566,1.3,8.881784197001252e-16,466.4922489025438,183.50775109745663
567,1.35,-1.0,136.7337564362935,38.26624356370659
568,1.35,-0.95,155.8647366613013,44.13526333869882
569,1.35,-0.8999999999999999,174.88338413259814,50.11661586740202
570,1.35,-0.8499999999999999,193.785206600454,56.21479339954611
571,1.35,-0.7999999999999998,212.5654375597285,62.43456244027155
572,1.35,-0.7499999999999998,231.21901367759025,68.78098632240993
573,1.35,-0.6999999999999997,249.74054987997903,75.25945012002113
574,1.35,-0.6499999999999997,268.12431180362717,81.87568819637302
575,1.35,-0.5999999999999996,286.36418527745377,88.63581472254646
576,1.35,-0.5499999999999996,304.4536424469386,95.54635755306163
577,1.35,-0.49999999999999956,322.38570409629784,102.61429590370241
578,1.35,-0.4499999999999995,340.15289765429486,109.84710234570562
579,1.35,-0.39999999999999947,357.74721028834045,117.25278971165983
580,1.35,-0.3499999999999994,375.1600363957724,124.83996360422792
581,1.35,-0.2999999999999994,392.38211868791973,132.61788131208064
582,1.35,-0.24999999999999933,409.4034819282362,140.59651807176408
583,1.35,-0.1999999999999993,426.2133582260611,148.78664177393924
584,1.35,-0.14999999999999925,442.80010259718534,157.19989740281514
585,1.35,-0.0999999999999992,459.15109727490363,165.84890272509682
586,1.35,-0.049999999999999156,475.2526429827374,174.747357017263
587,1.35,8.881784197001252e-16,491.0898350529007,183.9101649470997
588,1.4000000000000001,-1.0,157.6818634646996,42.31813653530047
589,1.4000000000000001,-0.95,176.96123752784015,48.03876247216001
590,1.4000000000000001,-0.8999999999999999,196.1325866170156,53.86741338298457
591,1.4000000000000001,-0.8499999999999999,215.1916271207947,59.808372879205464
592,1.4000000000000001,-0.7999999999999998,234.13381517090454,65.86618482909566
593,1.4000000000000001,-0.7499999999999998,252.9543252559635,72.04567474403672
594,1.4000000000000001,-0.6999999999999997,271.64802661315053,78.35197338684975
595,1.4000000000000001,-0.6499999999999997,290.20945711805103,84.79054288194932
596,1.4000000000000001,-0.5999999999999996,308.6327943514913,91.36720564850897
597,1.4000000000000001,-0.5499999999999996,326.91182347369005,98.08817652631016
598,1.4000000000000001,-0.49999999999999956,345.0399014791558,104.96009852084447
599,1.4000000000000001,-0.4499999999999995,363.00991733880505,111.99008266119529
600,1.4000000000000001,-0.39999999999999947,380.8142474567532,119.18575254324718
601,1.4000000000000001,-0.3499999999999994,398.44470577569496,126.55529422430546
602,1.4000000000000001,-0.2999999999999994,415.8924877537492,134.10751224625116
603,1.4000000000000001,-0.24999999999999933,433.1481073034087,141.85189269659162
604,1.4000000000000001,-0.1999999999999993,450.2013256252825,149.79867437471796
605,1.4000000000000001,-0.14999999999999925,467.0410706800481,157.9589293199523
606,1.4000000000000001,-0.0999999999999992,483.65534581452465,166.3446541854757
607,1.4000000000000001,-0.049999999999999156,500.03112578343337,174.96887421656717
608,1.4000000000000001,8.881784197001252e-16,516.1542380765648,183.84576192343567
609,1.4500000000000002,-1.0,178.9705990607948,46.029400939205324
610,1.4500000000000002,-0.95,198.40162698040513,51.598373019595
611,1.4500000000000002,-0.8999999999999999,217.7290606966214,57.270939303378746
612,1.4500000000000002,-0.8499999999999999,236.94883377694924,63.051166223050785
613,1.4500000000000002,-0.7999999999999998,256.0566343892138,68.94336561078636
614,1.4500000000000002,-0.7499999999999998,275.04788521245774,74.95211478754248
615,1.4500000000000002,-0.6999999999999997,293.9177212623882,81.08227873761192
616,1.4500000000000002,-0.6499999999999997,312.6609653682253,87.339034631775
617,1.4500000000000002,-0.5999999999999996,331.2721009986128,93.72789900138751
618,1.4500000000000002,-0.5499999999999996,349.745242088322,100.25475791167825
619,1.4500000000000002,-0.49999999999999956,368.07409946347906,106.9259005365212
620,1.4500000000000002,-0.4499999999999995,386.2519433993969,113.74805660060355
621,1.4500000000000002,-0.39999999999999947,404.2715617698107,120.72843823018965
622,1.4500000000000002,-0.3499999999999994,422.1252131570107,127.87478684298965
623,1.4500000000000002,-0.2999999999999994,439.8045741860579,135.19542581394245
624,1.4500000000000002,-0.24999999999999933,457.3006802193238,142.6993197806767
625,1.4500000000000002,-0.1999999999999993,474.603858395444,150.39614160455636
626,1.4500000000000002,-0.14999999999999925,491.70365181380095,158.29634818619954
627,1.4500000000000002,-0.0999999999999992,508.58873344477166,166.41126655522893
628,1.4500000000000002,-0.049999999999999156,525.2468080783856,174.75319192161487
629,1.4500000000000002,8.881784197001252e-16,541.6645002985799,183.3354997014207
630,1.5,-1.0,200.59300581070866,49.40699418929135
631,1.5,-0.95,220.1785419465078,54.8214580534923
632,1.5,-0.8999999999999999,239.66501342107134,60.33498657892868
633,1.5,-0.8499999999999999,259.04857757481875,65.95142242518138
634,1.5,-0.7999999999999998,278.3251618646894,71.67483813531067
635,1.5,-0.7499999999999998,297.4904451584099,77.50955484159033
636,1.5,-0.6999999999999997,316.53983709365457,83.46016290634556
637,1.5,-0.6499999999999997,335.46845525813615,89.53154474186398
638,1.5,-0.5999999999999996,354.27109991024344,95.72890008975664
639,1.5,-0.5499999999999996,372.94222591714515,102.05777408285496
640,1.5,-0.49999999999999956,391.47591153702774,108.52408846297249
641,1.5,-0.4499999999999995,409.86582361284246,115.13417638715784
642,1.5,-0.39999999999999947,428.10517867472436,121.89482132527593
643,1.5,-0.3499999999999994,446.1866993648377,128.81330063516262
644,1.5,-0.2999999999999994,464.10256549896553,135.8974345010346
645,1.5,-0.24999999999999933,481.844358960196,143.1556410398042
646,1.5,-0.1999999999999993,499.4030014771827,150.59699852281761
647,1.5,-0.14999999999999925,516.7686841672346,158.23131583276572
648,1.5,-0.0999999999999992,533.9307875160246,166.06921248397566
649,1.5,-0.049999999999999156,550.8777902123695,174.12220978763088
650,1.5,8.881784197001252e-16,567.5971649473277,182.40283505267274
651,1.55,-1.0,222.54111865890152,52.458881341098525
652,1.55,-0.95,242.28358052045354,57.71641947954658
653,1.55,-0.8999999999999999,261.9315802383837,63.06841976161642
654,1.55,-0.8499999999999999,281.481503451872,68.51849654812817
655,1.55,-0.7999999999999998,300.92952187900005,74.0704781210001
656,1.55,-0.7499999999999998,320.2715760536862,79.72842394631387
657,1.55,-0.6999999999999997,339.5033562875602,85.49664371243993
658,1.55,-0.6499999999999997,358.6202816338456,91.37971836615456
659,1.55,-0.5999999999999996,377.6174765970998,97.38252340290038
660,1.55,-0.5499999999999996,396.4897452936866,103.51025470631363
661,1.55,-0.49999999999999956,415.23154272199787,109.76845727800244
662,1.55,-0.4499999999999995,433.8369427472989,116.16305725270136
663,1.55,-0.39999999999999947,452.2996023419405,122.70039765805973
664,1.55,-0.3499999999999994,470.61272154544844,129.38727845455188
665,1.55,-0.2999999999999994,488.7689985180659,136.2310014819345
666,1.55,-0.24999999999999933,506.76057895243235,143.23942104756802
667,1.55,-0.1999999999999993,524.5789989771869,150.4210010228134
668,1.55,-0.14999999999999925,542.2151205282988,157.7848794717016
669,1.55,-0.0999999999999992,559.6590579724449,165.34094202755554
670,1.55,-0.049999999999999156,576.9000945336497,173.0999054663507
671,1.55,8.881784197001252e-16,593.9265867893413,181.07341321065914
672,1.6,-1.0,244.8060094829199,55.193990517080216
673,1.6,-0.95,264.7073516132714,60.2926483867287
674,1.6,-0.8999999999999999,284.5188802033115,65.4811197966885
675,1.6,-0.8499999999999999,304.23721158146907,70.76278841853113
676,1.6,-0.7999999999999998,323.85876434476484,76.1412356552353
677,1.6,-0.7499999999999998,343.37974357003054,81.62025642996964
678,1.6,-0.6999999999999997,362.7961234156189,87.2038765843812
679,1.6,-0.6499999999999997,382.10362791283666,92.89637208716347
680,1.6,-0.5999999999999996,401.2977097165494,98.70229028345076
681,1.6,-0.5499999999999996,420.37352654950195,104.62647345049825
682,1.6,-0.49999999999999956,439.3259150338262,110.67408496617398
683,1.6,-0.4499999999999995,458.14936155474317,116.85063844525715
684,1.6,-0.39999999999999947,476.83796974407,123.16203025593028
685,1.6,-0.3499999999999994,495.3854241029419,129.6145758970585
686,1.6,-0.2999999999999994,513.7849492017975,136.21505079820287
687,1.6,-0.24999999999999933,532.0292637982806,142.97073620171983
688,1.6,-0.1999999999999993,550.110529096606,149.88947090339448
689,1.6,-0.14999999999999925,568.0202902305988,156.97970976940164
690,1.6,-0.0999999999999992,585.7494098812459,164.2505901187546
691,1.6,-0.049999999999999156,603.2879927308973,171.71200726910314
692,1.6,8.881784197001252e-16,620.6252992008823,179.37470079911824
693,1.6500000000000001,-1.0,267.3778455935284,57.622154406471644
694,1.6500000000000001,-0.95,287.4395392373363,62.560460762663745
695,1.6500000000000001,-0.8999999999999999,307.41608657349906,67.5839134265011
696,1.6500000000000001,-0.8499999999999999,327.304334865093,72.69566513490716
697,1.6500000000000001,-0.7999999999999998,347.1009498434908,77.89905015650936
698,1.6500000000000001,-0.7499999999999998,366.8024013981903,83.1975986018099
699,1.6500000000000001,-0.6999999999999997,386.40494782409144,88.59505217590886
700,1.6500000000000001,-0.6499999999999997,405.9046184479986,94.09538155200168
701,1.6500000000000001,-0.5999999999999996,425.2971944299126,99.70280557008755
702,1.6500000000000001,-0.5499999999999996,444.57818750396444,105.42181249603587
703,1.6500000000000001,-0.49999999999999956,463.7428163877524,111.25718361224789
704,1.6500000000000001,-0.4499999999999995,482.7859805462958,117.21401945370458
705,1.6500000000000001,-0.39999999999999947,501.7022309464679,123.29776905353242
706,1.6500000000000001,-0.3499999999999994,520.4857373780089,129.5142626219915
707,1.6500000000000001,-0.2999999999999994,539.1302518459819,135.8697481540184
708,1.6500000000000001,-0.24999999999999933,557.6290674543351,142.37093254566534
709,1.6500000000000001,-0.1999999999999993,575.9749720978753,149.02502790212517
710,1.6500000000000001,-0.14999999999999925,594.1601961565224,155.839803843478
711,1.6500000000000001,-0.0999999999999992,612.1763532361495,162.823646763851
712,1.6500000000000001,-0.049999999999999156,630.014372818301,169.9856271816995
713,1.6500000000000001,8.881784197001252e-16,647.6644234584915,177.335576541509
714,1.7000000000000002,-1.0,290.2459612179325,59.75403878206765
715,1.7000000000000002,-0.95,310.46898032440487,64.53101967559525
716,1.7000000000000002,-0.8999999999999999,330.611511512417,69.38848848758296
717,1.7000000000000002,-0.8499999999999999,350.6706311281014,74.32936887189878
718,1.7000000000000002,-0.7999999999999998,370.64324998726806,79.35675001273208
719,1.7000000000000002,-0.7499999999999998,390.526100522426,84.47389947757426
720,1.7000000000000002,-0.6999999999999997,410.3157226517667,89.68427734823355
721,1.7000000000000002,-0.6499999999999997,430.00844821416877,94.99155178583145
722,1.7000000000000002,-0.5999999999999996,449.60038379159084,100.39961620840947
723,1.7000000000000002,-0.5499999999999996,469.08739171369217,105.91260828630807
724,1.7000000000000002,-0.49999999999999956,488.4650690083847,111.53493099161557
725,1.7000000000000002,-0.4499999999999995,507.7287240253621,117.27127597463819
726,1.7000000000000002,-0.39999999999999947,526.8733504163583,123.12664958364199
727,1.7000000000000002,-0.3499999999999994,545.8935981045571,129.10640189544318
728,1.7000000000000002,-0.2999999999999994,564.7837408145052,135.2162591854952
729,1.7000000000000002,-0.24999999999999933,583.537639660941,141.46236033905947
730,1.7000000000000002,-0.1999999999999993,602.1487022074834,147.85129779251707
731,1.7000000000000002,-0.14999999999999925,620.6098363007909,154.39016369920955
732,1.7000000000000002,-0.0999999999999992,638.9133978584052,161.08660214159514
733,1.7000000000000002,-0.049999999999999156,657.0511316336955,167.94886836630496
734,1.7000000000000002,8.881784197001252e-16,675.0141037923206,174.98589620767993
735,1.75,-1.0,313.39894060412854,61.60105939587141
736,1.75,-0.95,333.78375452859024,66.21624547140964
737,1.75,-0.8999999999999999,354.0927031416817,70.90729685831835
738,1.75,-0.8499999999999999,374.3230880272626,75.67691197273736
739,1.75,-0.7999999999999998,394.47206084930343,80.52793915069668
740,1.75,-0.7499999999999998,414.5366119114429,85.4633880885571
741,1.75,-0.6999999999999997,434.51355759721025,90.48644240278976
742,1.75,-0.6499999999999997,454.3995265563755,95.6004734436247
743,1.75,-0.5999999999999996,474.1909444836095,100.80905551639079
744,1.75,-0.5499999999999996,493.8840173131072,106.11598268689289
745,1.75,-0.49999999999999956,513.4747126264513,111.52528737354893
746,1.75,-0.4499999999999995,532.9587390399995,117.04126096000074
747,1.75,-0.39999999999999947,552.3315233015554,122.66847669844483
748,1.75,-0.3499999999999994,571.5881847828571,128.41181521714316
749,1.75,-0.2999999999999994,590.7235070031229,134.27649299687744
750,1.75,-0.24999999999999933,609.7319057577496,140.26809424225067
751,1.75,-0.1999999999999993,628.6073933531136,146.3926066468868
752,1.75,-0.14999999999999925,647.3435383605441,152.65646163945632
753,1.75,-0.0999999999999992,665.933420196514,159.0665798034864
754,1.75,-0.049999999999999156,684.3695777075741,165.63042229242635
755,1.75,8.881784197001252e-16,702.6439507820567,172.3560492179438
756,1.8,-1.0,336.8247110136299,63.17528898637014
757,1.8,-0.95,357.3712840771407,67.62871592285939
758,1.8,-0.8999999999999999,377.84655277864584,72.15344722135417
759,1.8,-0.8499999999999999,398.2480382536289,76.75196174637108
760,1.8,-0.7999999999999998,418.5731267659255,81.42687323407462
761,1.8,-0.7499999999999998,438.81905961524313,86.18094038475694
762,1.8,-0.6999999999999997,458.98292207540766,91.01707792459254
763,1.8,-0.6499999999999997,479.06163124888934,95.93836875111086
764,1.8,-0.5999999999999996,499.05192270703543,100.94807729296475
765,1.8,-0.5499999999999996,518.9503357666367,106.04966423336347
766,1.8,-0.49999999999999956,538.7531972315054,111.24680276849482
767,1.8,-0.4499999999999995,558.4566034020095,116.54339659799072
768,1.8,-0.39999999999999947,578.0564001252558,121.94359987474436
769,1.8,-0.3499999999999994,597.5481606229217,127.45183937707858
770,1.8,-0.2999999999999994,616.9271607914764,133.07283920852396
771,1.8,-0.24999999999999933,636.1883516193184,138.811648380682
772,1.8,-0.1999999999999993,655.3263283054478,144.67367169455264
773,1.8,-0.14999999999999925,674.3352955925436,150.66470440745675
774,1.8,-0.0999999999999992,693.2090287410149,156.79097125898562
775,1.8,-0.049999999999999156,711.9408294663297,163.05917053367074
776,1.8,8.881784197001252e-16,730.5234760353837,169.4765239646168
777,1.85,-1.0,360.510643568812,64.48935643118797
778,1.85,-0.95,381.21844142406235,68.78155857593767
779,1.85,-0.8999999999999999,401.85940988190754,73.14059011809265
780,1.85,-0.8499999999999999,422.43128229740324,77.56871770259686
781,1.85,-0.7999999999999998,442.93167149450227,82.06832850549789
782,1.85,-0.7499999999999998,463.35806094086087,86.64193905913935
783,1.85,-0.6999999999999997,483.7077950926433,91.29220490735673
784,1.85,-0.6499999999999997,503.9780688132932,96.02193118670694
785,1.85,-0.5999999999999996,524.1659157569671,100.83408424303316
786,1.85,-0.5499999999999996,544.2681955919154,105.73180440808486
787,1.85,-0.49999999999999956,564.2815799211263,110.71842007887379
788,1.85,-0.4499999999999995,584.2025367365638,115.79746326343648
789,1.85,-0.39999999999999947,604.0273132187223,120.97268678127801
790,1.85,-0.3499999999999994,623.7519166642894,126.24808333571085
791,1.85,-0.2999999999999994,643.3720932905476,131.62790670945284
792,1.85,-0.24999999999999933,662.8833046247037,137.1166953752967
793,1.85,-0.1999999999999993,682.2807011382528,142.7192988617476
794,1.85,-0.14999999999999925,701.5590927290893,148.44090727091108
795,1.85,-0.0999999999999992,720.7129155853211,154.28708441467933
796,1.85,-0.049999999999999156,739.7361948819804,160.26380511802006
797,1.85,8.881784197001252e-16,758.6225026617902,166.37749733821016
798,1.9000000000000001,-1.0,384.4436597062548,65.5563402937452
799,1.9000000000000001,-0.95,405.3116622514772,69.68833774852286
800,1.9000000000000001,-0.8999999999999999,426.11720202472117,73.88279797527885
801,1.9000000000000001,-0.8499999999999999,446.8582158497333,78.14178415026686
802,1.9000000000000001,-0.7999999999999998,467.53253353503504,82.46746646496516
803,1.9000000000000001,-0.7499999999999998,488.137870223346,86.86212977665416
804,1.9000000000000001,-0.6999999999999997,508.671818037994,91.3281819620061
805,1.9000000000000001,-0.6499999999999997,529.131836946805,95.86816305319509
806,1.9000000000000001,-0.5999999999999996,549.515244753221,100.48475524677907
807,1.9000000000000001,-0.5499999999999996,569.8192061119504,105.18079388804988
808,1.9000000000000001,-0.49999999999999956,590.0407204520014,109.95927954799868
809,1.9000000000000001,-0.4499999999999995,610.1766086731242,114.8233913268761
810,1.9000000000000001,-0.39999999999999947,630.2234984620087,119.77650153799159
811,1.9000000000000001,-0.3499999999999994,650.1778080515578,124.8221919484425
812,1.9000000000000001,-0.2999999999999994,670.0357282194358,129.96427178056464
813,1.9000000000000001,-0.24999999999999933,689.7932022901298,135.20679770987041
814,1.9000000000000001,-0.1999999999999993,709.4459038668984,140.55409613310204
815,1.9000000000000001,-0.14999999999999925,728.9892119749675,146.01078802503292
816,1.9000000000000001,-0.0999999999999992,748.4181832436561,151.5818167563442
817,1.9000000000000001,-0.049999999999999156,767.7275206907572,157.27247930924315
818,1.9000000000000001,8.881784197001252e-16,786.9115385950981,163.08846140490243
819,1.9500000000000002,-1.0,408.61034086904203,66.38965913095808
820,1.9500000000000002,-0.95,429.63706126093115,70.36293873906901
821,1.9500000000000002,-0.8999999999999999,450.60555713334236,74.39444286665776
822,1.9500000000000002,-0.8499999999999999,471.51395885776446,78.48604114223563
823,1.9500000000000002,-0.7999999999999998,492.36030239448746,82.63969760551274
824,1.9500000000000002,-0.7499999999999998,513.1425227160703,86.85747728392984
825,1.9500000000000002,-0.6999999999999997,533.8584466416704,91.14155335832984
826,1.9500000000000002,-0.6499999999999997,554.5057850172549,95.4942149827453
827,1.9500000000000002,-0.5999999999999996,575.0821241681563,99.91787583184399
828,1.9500000000000002,-0.5499999999999996,595.5849165405405,104.41508345945977
829,1.9500000000000002,-0.49999999999999956,616.0114704369221,108.98852956307822
830,1.9500000000000002,-0.4499999999999995,636.3589387375761,113.64106126242423
831,1.9500000000000002,-0.39999999999999947,656.6243064842458,118.37569351575449
832,1.9500000000000002,-0.3499999999999994,676.804377184499,123.19562281550122
833,1.9500000000000002,-0.2999999999999994,696.8957576739548,128.1042423260455
834,1.9500000000000002,-0.24999999999999933,716.8948413487719,133.10515865122846
835,1.9500000000000002,-0.1999999999999993,736.7977895515177,138.20221044848267
836,1.9500000000000002,-0.14999999999999925,756.6005108588953,143.39948914110514
837,1.9500000000000002,-0.0999999999999992,776.2986379786691,148.70136202133136
838,1.9500000000000002,-0.049999999999999156,795.8875019140837,154.11249808591683
839,1.9500000000000002,8.881784197001252e-16,815.3621029953498,159.63789700465063
840,2.0,-1.0,432.9970390526686,67.00296094733142
841,2.0,-0.95,454.1805482039356,70.81945179606437
842,2.0,-0.8999999999999999,475.30992526448057,74.69007473551947
843,2.0,-0.8499999999999999,496.3834833220211,78.61651667797899
844,2.0,-0.7999999999999998,517.3994526875863,82.6005473124139
845,2.0,-0.7499999999999998,538.3559752884436,86.6440247115565
846,2.0,-0.6999999999999997,559.2510985723916,90.7489014276084
847,2.0,-0.6499999999999997,580.0827688709796,94.91723112902051
848,2.0,-0.5999999999999996,600.8488241624914,99.15117583750866
849,2.0,-0.5499999999999996,621.5469861677965,103.4530138322037
850,2.0,-0.49999999999999956,642.1748517032468,107.82514829675351
851,2.0,-0.4499999999999995,662.7298832044938,112.27011679550635
852,2.0,-0.39999999999999947,683.2093983231423,116.79060167685796
853,2.0,-0.3499999999999994,703.6105584842574,121.38944151574296
854,2.0,-0.2999999999999994,723.9303562765429,126.06964372345735
855,2.0,-0.24999999999999933,744.1656015280448,130.83439847195538
856,2.0,-0.1999999999999993,764.312905897989,135.68709410201123
857,2.0,-0.14999999999999925,784.3686657891685,140.6313342108318
858,2.0,-0.0999999999999992,804.3290433543405,145.6709566456597
859,2.0,-0.049999999999999156,824.1899453333815,150.8100546666188
860,2.0,8.881784197001252e-16,843.946999414237,156.05300058576327
861,2.0500000000000003,-1.0,457.58998589778736,67.41001410221277
862,2.0500000000000003,-0.95,478.92794171246203,71.07205828753818
863,2.0500000000000003,-0.8999999999999999,500.2156973454132,74.78430265458692
864,2.0500000000000003,-0.8499999999999999,521.4517371182603,78.54826288173984
865,2.0500000000000003,-0.7999999999999998,542.6344732112245,82.36552678877578
866,2.0500000000000003,-0.7499999999999998,563.762240920392,86.23775907960831
867,2.0500000000000003,-0.6999999999999997,584.8332935137253,90.16670648627507
868,2.0500000000000003,-0.6499999999999997,605.8457966440136,94.1542033559867
869,2.0500000000000003,-0.5999999999999996,626.7978222717502,98.20217772825008
870,2.0500000000000003,-0.5499999999999996,647.6873420449557,102.31265795504461
871,2.0500000000000003,-0.49999999999999956,668.5122200761186,106.48777992388166
872,2.0500000000000003,-0.4499999999999995,689.2702050485365,110.72979495146383
873,2.0500000000000003,-0.39999999999999947,709.9589215752331,115.04107842476719
874,2.0500000000000003,-0.3499999999999994,730.5758607230925,119.42413927690787
875,2.0500000000000003,-0.2999999999999994,751.118369602611,123.88163039738957
876,2.0500000000000003,-0.24999999999999933,771.5836399094293,128.41636009057117
877,2.0500000000000003,-0.1999999999999993,791.9686952871739,133.03130471282648
878,2.0500000000000003,-0.14999999999999925,812.2703773616473,137.72962263835322
879,2.0500000000000003,-0.0999999999999992,832.4853302735102,142.51466972649044
880,2.0500000000000003,-0.049999999999999156,852.6099835095857,147.39001649041484
881,2.0500000000000003,8.881784197001252e-16,872.6405328009392,152.35946719906119
882,2.1,-1.0,482.3753981891078,67.62460181089224
883,2.1,-0.95,503.86507869390664,71.13492130609343
884,2.1,-0.8999999999999999,525.3083185467996,74.69168145320059
885,2.1,-0.8499999999999999,546.7037614207272,78.29623857927277
886,2.1,-0.7999999999999998,568.0499884789419,81.9500115210582
887,2.1,-0.7499999999999998,589.3455143938987,85.65448560610139
888,2.1,-0.6999999999999997,610.5887830397986,89.41121696020157
889,2.1,-0.6499999999999997,631.7781628258305,93.22183717416968
890,2.1,-0.5999999999999996,652.9119416331939,97.08805836680638
891,2.1,-0.5499999999999996,673.9883213144406,101.0116786855597
892,2.1,-0.49999999999999956,695.0054117084917,104.99458829150855
893,2.1,-0.4499999999999995,715.9612241187332,109.03877588126713
894,2.1,-0.39999999999999947,736.8536641947604,113.14633580523984
895,2.1,-0.3499999999999994,757.6805241504669,117.31947584953339
896,2.1,-0.2999999999999994,778.4394742420683,121.56052575793213
897,2.1,-0.24999999999999933,799.1280534191176,125.87194658088289
898,2.1,-0.1999999999999993,819.7436590493162,130.25634095068426
899,2.1,-0.14999999999999925,840.2835356036566,134.7164643963438
900,2.1,-0.0999999999999992,860.7447621717514,139.25523782824897
901,2.1,-0.049999999999999156,881.1242386576436,143.87576134235687
902,2.1,8.881784197001252e-16,901.418670483377,148.58132951662347
903,2.15,-1.0,507.33957785891107,67.66042214108909
904,2.15,-0.95,528.9779173339628,71.02208266603736
905,2.15,-0.8999999999999999,550.5733942814111,74.42660571858892
906,2.15,-0.8499999999999999,572.1247996761305,77.87520032386954
907,2.15,-0.7999999999999998,593.6308706290398,81.36912937096024
908,2.15,-0.7499999999999998,615.0902870696972,84.90971293030294
909,2.15,-0.6999999999999997,636.5016681658866,88.4983318341134
910,2.15,-0.6499999999999997,657.863568454521,92.13643154547911
911,2.15,-0.5999999999999996,679.1744736551847,95.8255263448154
912,2.15,-0.5499999999999996,700.4327961342431,99.56720386575708
913,2.15,-0.49999999999999956,721.6368699835602,103.36313001643987
914,2.15,-0.4499999999999995,742.7849456734499,107.21505432655036
915,2.15,-0.39999999999999947,763.8751842344143,111.12481576558581
916,2.15,-0.3499999999999994,784.9056509164303,115.09434908356988
917,2.15,-0.2999999999999994,805.8743082678557,119.12569173214462
918,2.15,-0.24999999999999933,826.7790085683496,123.22099143165072
919,2.15,-0.1999999999999993,847.6174855413021,127.38251445869818
920,2.15,-0.14999999999999925,868.387345260969,131.6126547390311
921,2.15,-0.0999999999999992,889.0860561575364,135.91394384246385
922,2.15,-0.049999999999999156,909.7109380093763,140.28906199062408
923,2.15,8.881784197001252e-16,930.2591497954419,144.74085020455848
924,2.2,-1.0,532.4690048878986,67.53099511210138
925,2.2,-0.95,554.2526320841666,70.74736791583354
926,2.2,-0.8999999999999999,575.9967871981413,74.00321280185888
927,2.2,-0.8499999999999999,597.700396500623,77.2996034993774
928,2.2,-0.7999999999999998,619.3623400939747,80.63765990602538
929,2.2,-0.7499999999999998,640.9814491670214,84.0185508329787
930,2.2,-0.6999999999999997,662.556503039831,87.4434969601691
931,2.2,-0.6499999999999997,684.086225978586,90.91377402141453
932,2.2,-0.5999999999999996,705.5692837585044,94.4307162414955
933,2.2,-0.5499999999999996,727.0042799502694,97.99572004973079
934,2.2,-0.49999999999999956,748.389751902533,101.6102480974674
935,2.2,-0.4499999999999995,769.7241663898518,105.27583361014851
936,2.2,-0.39999999999999947,791.0059148916749,108.99408510832524
937,2.2,-0.3499999999999994,812.2333084637997,112.76669153620058
938,2.2,-0.2999999999999994,833.4045721588739,116.59542784112632
939,2.2,-0.24999999999999933,854.5178389469885,120.48216105301172
940,2.2,-0.1999999999999993,875.5711430810281,124.42885691897231
941,2.2,-0.14999999999999925,896.562412844116,128.43758715588433
942,2.2,-0.0999999999999992,917.4894626080101,132.51053739199017
943,2.2,-0.049999999999999156,938.3499841214737,136.65001587852672
944,2.2,8.881784197001252e-16,959.1415369362345,140.85846306376592
945,2.25,-1.0,557.7504218257905,67.24957817420959
946,2.25,-0.95,579.6756993766098,70.32430062339013
947,2.25,-0.8999999999999999,601.5647039451437,73.43529605485655
948,2.25,-0.8499999999999999,623.4164853182067,76.58351468179343
949,2.25,-0.7999999999999998,645.2300539094189,79.76994609058123
950,2.25,-0.7499999999999998,667.0043785027033,82.99562149729678
951,2.25,-0.6999999999999997,688.7383838293179,86.26161617068242
952,2.25,-0.6499999999999997,710.4309479632977,89.56905203670239
953,2.25,-0.5999999999999996,732.0808995185548,92.91910048144545
954,2.25,-0.5499999999999996,753.6870146290217,96.31298537097834
955,2.25,-0.49999999999999956,775.2480136911582,99.75198630884195
956,2.25,-0.4499999999999995,796.7625578457603,103.23744215423996
957,2.25,-0.39999999999999947,818.2292451733566,106.77075482664381
958,2.25,-0.3499999999999994,839.6466065744283,110.35339342557194
959,2.25,-0.2999999999999994,861.0131013022412,113.98689869775882
960,2.25,-0.24999999999999933,882.3271121121317,117.67288788786864
961,2.25,-0.1999999999999993,903.5869399865861,121.41306001341407
962,2.25,-0.14999999999999925,924.7907983902948,125.20920160970557
963,2.25,-0.0999999999999992,945.9368070034143,129.06319299658605
964,2.25,-0.049999999999999156,967.0229848744606,132.97701512553948
965,2.25,8.881784197001252e-16,988.0472429263503,136.95275707365008
966,2.3000000000000003,-1.0,583.1709089994216,66.82909100057854
967,2.3000000000000003,-0.95,605.2339731847414,69.76602681525857
968,2.3000000000000003,-0.8999999999999999,627.2637708851994,72.73622911480078
969,2.3000000000000003,-0.8499999999999999,649.2594640027007,75.7405359972996
970,2.3000000000000003,-0.7999999999999998,671.2201810211423,78.77981897885797
971,2.3000000000000003,-0.7499999999999998,693.145015163166,81.85498483683423
972,2.3000000000000003,-0.6999999999999997,715.0330224160498,84.96697758395055
973,2.3000000000000003,-0.6499999999999997,736.8832194153042,88.1167805846959
974,2.3000000000000003,-0.5999999999999996,758.6945811733489,91.3054188266512
975,2.3000000000000003,-0.5499999999999996,780.4660386392986,94.53396136070153
976,2.3000000000000003,-0.49999999999999956,802.1964760743962,97.80352392560437
977,2.3000000000000003,-0.4499999999999995,823.8847282259254,101.115271774075
978,2.3000000000000003,-0.39999999999999947,845.52957728054,104.47042271946049
979,2.3000000000000003,-0.3499999999999994,867.1297495757691,107.8702504242312
980,2.3000000000000003,-0.2999999999999994,888.68391204604,111.31608795396096
981,2.3000000000000003,-0.24999999999999933,910.1906683767589,114.80933162324153
982,2.3000000000000003,-0.1999999999999993,931.6485548368737,118.35144516312661
983,2.3000000000000003,-0.14999999999999925,953.0560357567055,121.94396424329516
984,2.3000000000000003,-0.0999999999999992,974.4114986137752,125.58850138622485
985,2.3000000000000003,-0.049999999999999156,995.7132486846367,129.28675131536366
986,2.3000000000000003,8.881784197001252e-16,1016.9595032153209,133.04049678467888
987,2.35,-1.0,608.7179498187598,66.28205018124025
988,2.35,-0.95,630.9147499167667,69.08525008323342
989,2.35,-0.8999999999999999,653.0810983396028,71.91890166039741
990,2.35,-0.8499999999999999,675.2162582047287,74.78374179527152
991,2.35,-0.7999999999999998,697.3194643936424,77.68053560635757
992,2.35,-0.7499999999999998,719.3899220550917,80.6100779449086
993,2.35,-0.6999999999999997,741.4268050061694,83.5731949938308
994,2.35,-0.6499999999999997,763.4292540227303,86.57074597726994
995,2.35,-0.5999999999999996,785.3963750096887,89.6036249903117
996,2.35,-0.5499999999999996,807.3272370408134,92.67276295918656
997,2.35,-0.49999999999999956,829.2208702565609,95.77912974343924
998,2.35,-0.4499999999999995,851.076263607271,98.92373639272941
999,2.35,-0.39999999999999947,872.8923624277247,102.1076375722753
1000,2.35,-0.3499999999999994,894.6680658275262,105.33193417247405
1001,2.35,-0.2999999999999994,916.4022238800608,108.59777611993951
1002,2.35,-0.24999999999999933,938.0936345908722,111.90636540912864
1003,2.35,-0.1999999999999993,959.7410406240875,115.25895937591244
1004,2.35,-0.14999999999999925,981.3431257630837,118.65687423691674
1005,2.35,-0.0999999999999992,1002.8985110787287,122.10148892127168
1006,2.35,-0.049999999999999156,1024.4057507754,125.59424922460013
1007,2.35,8.881784197001252e-16,1045.8633276812761,129.13667231872446
1008,2.4000000000000004,-1.0,634.3794859154793,65.62051408452064
1009,2.4000000000000004,-0.95,656.7058224705002,68.29417752950012
1010,2.4000000000000004,-0.8999999999999999,679.0043332971192,70.99566670288095
1011,2.4000000000000004,-0.8499999999999999,701.2743724229194,73.72562757708079
1012,2.4000000000000004,-0.7999999999999998,723.5152701188313,76.48472988116909
1013,2.4000000000000004,-0.7499999999999998,745.726331690418,79.27366830958215
1014,2.4000000000000004,-0.6999999999999997,767.9068361900307,82.09316380996935
1015,2.4000000000000004,-0.6499999999999997,790.0560350434579,84.94396495654253
1016,2.4000000000000004,-0.5999999999999996,812.1731505840868,87.82684941591359
1017,2.4000000000000004,-0.5499999999999996,834.2573744869156,90.74262551308466
1018,2.4000000000000004,-0.49999999999999956,856.3078660939859,93.69213390601472
1019,2.4000000000000004,-0.4499999999999995,878.3237506219688,96.67624937803141
1020,2.4000000000000004,-0.39999999999999947,900.3041172416981,99.6958827583021
1021,2.4000000000000004,-0.3499999999999994,922.2480170183654,102.75198298163502
1022,2.4000000000000004,-0.2999999999999994,944.1544606999324,105.84553930006784
1023,2.4000000000000004,-0.24999999999999933,966.0224163399705,108.97758366002978
1024,2.4000000000000004,-0.1999999999999993,987.8508067396373,112.14919326036313
1025,2.4000000000000004,-0.14999999999999925,1009.6385066918265,115.36149330817408
1026,2.4000000000000004,-0.0999999999999992,1031.3843400086091,118.61565999139131
1027,2.4000000000000004,-0.049999999999999156,1053.087076310939,121.91292368906153
1028,2.4000000000000004,8.881784197001252e-16,1074.7454275571413,125.25457244285916
1029,2.45,-1.0,660.1439621420544,64.85603785794565
1030,2.45,-0.95,682.5955235831478,67.4044764168524
1031,2.45,-0.8999999999999999,705.0217008395507,69.97829916044945
1032,2.45,-0.8499999999999999,727.4219292025722,72.57807079742814
1033,2.45,-0.7999999999999998,749.7956240546529,75.20437594534715
1034,2.45,-0.7499999999999998,772.1421798983428,77.85782010165745
1035,2.45,-0.6999999999999997,794.4609693243461,80.53903067565403
1036,2.45,-0.6499999999999997,816.7513419139447,83.24865808605567
1037,2.45,-0.5999999999999996,839.0126230706558,85.98737692934455
1038,2.45,-0.5499999999999996,861.2441127755199,88.75588722447986
1039,2.45,-0.49999999999999956,883.445084259874,91.55491574012592
1040,2.45,-0.4499999999999995,905.6147825888702,94.38521741113013
1041,2.45,-0.39999999999999947,927.7524231483636,97.24757685163671
1042,2.45,-0.3499999999999994,949.8571900270446,100.14280997295587
1043,2.45,-0.2999999999999994,971.9282342848791,103.07176571512134
1044,2.45,-0.24999999999999933,993.9646720980224,106.03532790197781
1045,2.45,-0.1999999999999993,1015.9655827693399,109.03441723066065
1046,2.45,-0.14999999999999925,1037.9300065925327,112.0699934074679
1047,2.45,-0.0999999999999992,1059.856942556591,115.14305744340899
1048,2.45,-0.049999999999999156,1081.7453458758469,118.25465412415355
1049,2.45,8.881784197001252e-16,1103.5941253292676,121.40587467072949
1050,2.5,-1.0,686.0003617129936,63.99963828700637
1051,2.5,-0.95,708.5727588680732,66.42724113192718
1052,2.5,-0.8999999999999999,731.1220347974555,68.87796520254443
1053,2.5,-0.8499999999999999,753.6476971087145,71.35230289128529
1054,2.5,-0.7999999999999998,776.1492367866591,73.85076321334084
1055,2.5,-0.7499999999999998,798.6261274170249,76.37387258297501
1056,2.5,-0.6999999999999997,821.0778243635365,78.92217563646328
1057,2.5,-0.6499999999999997,843.5037638948972,81.49623610510297
1058,2.5,-0.5999999999999996,865.9033622579578,84.09663774204188
1059,2.5,-0.5499999999999996,888.2760146929961,86.72398530700404
1060,2.5,-0.49999999999999956,910.6210943866375,89.37890561336246
1061,2.5,-0.4499999999999995,932.9379513575859,92.06204864241359
1062,2.5,-0.39999999999999947,955.2259112698373,94.77408873016243
1063,2.5,-0.3499999999999994,977.4842741675745,97.51572583242567
1064,2.5,-0.2999999999999994,999.7123131253846,100.28768687461505
1065,2.5,-0.24999999999999933,1021.9092728068188,103.09072719318114
1066,2.5,-0.1999999999999993,1044.0743679236143,105.92563207638558
1067,2.5,-0.14999999999999925,1066.2067815871674,108.7932184128329
1068,2.5,-0.0999999999999992,1088.3056635429482,111.6943364570512
1069,2.5,-0.049999999999999156,1110.370128270014,114.62987172332583
1070,2.5,8.881784197001252e-16,1132.3988598611083,117.60079864976447
1071,2.5500000000000003,-1.0,711.9382319786732,63.06176802132702
1072,2.5500000000000003,-0.95,734.6270301387716,65.37296986122848
1073,2.5500000000000003,-0.8999999999999999,757.2947983552787,67.70520164472157
1074,2.5500000000000003,-0.8499999999999999,779.9411083215967,70.05889167840394
1075,2.5500000000000003,-0.7999999999999998,802.5655178996125,72.43448210038729
1076,2.5500000000000003,-0.7499999999999998,825.167570501846,74.832429498154
1077,2.5500000000000003,-0.6999999999999997,847.7467944380967,77.2532055619036
1078,2.5500000000000003,-0.6499999999999997,870.3027022241085,79.69729777589167
1079,2.5500000000000003,-0.5999999999999996,892.8347898495225,82.1652101504775
1080,2.5500000000000003,-0.5499999999999996,915.342536002173,84.65746399782714
1081,2.5500000000000003,-0.49999999999999956,937.8254012455276,87.17459875447267
1082,2.5500000000000003,-0.4499999999999995,960.2828271457921,89.71717285420789
1083,2.5500000000000003,-0.39999999999999947,982.7142353448912,92.28576465510928
1084,2.5500000000000003,-0.3499999999999994,1005.119026575188,94.8809734248123
1085,2.5500000000000003,-0.2999999999999994,1027.4965796114545,97.5034203885456
1086,2.5500000000000003,-0.24999999999999933,1049.8462501551546,100.15374984484548
1087,2.5500000000000003,-0.1999999999999993,1072.1673696456678,102.83263035433039
1088,2.5500000000000003,-0.14999999999999925,1094.4592439902942,105.54075600768617
1089,2.5500000000000003,-0.0999999999999992,1116.7208841806398,108.27887983431134
1090,2.5500000000000003,-0.049999999999999156,Period-2 oscillations,Period-2 oscillations
1091,2.5500000000000003,8.881784197001252e-16,Period-2 oscillations,Period-2 oscillations
1092,2.6,-1.0,737.947701484408,62.05229851559216
1093,2.6,-0.95,760.748449777259,64.25155022274139
1094,2.6,-0.8999999999999999,783.5300954749425,66.46990452505734
1095,2.6,-0.8499999999999999,806.2922668430506,68.70773315694952
1096,2.6,-0.7999999999999998,829.034580674689,70.96541932531106
1097,2.6,-0.7499999999999998,851.7566418007725,73.24335819922733
1098,2.6,-0.6999999999999997,874.4580425734442,75.54195742655547
1099,2.6,-0.6499999999999997,897.1383623208138,77.8616376791861
1100,2.6,-0.5999999999999996,919.7971667710568,80.20283322894339
1101,2.6,-0.5499999999999996,942.434007443761,82.56599255623925
1102,2.6,-0.49999999999999956,965.0484210062295,84.95157899377035
1103,2.6,-0.4499999999999995,987.6399285922597,87.36007140773958
1104,2.6,-0.39999999999999947,1010.2080350807113,89.79196491928882
1105,2.6,-0.3499999999999994,1032.7522283309352,92.24777166906539
1106,2.6,-0.2999999999999994,1055.271978371909,94.72802162809013
1107,2.6,-0.24999999999999933,1077.766736541511,97.23326345839041
1108,2.6,-0.1999999999999993,1100.2359042492697,99.76406872789521
1109,2.6,-0.14999999999999925,Period-2 oscillations,Period-2 oscillations
1110,2.6,-0.0999999999999992,Period-2 oscillations,Period-2 oscillations
1111,2.6,-0.049999999999999156,Period-2 oscillations,Period-2 oscillations
1112,2.6,8.881784197001252e-16,Period-2 oscillations,Period-2 oscillations
1113,2.6500000000000004,-1.0,764.0194890839205,60.980510916079695
1114,2.6500000000000004,-0.95,786.9277470119218,63.07225298807855
1115,2.6500000000000004,-0.8999999999999999,809.8186741042208,65.1813258957796
1116,2.6500000000000004,-0.8499999999999999,832.6919483866697,67.30805161333109
1117,2.6500000000000004,-0.7999999999999998,855.547238397128,69.45276160287247
1118,2.6500000000000004,-0.7499999999999998,878.3842027988087,71.61579720119123
1119,2.6500000000000004,-0.6999999999999997,901.2024899733707,73.79751002662948
1120,2.6500000000000004,-0.6499999999999997,924.0017375924575,75.99826240754273
1121,2.6500000000000004,-0.5999999999999996,946.7815721662874,78.218427833712
1122,2.6500000000000004,-0.5499999999999996,969.5416085677803,80.45839143222003
1123,2.6500000000000004,-0.49999999999999956,992.2814495305781,82.71855046942153
1124,2.6500000000000004,-0.4499999999999995,1015.0006851192367,84.99931488076251
1125,2.6500000000000004,-0.39999999999999947,1037.6988921696495,87.30110783035069
1126,2.6500000000000004,-0.3499999999999994,1060.3756336976687,89.62436630232943
1127,2.6500000000000004,-0.2999999999999994,1083.0304576335877,91.96954178966075
1128,2.6500000000000004,-0.24999999999999933,1105.4939923175202,94.35455810910281
1129,2.6500000000000004,-0.1999999999999993,Period-2 oscillations,Period-2 oscillations
1130,2.6500000000000004,-0.14999999999999925,Period-2 oscillations,Period-2 oscillations
1131,2.6500000000000004,-0.0999999999999992,Period-2 oscillations,Period-2 oscillations
1132,2.6500000000000004,-0.049999999999999156,Period-2 oscillations,Period-2 oscillations
1133,2.6500000000000004,8.881784197001252e-16,Period-2 oscillations,Period-2 oscillations
1134,2.7,-1.0,790.1449059503458,59.85509404965418
1135,2.7,-0.95,813.1562670328988,61.843732967101616
1136,2.7,-0.8999999999999999,836.1519221863805,63.84807781361959
1137,2.7,-0.8499999999999999,859.1315930600911,65.86840693990918
1138,2.7,-0.7999999999999998,882.0949934776146,67.90500652238558
1139,2.7,-0.7499999999999998,905.0418291326018,69.9581708673983
1140,2.7,-0.6999999999999997,927.9717972693543,72.02820273064566
1141,2.7,-0.6499999999999997,950.8845863472851,74.11541365271451
1142,2.7,-0.5999999999999996,973.7798756882553,76.22012431174481
1143,2.7,-0.5499999999999996,996.6573351057085,78.34266489429186
1144,2.7,-0.49999999999999956,1019.5166245144595,80.48337548553954
1145,2.7,-0.4499999999999995,1042.3573935198938,82.64260648010396
1146,2.7,-0.39999999999999947,1065.1792809825615,84.82071901500403
1147,2.7,-0.3499999999999994,1087.9800668223372,87.01825921498778
1148,2.7,-0.2999999999999994,Period-2 oscillations,Period-2 oscillations
1149,2.7,-0.24999999999999933,Period-2 oscillations,Period-2 oscillations
1150,2.7,-0.1999999999999993,Period-2 oscillations,Period-2 oscillations
1151,2.7,-0.14999999999999925,Period-2 oscillations,Period-2 oscillations
1152,2.7,-0.0999999999999992,Period-2 oscillations,Period-2 oscillations
1153,2.7,-0.049999999999999156,Period-2 oscillations,Period-2 oscillations
1154,2.7,8.881784197001252e-16,Period-2 oscillations,Period-2 oscillations
1155,2.75,-1.0,816.3158513640778,58.68414863592234
1156,2.75,-0.95,839.4259638968804,60.57403610312008
1157,2.75,-0.8999999999999999,862.5218574975376,62.478142502462305
1158,2.75,-0.8499999999999999,885.6032919420085,64.39670805799199
1159,2.75,-0.7999999999999998,908.670020567435,66.32997943256525
1160,2.75,-0.7499999999999998,931.721790033557,68.27820996644368
1161,2.75,-0.6999999999999997,954.7583400727584,70.24165992724178
1162,2.75,-0.6499999999999997,977.7794032281071,72.22059677189287
1163,2.75,-0.5999999999999996,1000.7847045786565,74.2152954213427
1164,2.75,-0.5499999999999996,1023.7739614512693,76.22603854872885
1165,2.75,-0.49999999999999956,1046.746883118138,78.25311688185995
1166,2.75,-0.4499999999999995,1069.7031664632918,80.296829864336
1167,2.75,-0.39999999999999947,Period-2 oscillations,Period-2 oscillations
1168,2.75,-0.3499999999999994,Period-2 oscillations,Period-2 oscillations
1169,2.75,-0.2999999999999994,Period-2 oscillations,Period-2 oscillations
1170,2.75,-0.24999999999999933,Period-2 oscillations,Period-2 oscillations
1171,2.75,-0.1999999999999993,Period-2 oscillations,Period-2 oscillations
1172,2.75,-0.14999999999999925,Period-2 oscillations,Period-2 oscillations
1173,2.75,-0.0999999999999992,Period-2 oscillations,Period-2 oscillations
1174,2.75,-0.049999999999999156,Period-2 oscillations,Period-2 oscillations
1175,2.75,8.881784197001252e-16,Period-2 oscillations,Period-2 oscillations
1176,2.8000000000000003,-1.0,842.5248031606682,57.47519683933212
1177,2.8000000000000003,-0.95,865.7293881643832,59.27061183561707
1178,2.8000000000000003,-0.8999999999999999,888.9211123151565,61.07888768484384
1179,2.8000000000000003,-0.8499999999999999,912.0997686179485,62.900231382051786
1180,2.8000000000000003,-0.7999999999999998,935.2651447918761,64.73485520812484
1181,2.8000000000000003,-0.7499999999999998,958.4170230836345,66.58297691636655
1182,2.8000000000000003,-0.6999999999999997,981.5551800724678,68.44481992753109
1183,2.8000000000000003,-0.6499999999999997,1004.6793864662197,70.32061353377935
1184,2.8000000000000003,-0.5999999999999996,1027.7894068879325,72.21059311206389
1185,2.8000000000000003,-0.5499999999999996,1050.8849996509975,74.11500034759106
1186,2.8000000000000003,-0.49999999999999956,1073.962597239017,76.03435322850615
1187,2.8000000000000003,-0.4499999999999995,Period-2 oscillations,Period-2 oscillations
1188,2.8000000000000003,-0.39999999999999947,Period-2 oscillations,Period-2 oscillations
1189,2.8000000000000003,-0.3499999999999994,Period-2 oscillations,Period-2 oscillations
1190,2.8000000000000003,-0.2999999999999994,Period-2 oscillations,Period-2 oscillations
1191,2.8000000000000003,-0.24999999999999933,Period-2 oscillations,Period-2 oscillations
1192,2.8000000000000003,-0.1999999999999993,Period-2 oscillations,Period-2 oscillations
1193,2.8000000000000003,-0.14999999999999925,Period-2 oscillations,Period-2 oscillations
1194,2.8000000000000003,-0.0999999999999992,Period-2 oscillations,Period-2 oscillations
1195,2.8000000000000003,-0.049999999999999156,Period-2 oscillations,Period-2 oscillations
1196,2.8000000000000003,8.881784197001252e-16,Period-2 oscillations,Period-2 oscillations
1197,2.85,-1.0,868.7648036996746,56.23519630032531
1198,2.85,-0.95,892.0596701776913,57.94032982230889
1199,2.85,-0.8999999999999999,915.3429138726966,59.65708612730345
1200,2.85,-0.8499999999999999,938.6143566757275,61.385643324272856
1201,2.85,-0.7999999999999998,961.8738161473067,63.126183852693515
1202,2.85,-0.7499999999999998,985.121105371935,64.87889462806582
1203,2.85,-0.6999999999999997,1008.3560328062996,66.6439671937019
1204,2.85,-0.6499999999999997,1031.5784021208756,68.4215978791217
1205,2.85,-0.5999999999999996,1054.788011594211,70.21198799793378
1206,2.85,-0.5499999999999996,Period-2 oscillations,Period-2 oscillations
1207,2.85,-0.49999999999999956,Period-2 oscillations,Period-2 oscillations
1208,2.85,-0.4499999999999995,Period-2 oscillations,Period-2 oscillations
1209,2.85,-0.39999999999999947,Period-2 oscillations,Period-2 oscillations
1210,2.85,-0.3499999999999994,Period-2 oscillations,Period-2 oscillations
1211,2.85,-0.2999999999999994,Period-2 oscillations,Period-2 oscillations
1212,2.85,-0.24999999999999933,Period-2 oscillations,Period-2 oscillations
1213,2.85,-0.1999999999999993,Period-2 oscillations,Period-2 oscillations
1214,2.85,-0.14999999999999925,Period-2 oscillations,Period-2 oscillations
1215,2.85,-0.0999999999999992,Period-2 oscillations,Period-2 oscillations
1216,2.85,-0.049999999999999156,Period-2 oscillations,Period-2 oscillations
1217,2.85,8.881784197001252e-16,Period-2 oscillations,Period-2 oscillations
1218,2.9000000000000004,-1.0,895.0294421727056,54.97055782729504
1219,2.9000000000000004,-0.95,918.4104998332531,56.58950016674724
1220,2.9000000000000004,-0.8999999999999999,941.7810614884235,58.21893851157679
1221,2.9000000000000004,-0.8499999999999999,965.1409740810908,59.85902591890948
1222,2.9000000000000004,-0.7999999999999998,988.4900810128099,61.50991898719086
1223,2.9000000000000004,-0.7499999999999998,1011.8282220305995,63.171777969400104
1224,2.9000000000000004,-0.6999999999999997,1035.1552331091386,64.84476689090441
1225,2.9000000000000004,-0.6499999999999997,1058.4710438711888,66.52904682425708
1226,2.9000000000000004,-0.5999999999999996,Period-2 oscillations,Period-2 oscillations
1227,2.9000000000000004,-0.5499999999999996,Period-2 oscillations,Period-2 oscillations
1228,2.9000000000000004,-0.49999999999999956,Period-2 oscillations,Period-2 oscillations
1229,2.9000000000000004,-0.4499999999999995,Period-2 oscillations,Period-2 oscillations
1230,2.9000000000000004,-0.39999999999999947,Period-2 oscillations,Period-2 oscillations
1231,2.9000000000000004,-0.3499999999999994,Period-2 oscillations,Period-2 oscillations
1232,2.9000000000000004,-0.2999999999999994,Period-2 oscillations,Period-2 oscillations
1233,2.9000000000000004,-0.24999999999999933,Period-2 oscillations,Period-2 oscillations
1234,2.9000000000000004,-0.1999999999999993,Period-2 oscillations,Period-2 oscillations
1235,2.9000000000000004,-0.14999999999999925,Period-2 oscillations,Period-2 oscillations
1236,2.9000000000000004,-0.0999999999999992,Period-2 oscillations,Period-2 oscillations
1237,2.9000000000000004,-0.049999999999999156,Period-2 oscillations,Period-2 oscillations
1238,2.9000000000000004,8.881784197001252e-16,Period-2 oscillations,Period-2 oscillations
1239,2.95,-1.0,921.3128340115168,53.687165988483585
1240,2.95,-0.95,944.7761036343038,55.223896365696746
1241,2.95,-0.8999999999999999,968.2299011771534,56.77009882284693
1242,2.95,-0.8499999999999999,991.674095263078,58.32590473692258
1243,2.95,-0.7999999999999998,1015.108551623933,59.89144837606795
1244,2.95,-0.7499999999999998,1038.5331330370232,61.4668669859157
1245,2.95,-0.6999999999999997,1062.037466140466,63.04631075858773
1246,2.95,-0.6499999999999997,Period-2 oscillations,Period-2 oscillations
1247,2.95,-0.5999999999999996,Period-2 oscillations,Period-2 oscillations
1248,2.95,-0.5499999999999996,Period-2 oscillations,Period-2 oscillations
1249,2.95,-0.49999999999999956,Period-2 oscillations,Period-2 oscillations
1250,2.95,-0.4499999999999995,Period-2 oscillations,Period-2 oscillations
1251,2.95,-0.39999999999999947,Period-2 oscillations,Period-2 oscillations
1252,2.95,-0.3499999999999994,Period-2 oscillations,Period-2 oscillations
1253,2.95,-0.2999999999999994,Period-2 oscillations,Period-2 oscillations
1254,2.95,-0.24999999999999933,Period-2 oscillations,Period-2 oscillations
1255,2.95,-0.1999999999999993,Period-2 oscillations,Period-2 oscillations
1256,2.95,-0.14999999999999925,Period-2 oscillations,Period-2 oscillations
1257,2.95,-0.0999999999999992,Period-2 oscillations,Period-2 oscillations
1258,2.95,-0.049999999999999156,Period-2 oscillations,Period-2 oscillations
1259,2.95,8.881784197001252e-16,Period-2 oscillations,Period-2 oscillations
1260,3.0,-1.0,947.6095980899056,52.39040191009477
1261,3.0,-0.95,971.1512197330272,53.84878026697373
1262,3.0,-0.8999999999999999,994.6842984676141,55.315701532387216
1263,3.0,-0.8499999999999999,1018.2087216425368,56.79127835746367
1264,3.0,-0.7999999999999998,1041.7243798493967,58.275625410796835
1265,3.0,-0.7499999999999998,Period-2 oscillations,Period-2 oscillations
1266,3.0,-0.6999999999999997,Period-2 oscillations,Period-2 oscillations
1267,3.0,-0.6499999999999997,Period-2 oscillations,Period-2 oscillations
1268,3.0,-0.5999999999999996,Period-2 oscillations,Period-2 oscillations
1269,3.0,-0.5499999999999996,Period-2 oscillations,Period-2 oscillations
1270,3.0,-0.49999999999999956,Period-2 oscillations,Period-2 oscillations
1271,3.0,-0.4499999999999995,Period-2 oscillations,Period-2 oscillations
1272,3.0,-0.39999999999999947,Period-2 oscillations,Period-2 oscillations
1273,3.0,-0.3499999999999994,Period-2 oscillations,Period-2 oscillations
1274,3.0,-0.2999999999999994,Period-2 oscillations,Period-2 oscillations
1275,3.0,-0.24999999999999933,Period-2 oscillations,Period-2 oscillations
1276,3.0,-0.1999999999999993,Period-2 oscillations,Period-2 oscillations
1277,3.0,-0.14999999999999925,Period-2 oscillations,Period-2 oscillations
1278,3.0,-0.0999999999999992,Period-2 oscillations,Period-2 oscillations
1279,3.0,-0.049999999999999156,Period-2 oscillations,Period-2 oscillations
1280,3.0,8.881784197001252e-16,Period-2 oscillations,Period-2 oscillations
