Realisation number,Variable,index,Lag-2 AC,Lag-1 AC,Coefficient of variation,Smax/Mean,Skewness,Kurtosis,Standard deviation,Smax,Variance,Lag-3 AC,Smax/Var,Cross correlation
1,Non-breeding,0,0.07368110816386678,0.9413498379015619,0.7600943118184497,-0.4666666666666666,-0.17712938402593573,0.35484821691718244,-0.9793692897141172,-0.9999999999999999,-0.9793692897141172,0.8305334512231063,-0.3333333333333333,0.36752136752136755
1,Breeding,0,0.3303860890067786,0.887709991158267,0.5921013852048335,-0.3333333333333333,0.2799882110226937,0.49218980253463007,-0.9914529914529913,-0.7333333333333333,-0.9914529914529913,0.17359269083407014,-0.06666666666666665,0.36752136752136755
2,Non-breeding,0,-0.11346890657235484,0.8997936928971411,0.5216622458001768,-0.8666666666666666,0.8237547892720305,-0.5013262599469496,-0.9493073975832595,-0.9999999999999999,-0.9493073975832595,0.7309165929855584,-0.2,-0.20224823485693053
2,Breeding,0,0.5307987032124962,0.7335691128794577,0.35985853227232534,-0.3333333333333333,0.36781609195402293,0.7462422634836426,-0.9840848806366046,-0.9999999999999999,-0.9840848806366046,-0.2929560860595343,0.6,-0.20224823485693053
3,Non-breeding,0,0.7341585617447686,0.7783672266430886,0.9201296787503683,0.06666666666666665,0.5075154730327144,0.4532861774241084,-0.9543177129384025,-0.9999999999999999,-0.9543177129384025,0.12879457707043912,0.2,-0.5797101449275363
3,Breeding,0,0.7391688770999114,0.8007662835249042,0.5204833480695549,-0.3333333333333333,0.7029177718832891,0.5431771293840258,-0.9796640141467725,-0.8666666666666666,-0.9796640141467725,0.2166224580017683,0.4666666666666666,-0.5797101449275363
4,Non-breeding,0,0.23548482169171822,0.8944886531093428,0.6987916298261125,-0.06666666666666665,0.7633362805776598,0.7589154140878278,-0.9746536987916298,-0.7333333333333333,-0.9746536987916298,0.46183318597111694,0.6,-0.4521553325901152
4,Breeding,0,-0.28116710875331563,0.7742410845859121,0.6760978485116416,-0.7333333333333333,-0.47244326554671373,0.4462127910403772,-0.9773062186855288,-0.9999999999999999,-0.9773062186855288,0.8594164456233421,-0.3333333333333333,-0.4521553325901152
5,Non-breeding,0,-0.0032419687592101384,0.8735632183908045,0.5316828765104626,-0.2,-0.2623047450633657,0.014736221632773355,-0.9277925139994104,-0.7333333333333333,-0.9277925139994104,0.7550839964633067,0.2,0.2276105536975102
5,Breeding,0,0.318007662835249,0.8116710875331564,0.922487474211612,-0.3333333333333333,0.5953433539640436,0.8346595932802828,-0.9793692897141172,-0.9999999999999999,-0.9793692897141172,0.7987032124963158,0.4666666666666666,0.2276105536975102
6,Non-breeding,0,0.3778367226643088,0.9095195991747714,0.4960212201591511,-0.8666666666666666,0.18066607721780134,-0.38314176245210724,-0.9552018862363688,-0.9999999999999999,-0.9552018862363688,0.5658709106984968,-0.6,-0.18599033816425123
6,Breeding,0,0.10374300029472443,0.8992042440318302,0.07014441497200118,-0.7333333333333333,-0.4862953138815207,-0.134394341290893,-0.9879162982611257,-0.9999999999999999,-0.9879162982611257,-0.2743884468022399,0.2,-0.18599033816425123
7,Non-breeding,0,0.622163277335691,0.9198349543177128,0.6312997347480106,0.2,0.39021514883583847,-0.2938402593575007,-0.9778956675508398,-0.8666666666666666,-0.9778956675508398,-0.22281167108753314,0.7333333333333333,-0.591880341880342
7,Breeding,0,0.12407898614795164,0.8128499852637783,0.3457117595048629,-0.4666666666666666,0.7427055702917771,0.4494547597995873,-0.986147951665193,-0.9999999999999999,-0.986147951665193,0.541998231653404,0.06666666666666665,-0.591880341880342
8,Non-breeding,0,0.6156793398172709,0.9186560565870909,0.8614795166519302,-0.6,0.42410845859121715,0.40082522841143525,-0.971117005599764,-0.9999999999999999,-0.971117005599764,-0.4804008252284114,0.2,-0.3438312894834634
8,Breeding,0,0.005599764220453875,0.953433539640436,0.7359269083407014,-0.6,0.46507515473032707,0.8063660477453579,-0.9832007073386383,-0.9999999999999999,-0.9832007073386383,0.0689655172413793,-0.2,-0.3438312894834634
9,Non-breeding,0,0.5702917771883289,0.9549071618037134,0.7359269083407014,-0.2,-0.03241968759210138,0.39817270851753606,-0.9575596816976127,-0.9999999999999999,-0.9575596816976127,0.32714412024756845,-0.2,0.15170940170940173
9,Breeding,0,-0.22693781314470968,0.9378131447096963,0.7960506926024166,-0.4666666666666666,-0.6209843796050691,0.3032714412024756,-0.9858532272325374,-0.9999999999999999,-0.9858532272325374,0.8302387267904507,-0.2,0.15170940170940173
10,Non-breeding,0,0.6377836722664307,0.9251399941055112,0.8980253463012083,0.6,0.20748600058944885,0.08753315649867373,-0.9705275567344531,-0.8666666666666666,-0.9705275567344531,-0.6254052460949012,0.6,-0.3380713489409142
10,Breeding,0,0.19157088122605362,0.9239610963748893,0.6846448570586501,-0.06666666666666665,0.3636899498968464,0.13026819923371644,-0.9826112584733274,-0.7333333333333333,-0.9826112584733274,0.5322723253757736,0.4666666666666666,-0.3380713489409142
11,Non-breeding,0,0.5033893309755378,0.9510757441791923,0.8258178603006189,0.06666666666666665,0.15885646920129676,-0.26024167403477744,-0.9478337754199821,-0.8666666666666666,-0.9478337754199821,0.7491895078101974,0.4666666666666666,-0.3794128576737273
11,Breeding,0,-0.17241379310344826,0.7821986442676097,0.42823460064839375,-0.6,0.19304450338933093,0.06601827291482462,-0.9843796050692601,-0.8666666666666666,-0.9843796050692601,0.10285882699675801,-0.2,-0.3794128576737273
12,Non-breeding,0,0.6973180076628351,0.954022988505747,0.8305334512231063,0.2,-0.10226937813144708,-0.547008547008547,-0.948423224285293,-0.8666666666666666,-0.948423224285293,0.7023283230179781,0.7333333333333333,0.21311780007432182
12,Breeding,0,0.48216917182434416,0.8449749484232241,0.6987916298261125,0.2,0.019157088122605363,-0.06572354848216916,-0.971117005599764,-0.9999999999999999,-0.971117005599764,0.3530798703212496,0.8666666666666666,0.21311780007432182
13,Non-breeding,0,0.6604774535809017,0.9566755083996462,0.8367226643088711,0.3333333333333333,0.0232832301797819,-0.28617742410845853,-0.9198349543177128,-0.9999999999999999,-0.9198349543177128,-0.03241968759210138,0.4666666666666666,-0.1930509104422148
13,Breeding,0,0.5101679929266135,0.904804008252284,0.8482169171824343,-0.9999999999999999,-0.24491600353669313,0.7671676982021809,-0.9858532272325374,-0.9999999999999999,-0.9858532272325374,0.7076333628057765,-0.6,-0.1930509104422148
14,Non-breeding,0,0.680813439434129,0.950781019746537,0.8894783377541997,0.8666666666666666,0.40642499263188914,-0.3589743589743589,-0.9469496021220158,0.2,-0.9469496021220158,-0.26112584733274385,0.9999999999999999,-0.025919732441471572
14,Breeding,0,0.3545534924845269,0.8791629826112585,0.7960506926024166,0.4666666666666666,-0.5310934276451518,0.35779546124373707,-0.9781903919834953,-0.3333333333333333,-0.9781903919834953,0.05540819333922782,0.6,-0.025919732441471572
15,Non-breeding,0,0.1270262304745063,0.971706454465075,0.6445623342175065,0.06666666666666665,-0.11464780430297669,0.06690244621279103,-0.9605069260241673,-0.8666666666666666,-0.9605069260241673,0.7795461243737104,0.3333333333333333,-0.35590858416945376
15,Breeding,0,-0.3056292366637194,0.9257294429708223,0.3878573533745947,-0.6,-0.14942528735632182,-0.1862658414382552,-0.9849690539345711,-0.9999999999999999,-0.9849690539345711,0.8520483348069554,-0.3333333333333333,-0.35590858416945376
16,Non-breeding,0,0.5685234305923961,0.9372236958443855,0.7008547008547007,0.6,0.06248157972295903,-0.13557323902151486,-0.8670792808723842,-0.06666666666666665,-0.8670792808723842,0.8544061302681991,0.6,0.18868450390189523
16,Breeding,0,0.46861184792219274,0.9413498379015619,0.9204244031830238,0.9999999999999999,-0.28323017978190385,0.9431181844974947,-0.9687592101385203,0.06666666666666665,-0.9687592101385203,0.5732390215148835,0.9999999999999999,0.18868450390189523
17,Non-breeding,0,0.5531977600943118,0.9101090480400824,0.9160035366931917,0.2,-0.685234305923961,0.00618921308576481,-0.9437076333628056,-0.4666666666666666,-0.9437076333628056,0.7376952549366341,0.2,-0.09150873281308064
17,Breeding,0,-0.3492484526967285,0.8918361332154434,0.8458591217211906,0.2,0.7450633657530208,0.12938402593575005,-0.9843796050692601,-0.9999999999999999,-0.9843796050692601,0.0654288240495137,0.8666666666666666,-0.09150873281308064
18,Non-breeding,0,-0.268199233716475,0.945181255526083,0.7368110816386677,-0.3333333333333333,0.16416150898909518,0.10698496905393456,-0.9431181844974947,-0.9999999999999999,-0.9431181844974947,0.7603890362511051,-0.6,0.322742474916388
18,Breeding,0,-0.01532567049808429,0.9310344827586206,0.02770409666961391,-0.7333333333333333,0.5234305923961096,0.21691718243442376,-0.985558502799882,-0.8666666666666666,-0.985558502799882,0.2051282051282051,-0.06666666666666665,0.322742474916388
19,Non-breeding,0,0.7936928971411729,0.931329207191276,0.9157088122605364,-0.06666666666666665,0.04067197170645446,0.23342175066312995,-0.9728853521956969,-0.7333333333333333,-0.9728853521956969,0.783082817565576,0.2,-0.05509104422147901
19,Breeding,0,-0.16887709991158265,0.8611847922192749,0.7362216327733568,-0.06666666666666665,-0.699086354258768,0.8346595932802828,-0.985558502799882,-0.9999999999999999,-0.985558502799882,0.6495726495726495,0.7333333333333333,-0.05509104422147901
20,Non-breeding,0,0.6430887120542292,0.7989979369289713,0.8862363689949896,0.4666666666666666,-0.05629236663719421,0.4662540524609489,-0.9752431476569406,-0.6,-0.9752431476569406,0.6035956380783967,0.7333333333333333,0.269137866963954
20,Breeding,0,0.6501620984379605,0.9254347185381667,0.5514294134983789,0.4666666666666666,0.18508694370763332,0.53639846743295,-0.9876215738284702,-0.6,-0.9876215738284702,0.7928087238432066,0.7333333333333333,0.269137866963954
21,Non-breeding,0,0.5019157088122604,0.8980253463012083,0.8576480990274093,-0.3333333333333333,0.5841438255231358,0.18155025051576773,-0.9708222811671087,-0.9999999999999999,-0.9708222811671087,-0.4895372826407308,-0.06666666666666665,-0.19351542177629136
21,Breeding,0,0.3563218390804597,0.7898614795166518,0.042440318302387266,-0.4666666666666666,-0.05422929560860594,0.5337459475390509,-0.9882110226937812,-0.8666666666666666,-0.9882110226937812,-0.22074860005894484,0.3333333333333333,-0.19351542177629136
22,Non-breeding,0,0.318007662835249,0.9608016504568228,0.6811081638667845,-0.3333333333333333,0.689655172413793,-0.012083701738874152,-0.9236663719422339,-0.7333333333333333,-0.9236663719422339,0.38933097553787205,0.2,-0.21683389074693424
22,Breeding,0,0.46419098143236065,0.8927203065134097,0.2967875036840554,0.4666666666666666,-0.3236074270557029,0.47008547008547,-0.9802534630120837,-0.9999999999999999,-0.9802534630120837,0.268788682581786,0.6,-0.21683389074693424
23,Non-breeding,0,0.19805481874447392,0.8588269967580312,0.7241379310344827,-0.2,0.505452402004126,-0.08045977011494251,-0.9722959033303861,-0.7333333333333333,-0.9722959033303861,0.43619216033009134,-0.06666666666666665,-0.2614269788182832
23,Breeding,0,0.16357206012378422,0.9160035366931917,0.14765694076038902,-0.8666666666666666,0.02947244326554671,-0.15089890951959917,-0.986147951665193,-0.9999999999999999,-0.986147951665193,0.33009136457412314,0.3333333333333333,-0.2614269788182832
24,Non-breeding,0,0.4102564102564102,0.9277925139994104,-0.17801355732390214,-0.06666666666666665,0.4865900383141762,-0.48600058944886526,-0.9793692897141172,-0.9999999999999999,-0.9793692897141172,-0.12142646625405244,0.7333333333333333,-0.6349869936826459
24,Breeding,0,-0.4182139699381078,0.9039198349543176,-0.23784261715296195,-0.6,-0.07486000589448864,-0.09283819628647214,-0.986147951665193,-0.9999999999999999,-0.986147951665193,-0.6707928087238432,0.7333333333333333,-0.6349869936826459
25,Non-breeding,0,0.2186855290303566,0.9442970822281166,0.49808429118773945,-0.4666666666666666,0.5007368110816386,-0.44326554671382257,-0.9068670792808722,-0.8666666666666666,-0.9068670792808722,0.5567344532861773,-0.06666666666666665,-0.1326644370122631
25,Breeding,0,0.2885352195697023,0.9006778661951074,0.9174771588564691,-0.2,-0.6153846153846153,0.5349248452696728,-0.9790745652814616,-0.9999999999999999,-0.9790745652814616,0.6256999705275567,-0.2,-0.1326644370122631
26,Non-breeding,0,0.524314765694076,0.9369289714117298,0.9260241674034776,0.06666666666666665,0.33628057765988795,-0.4462127910403772,-0.9218980253463012,-0.6,-0.9218980253463012,0.8234600648393752,0.4666666666666666,0.11584912671869195
26,Breeding,0,0.8222811671087531,0.8393751842027704,0.9242558208075449,0.8666666666666666,0.3032714412024756,0.33392278219864424,-0.9731800766283524,-0.2,-0.9731800766283524,0.627173592690834,0.8666666666666666,0.11584912671869195
27,Non-breeding,0,0.4668435013262599,0.8977306218685528,0.8950781019746537,-0.06666666666666665,-0.10020630710285881,0.35425876805187145,-0.962864721485411,-0.9999999999999999,-0.962864721485411,0.7910403772472736,-0.06666666666666665,0.37402452619843923
27,Breeding,0,0.33362805776598875,0.842322428529325,0.3368700265251989,-0.2,-0.21691718243442376,-0.5048629531388151,-0.9784851164161507,-0.6,-0.9784851164161507,0.8137341585617446,0.2,0.37402452619843923
28,Non-breeding,0,0.41143530798703204,0.931329207191276,0.6407309165929855,0.2,-0.6943707633362806,0.5467138225758915,-0.8953728264073091,-0.7333333333333333,-0.8953728264073091,0.8659003831417623,0.4666666666666666,0.18868450390189523
28,Breeding,0,0.28411435307987026,0.8084291187739463,0.7509578544061302,-0.2,-0.6457412319481284,-0.15443560271146475,-0.9681697612732094,-0.8666666666666666,-0.9681697612732094,0.7155909224874741,0.4666666666666666,0.18868450390189523
29,Non-breeding,0,0.3071028588269967,0.9298555850279987,0.5107574417919245,-0.3333333333333333,-0.44473916887709986,-0.6015325670498084,-0.9587385794282346,-0.8666666666666666,-0.9587385794282346,0.7312113174182139,0.06666666666666665,-0.7516722408026756
29,Breeding,0,0.2976716769820218,0.8818155025051575,0.3754789272030651,-0.4666666666666666,0.550839964633068,-0.143236074270557,-0.9749484232242851,-0.9999999999999999,-0.9749484232242851,0.3513115237253168,-0.2,-0.7516722408026756
30,Non-breeding,0,0.4989684644857058,0.8918361332154434,0.9646330680813439,0.2,-0.15473032714412022,-0.23695844385499554,-0.908045977011494,-0.3333333333333333,-0.908045977011494,0.5334512231063955,0.3333333333333333,-0.08862876254180603
30,Breeding,0,0.7052755673445328,0.7421161214264662,0.9257294429708223,0.06666666666666665,-0.2516946654877689,0.7945770704391394,-0.9693486590038313,-0.7333333333333333,-0.9693486590038313,0.7323902151488357,0.4666666666666666,-0.08862876254180603
31,Non-breeding,0,0.711759504862953,0.9216033009136456,0.9251399941055112,0.9999999999999999,-0.2911877394636015,0.5019157088122604,-0.9758325965222516,-0.8666666666666666,-0.9758325965222516,0.017094017094017092,0.8666666666666666,0.21553325901151987
31,Breeding,0,0.1119952844090775,0.9210138520483346,0.4167403477748305,-0.6,0.2655467138225759,-0.16946654877689357,-0.9622752726201002,-0.8666666666666666,-0.9622752726201002,0.3796050692602416,0.3333333333333333,0.21553325901151987
32,Non-breeding,0,-0.12584733274388446,0.8549955791335101,0.6292366637194222,-0.06666666666666665,0.22192749778956675,-0.18302387267904507,-0.9593280282935455,-0.9999999999999999,-0.9593280282935455,0.645446507515473,0.3333333333333333,-0.44751021924934975
32,Breeding,0,0.08517536103743,0.8938992042440318,0.7533156498673739,-0.4666666666666666,0.47303271441202466,0.3710580607132331,-0.9802534630120837,-0.8666666666666666,-0.9802534630120837,0.7474211612142645,-0.06666666666666665,-0.44751021924934975
33,Non-breeding,0,0.09666961391099321,0.953433539640436,0.11847922192749777,0.06666666666666665,0.21839080459770113,-0.36575302092543466,-0.9504862953138814,-0.7333333333333333,-0.9504862953138814,0.6704980842911877,0.06666666666666665,-0.19277220364176886
33,Breeding,0,0.39522546419098137,0.9171824344238135,0.14795166519304448,-0.06666666666666665,0.15974064249926315,0.36044798113763626,-0.9893899204244031,-0.8666666666666666,-0.9893899204244031,0.3790156203949307,0.2,-0.19277220364176886
34,Non-breeding,0,0.3513115237253168,0.882110226937813,0.8882994400235779,0.4666666666666666,-0.3955201886236368,0.798113763631005,-0.9696433834364868,-0.6,-0.9696433834364868,0.7282640730916592,0.6,0.5534188034188035
34,Breeding,0,0.43236074270557023,0.8930150309460654,0.8187444739168875,0.6,-0.3471853816681403,0.1308576480990274,-0.9817270851753609,-0.8666666666666666,-0.9817270851753609,0.5157677571470675,0.7333333333333333,0.5534188034188035
35,Non-breeding,0,-0.09784851164161508,0.9646330680813439,0.5402298850574712,-0.3333333333333333,0.45122310639552016,-0.03772472737989979,-0.9557913351016797,-0.8666666666666666,-0.9557913351016797,0.5652814618331858,-0.2,-0.4548494983277592
35,Breeding,0,-0.2487474211612142,0.9050987326849395,0.46419098143236065,-0.8666666666666666,0.5086943707633362,0.5982905982905982,-0.9849690539345711,-0.9999999999999999,-0.9849690539345711,0.23076923076923075,0.2,-0.4548494983277592
36,Non-breeding,0,0.5151783082817565,0.8924255820807544,0.6799292661361627,-0.3333333333333333,-0.7288535219569702,0.12732095490716178,-0.9734748010610079,-0.9999999999999999,-0.9734748010610079,-0.4037724727379899,0.4666666666666666,0.40078037904124864
36,Breeding,0,0.5838491010904803,0.815207780725022,-0.27026230474506335,-0.8666666666666666,-0.3442381373415856,-0.16592985558502799,-0.9858532272325374,-0.9999999999999999,-0.9858532272325374,-0.6675508399646329,0.3333333333333333,0.40078037904124864
37,Non-breeding,0,0.7241379310344827,0.8776893604479811,0.5260831122900088,-0.3333333333333333,0.6056587091069848,-0.2894193928676687,-0.9381078691423518,-0.7333333333333333,-0.9381078691423518,0.3174182139699381,0.4666666666666666,0.6335005574136009
37,Breeding,0,0.5587975243147656,0.7972295903330384,0.5888594164456232,-0.3333333333333333,-0.5128205128205128,0.3704686118479222,-0.9820218096080164,-0.9999999999999999,-0.9820218096080164,0.039787798408488055,0.7333333333333333,0.6335005574136009
38,Non-breeding,0,0.5576186265841437,0.9557913351016797,0.8803418803418803,0.4666666666666666,0.37194223401119947,0.5708812260536398,-0.9643383436486883,-0.3333333333333333,-0.9643383436486883,-0.07427055702917772,0.6,-0.010869565217391306
38,Breeding,0,0.24108458591217208,0.9392867668729736,0.4759799587385794,-0.06666666666666665,0.3825523135867963,0.6875921013852048,-0.9902740937223694,-0.8666666666666666,-0.9902740937223694,0.1497200117889773,0.7333333333333333,-0.010869565217391306
39,Non-breeding,0,0.3580901856763925,0.9581491305629236,0.9030356616563513,0.6,0.5549661066902446,0.4550545240200412,-0.9322133804892424,-0.6,-0.9322133804892424,0.8608900677866194,0.7333333333333333,0.32525083612040134
39,Breeding,0,-0.05010315355142941,0.9616858237547892,0.7462422634836426,0.06666666666666665,0.5879752431476569,-0.026819923371647507,-0.9764220453875625,-0.9999999999999999,-0.9764220453875625,0.7318007662835248,0.3333333333333333,0.32525083612040134
40,Non-breeding,0,0.25817860300618917,0.7232537577365162,0.6696139109932212,-0.06666666666666665,0.00618921308576481,-0.094017094017094,-0.9572649572649571,-0.7333333333333333,-0.9572649572649571,0.08488063660477453,0.2,0.04487179487179487
40,Breeding,0,0.21013852048334805,0.8429118773946359,0.29885057471264365,-0.6,0.14205717653993513,0.1181844974948423,-0.9846743295019156,-0.9999999999999999,-0.9846743295019156,0.5543766578249336,0.3333333333333333,0.04487179487179487
41,Non-breeding,0,0.9089301503094606,0.9637488947833773,0.950781019746537,-0.06666666666666665,0.327438844680224,-0.23342175066312995,-0.9236663719422339,-0.7333333333333333,-0.9236663719422339,0.10167992926613616,0.06666666666666665,0.622166480862133
41,Breeding,0,0.4756852343059239,0.8753315649867374,0.8838785735337459,-0.2,-0.4718538166814028,0.8762157382847037,-0.9708222811671087,-0.8666666666666666,-0.9708222811671087,0.32773356911287943,0.3333333333333333,0.622166480862133
42,Non-breeding,0,-0.41791924550545234,0.9375184202770408,0.2587680518715001,-0.7333333333333333,0.5481874447391688,0.3377541998231653,-0.9581491305629236,-0.8666666666666666,-0.9581491305629236,0.2543471853816681,-0.2,-0.5432924563359346
42,Breeding,0,0.6478043029767168,0.9339817270851752,0.3978779840848806,-0.7333333333333333,0.7621573828470379,0.7757147067491894,-0.9890951959917476,-0.9999999999999999,-0.9890951959917476,0.4167403477748305,0.4666666666666666,-0.5432924563359346
43,Non-breeding,0,0.4143825523135868,0.9652225169466547,0.21514883583849098,0.06666666666666665,0.14028882994400235,-0.44974948423224276,-0.9460654288240493,-0.4666666666666666,-0.9460654288240493,0.5361037430002946,0.7333333333333333,-0.25873281308063917
43,Breeding,0,0.013557323902151485,0.923076923076923,0.04509283819628647,-0.06666666666666665,0.3563218390804597,-0.20748600058944885,-0.9817270851753609,-0.7333333333333333,-0.9817270851753609,0.6074270557029177,0.4666666666666666,-0.25873281308063917
44,Non-breeding,0,0.7309165929855584,0.8567639257294428,0.9124668435013261,0.3333333333333333,-0.2705570291777188,0.7645151783082818,-0.9575596816976127,-0.8666666666666666,-0.9575596816976127,0.1270262304745063,0.3333333333333333,-0.07515793385358603
44,Breeding,0,0.7238432066018272,0.87061597406425,0.6162687886825817,-0.2,0.5119363395225464,0.7730621868552903,-0.9867374005305038,-0.7333333333333333,-0.9867374005305038,0.5083996463306808,0.4666666666666666,-0.07515793385358603
45,Non-breeding,0,-0.29501915708812254,0.9171824344238135,0.8004715590922487,-0.4666666666666666,0.44768641320365454,-0.4414972001178897,-0.9669908635425876,-0.9999999999999999,-0.9669908635425876,0.6038903625110521,-0.4666666666666666,0.3749535488665924
45,Breeding,0,0.1514883583849101,0.8994989684644855,0.6634246979074565,-0.7333333333333333,0.29560860595343347,0.6460359563807838,-0.9823165340406719,-0.9999999999999999,-0.9823165340406719,0.32478632478632474,-0.06666666666666665,0.3749535488665924
46,Non-breeding,0,0.49808429118773945,0.9369289714117298,0.6669613910993221,-0.06666666666666665,0.4671382257589154,-0.49955791335101674,-0.9428234600648393,-0.7333333333333333,-0.9428234600648393,0.6640141467727674,0.06666666666666665,-0.23773690078037904
46,Breeding,0,0.7541998231653403,0.9599174771588564,0.8570586501620984,-0.4666666666666666,0.3457117595048629,-0.2714412024756852,-0.9799587385794282,-0.8666666666666666,-0.9799587385794282,0.712348953728264,0.2,-0.23773690078037904
47,Non-breeding,0,0.7624521072796934,0.9569702328323018,0.9251399941055112,0.8666666666666666,0.779840848806366,0.515473032714412,-0.9622752726201002,-0.2,-0.9622752726201002,0.7780725022104332,0.8666666666666666,0.1938870308435526
47,Breeding,0,0.6760978485116416,0.9213085764809902,0.36015325670498083,0.4666666666666666,0.5582080754494547,-0.2608311229000884,-0.9602122015915118,-0.3333333333333333,-0.9602122015915118,0.8255231358679633,0.8666666666666666,0.1938870308435526
48,Non-breeding,0,0.22634836427939875,0.9646330680813439,0.8001768346595932,0.8666666666666666,-0.01119952844090775,-0.456822870615974,-0.9207191276156793,-0.7333333333333333,-0.9207191276156793,0.8054818744473916,0.8666666666666666,0.5075250836120402
48,Breeding,0,0.5708812260536398,0.9740642499263188,0.524314765694076,0.6,0.0465664603595638,-0.4285293250810492,-0.9301503094606541,-0.06666666666666665,-0.9301503094606541,0.787503684055408,0.7333333333333333,0.5075250836120402
49,Non-breeding,0,0.6336575302092543,0.9610963748894783,0.8128499852637783,0.9999999999999999,0.3613321544356027,-0.49248452696728556,-0.89596227527262,0.8666666666666666,-0.89596227527262,0.7141173003241967,0.9999999999999999,0.15403195837978445
49,Breeding,0,0.5151783082817565,0.9395814913056292,0.7898614795166518,0.6,0.4886531093427644,0.2572944297082228,-0.9802534630120837,0.06666666666666665,-0.9802534630120837,0.7792513999410551,0.8666666666666666,0.15403195837978445
50,Non-breeding,0,0.6407309165929855,0.9162982611258472,0.868258178603006,-0.06666666666666665,-0.14647804302976716,0.2708517536103743,-0.9652225169466547,-0.7333333333333333,-0.9652225169466547,0.5753020925434718,0.06666666666666665,-0.09234485321441843
50,Breeding,0,0.43236074270557023,0.8458591217211906,0.34246979074565276,-0.3333333333333333,-0.15119363395225463,-0.3239021514883584,-0.963454170350722,-0.9999999999999999,-0.963454170350722,-0.11788977306218684,0.6,-0.09234485321441843
51,Non-breeding,0,0.4423813734158561,0.9516651930445033,0.9310344827586206,0.8666666666666666,-0.1809608016504568,0.5540819333922782,-0.9210138520483346,-0.9999999999999999,-0.9210138520483346,0.7933981727085175,0.7333333333333333,0.18589743589743593
51,Breeding,0,0.645446507515473,0.9148246389625698,0.9330975537872089,0.8666666666666666,-0.8234600648393752,0.2735042735042735,-0.971706454465075,-0.6,-0.971706454465075,0.8726790450928381,0.8666666666666666,0.18589743589743593
52,Non-breeding,0,0.6424992631889183,0.9204244031830238,0.8160919540229885,0.6,-0.4783377541998231,-0.16681402888299438,-0.9510757441791923,-0.6,-0.9510757441791923,0.5095785440613027,0.4666666666666666,0.42614269788182835
52,Breeding,0,0.5425876805187149,0.8806366047745356,0.676392572944297,0.7333333333333333,0.2402004126142057,0.31063955201886234,-0.9699381078691421,-0.9999999999999999,-0.9699381078691421,0.5175361037430002,0.9999999999999999,0.42614269788182835
53,Non-breeding,0,0.6083112290008841,0.9434129089301503,0.6489832007073386,0.06666666666666665,0.08311229000884172,0.08900677866195107,-0.9519599174771588,-0.8666666666666666,-0.9519599174771588,0.25788387857353373,0.6,0.6238387216648087
53,Breeding,0,-0.09666961391099321,0.9065723548482169,0.8355437665782492,-0.3333333333333333,0.5145888594164456,0.6342469790745652,-0.9781903919834953,-0.7333333333333333,-0.9781903919834953,0.5726495726495726,-0.3333333333333333,0.6238387216648087
54,Non-breeding,0,0.8544061302681991,0.8936044798113763,0.8670792808723842,0.8666666666666666,0.28146183318597107,-0.17742410845859122,-0.9201296787503683,-0.7333333333333333,-0.9201296787503683,0.8476274683171233,0.8666666666666666,-0.11659234485321442
54,Breeding,0,0.7595048629531387,0.9289714117300323,0.9463601532567049,0.2,0.7424108458591216,0.6799292661361627,-0.9764220453875625,-0.9999999999999999,-0.9764220453875625,0.44267609784851153,0.3333333333333333,-0.11659234485321442
55,Non-breeding,0,0.5069260241674034,0.9640436192160329,0.6554671382257589,0.4666666666666666,0.47008547008547,-0.42646625405246086,-0.9755378720895961,-0.6,-0.9755378720895961,0.7105806071323312,0.8666666666666666,-0.28112225938312896
55,Breeding,0,0.3872679045092838,0.8269967580312407,0.6696139109932212,0.4666666666666666,-0.18213969938107866,0.09519599174771587,-0.9893899204244031,-0.7333333333333333,-0.9893899204244031,0.7306218685529029,0.7333333333333333,-0.28112225938312896
56,Non-breeding,0,0.41585617447686407,0.9171824344238135,0.8205128205128204,0.3333333333333333,0.6855290303566164,0.10315355142941349,-0.9434129089301503,-0.2,-0.9434129089301503,0.6074270557029177,0.2,0.24461166852471203
56,Breeding,0,0.3969938107869142,0.885941644562334,0.864426760978485,0.8666666666666666,0.1308576480990274,0.16327733569112876,-0.9605069260241673,-0.9999999999999999,-0.9605069260241673,0.8426171529619804,0.8666666666666666,0.24461166852471203
57,Non-breeding,0,0.4105511346890656,0.7771883289124667,0.8323017978190391,-0.6,-0.47450633657530206,-0.3353964043619216,-0.971117005599764,-0.9999999999999999,-0.971117005599764,0.5069260241674034,-0.4666666666666666,-0.3014678558156819
57,Breeding,0,-0.009431181844974948,0.8340701444149718,0.7995873857942821,-0.7333333333333333,-0.35514294134983787,0.24904214559386972,-0.9858532272325374,-0.9999999999999999,-0.9858532272325374,0.515473032714412,-0.3333333333333333,-0.3014678558156819
58,Non-breeding,0,0.7338638373121131,0.9587385794282346,0.8535219569702327,0.9999999999999999,-0.2590627763041556,-0.35072207486000584,-0.9637488947833773,0.7333333333333333,-0.9637488947833773,0.43442381373415845,0.9999999999999999,0.2861389817911557
58,Breeding,0,0.7155909224874741,0.8947833775419981,0.6327733569112879,0.8666666666666666,-0.17889773062186853,0.036545829649277925,-0.9752431476569406,-0.7333333333333333,-0.9752431476569406,0.3035661656351311,0.9999999999999999,0.2861389817911557
59,Non-breeding,0,0.4638962569997052,0.9165929855585027,0.7474211612142645,-0.7333333333333333,-0.24904214559386972,-0.4055408193339228,-0.948423224285293,-0.9999999999999999,-0.948423224285293,0.048334806955496606,0.2,-0.5415273132664437
59,Breeding,0,0.6551724137931034,0.8638373121131742,-0.07633362805776599,-0.4666666666666666,-0.4824638962569997,-0.30798703212496314,-0.9926318891836131,-0.8666666666666666,-0.9926318891836131,0.06660772178013556,0.2,-0.5415273132664437
60,Non-breeding,0,0.627173592690834,0.9183613321544356,0.81078691423519,-0.6,0.31830238726790444,-0.07603890362511051,-0.9799587385794282,-0.9999999999999999,-0.9799587385794282,0.09342764515178306,-0.2,-0.3012820512820513
60,Breeding,0,0.2947244326554671,0.8835838491010903,0.7765988800471558,-0.4666666666666666,0.5299145299145299,0.699086354258768,-0.986147951665193,-0.9999999999999999,-0.986147951665193,-0.16445623342175064,0.6,-0.3012820512820513
61,Non-breeding,0,0.5263778367226642,0.9139404656646035,0.7536103743000294,-0.6,0.5225464190981433,0.17506631299734746,-0.9165929855585027,-0.8666666666666666,-0.9165929855585027,-0.15974064249926315,0.6,-0.3734671125975474
61,Breeding,0,0.7568523430592395,0.9160035366931917,0.8172708517536104,0.4666666666666666,0.6920129678750367,0.5434718538166813,-0.9770114942528735,-0.8666666666666666,-0.9770114942528735,0.07839669908635424,0.7333333333333333,-0.3734671125975474
62,Non-breeding,0,0.044208664898320066,0.9012673150604184,0.7203065134099617,0.06666666666666665,0.04892425582080754,-0.19245505452402,-0.9416445623342174,-0.8666666666666666,-0.9416445623342174,-0.3380489242558208,0.4666666666666666,-0.42985878855444076
62,Breeding,0,0.3654582964927792,0.8202180960801649,0.6433834364868847,-0.6,-0.07338638373121131,0.7273798997936928,-0.9843796050692601,-0.9999999999999999,-0.9843796050692601,-0.09755378720895962,-0.4666666666666666,-0.42985878855444076
63,Non-breeding,0,0.3666371942234011,0.9466548776893603,0.8104921898025346,0.6,-0.22163277335691128,0.5814913056292366,-0.9490126731506041,-0.8666666666666666,-0.9490126731506041,0.7026230474506336,0.7333333333333333,-0.02814938684503902
63,Breeding,0,-0.37754199823165335,0.8659003831417623,0.6363100501031534,-0.8666666666666666,-0.35337459475390504,0.6625405246094901,-0.9773062186855288,-0.9999999999999999,-0.9773062186855288,0.6407309165929855,-0.3333333333333333,-0.02814938684503902
64,Non-breeding,0,-0.04686118479221927,0.9410551134689066,0.6675508399646329,-0.2,0.37872089596227526,-0.02947244326554671,-0.9802534630120837,-0.9999999999999999,-0.9802534630120837,0.5587975243147656,0.3333333333333333,-0.575157933853586
64,Breeding,0,0.14677276746242263,0.9543177129384025,0.1279104037724727,-0.06666666666666665,-0.03153551429413498,0.3348069554966106,-0.9837901562039493,-0.6,-0.9837901562039493,0.3477748305334512,0.6,-0.575157933853586
65,Non-breeding,0,0.2605363984674329,0.8992042440318302,0.8411435307987032,-0.2,0.5505452402004125,0.43059239610963745,-0.9764220453875625,-0.9999999999999999,-0.9764220453875625,-0.12584733274388446,0.3333333333333333,-0.3380713489409142
65,Breeding,0,-0.20807544945475978,0.9543177129384025,0.24078986147951661,0.2,-0.12673150604185085,0.6908340701444149,-0.9849690539345711,-0.9999999999999999,-0.9849690539345711,0.2888299440023578,0.7333333333333333,-0.3380713489409142
66,Non-breeding,0,0.4358974358974359,0.9301503094606541,0.5511346890657235,-0.6,0.1559092248747421,-0.22988505747126436,-0.9619805481874446,-0.8666666666666666,-0.9619805481874446,0.15915119363395222,-0.4666666666666666,-0.3743961352657005
66,Breeding,0,0.4205717653993516,0.7382847038019451,-0.5013262599469496,-0.8666666666666666,0.3150604185086943,0.34070144414972,-0.9849690539345711,-0.9999999999999999,-0.9849690539345711,0.17064544650751545,-0.3333333333333333,-0.3743961352657005
67,Non-breeding,0,0.49248452696728556,0.9519599174771588,0.8432066018272913,-0.06666666666666665,0.5549661066902446,0.3295019157088122,-0.9746536987916298,-0.9999999999999999,-0.9746536987916298,-0.11906867079280871,-0.06666666666666665,-0.03920475659606095
67,Breeding,0,0.827291482463896,0.8611847922192749,0.9522546419098141,0.7333333333333333,0.5540819333922782,0.890362511052166,-0.9737695254936632,-0.8666666666666666,-0.9737695254936632,-0.2543471853816681,0.7333333333333333,-0.03920475659606095
68,Non-breeding,0,-0.16268788682581783,0.8844680223990568,0.9375184202770408,0.6,0.7621573828470379,0.7945770704391394,-0.962864721485411,-0.8666666666666666,-0.962864721485411,-0.14235190097259062,0.4666666666666666,-0.12606837606837606
68,Breeding,0,0.41379310344827586,0.9593280282935455,0.9106984969053933,0.2,0.6878868258178602,0.7244326554671381,-0.9764220453875625,-0.9999999999999999,-0.9764220453875625,0.17005599764220453,0.7333333333333333,-0.12606837606837606
69,Non-breeding,0,-0.17359269083407014,0.9301503094606541,0.6554671382257589,0.3333333333333333,-0.4653698791629825,-0.44503389330975535,-0.963454170350722,-0.3333333333333333,-0.963454170350722,0.8037135278514588,0.7333333333333333,-0.21701969528056486
69,Breeding,0,0.12879457707043912,0.8809313292071912,0.5717653993516062,0.3333333333333333,0.6746242263483642,0.3463012083701738,-0.9802534630120837,-0.7333333333333333,-0.9802534630120837,0.5169466548776893,0.8666666666666666,-0.21701969528056486
70,Non-breeding,0,0.5977011494252873,0.9466548776893603,0.9381078691423518,0.2,-0.09608016504568227,-0.6333628057765989,-0.9575596816976127,-0.6,-0.9575596816976127,0.6472148541114058,0.6,-0.1974173169825344
70,Breeding,0,0.8432066018272913,0.945770704391394,0.7877984084880636,0.7333333333333333,0.7335691128794577,0.5838491010904803,-0.9749484232242851,-0.3333333333333333,-0.9749484232242851,0.882110226937813,0.8666666666666666,-0.1974173169825344
71,Non-breeding,0,-0.4182139699381078,0.8437960506926022,0.45151783082817565,-0.2,-0.08871205422929561,0.2186855290303566,-0.985558502799882,-0.9999999999999999,-0.985558502799882,0.17005599764220453,0.3333333333333333,-0.2898550724637681
71,Breeding,0,-0.5747126436781608,0.8670792808723842,0.7656940760389036,0.2,0.17948717948717946,0.33981727085175356,-0.9834954317712937,-0.9999999999999999,-0.9834954317712937,-0.4742116121426465,0.4666666666666666,-0.2898550724637681
72,Non-breeding,0,-0.049218980253463,0.8770999115826701,0.5900383141762451,-0.4666666666666666,0.42410845859121715,0.4423813734158561,-0.9522546419098141,-0.9999999999999999,-0.9522546419098141,0.3978779840848806,0.06666666666666665,-0.591880341880342
72,Breeding,0,0.6495726495726495,0.8664898320070732,0.502210433244916,-0.8666666666666666,0.5496610669024461,0.798113763631005,-0.9843796050692601,-0.9999999999999999,-0.9843796050692601,0.28470380194518125,-0.2,-0.591880341880342
73,Non-breeding,0,-0.32213380489242555,0.9068670792808722,0.7715885646920129,-0.8666666666666666,-0.38608900677866187,-0.41143530798703204,-0.9496021220159151,-0.9999999999999999,-0.9496021220159151,0.8081343943412909,-0.4666666666666666,-0.3841508732813081
73,Breeding,0,0.25817860300618917,0.9012673150604184,0.41379310344827586,-0.9999999999999999,-0.6398467432950191,0.06454465075154729,-0.980548187444739,-0.9999999999999999,-0.980548187444739,0.694665487768936,-0.06666666666666665,-0.3841508732813081
74,Non-breeding,0,0.22546419098143236,0.9437076333628056,0.8700265251989387,0.8666666666666666,-0.7627468317123488,0.8437960506926022,-0.9504862953138814,-0.06666666666666665,-0.9504862953138814,0.35779546124373707,0.9999999999999999,0.506596060943887
74,Breeding,0,0.10050103153551428,0.930739758325965,0.7483053345122309,0.6,-0.048040082522841136,0.4105511346890656,-0.9832007073386383,-0.8666666666666666,-0.9832007073386383,0.5025051576775714,0.7333333333333333,0.506596060943887
75,Non-breeding,0,-0.11671087533156498,0.950191570881226,0.7639257294429707,0.2,-0.547008547008547,0.20159151193633948,-0.9277925139994104,-0.3333333333333333,-0.9277925139994104,0.4308871205422929,0.3333333333333333,0.45735785953177266
75,Breeding,0,0.1308576480990274,0.9440023577954612,0.8597111700559975,0.8666666666666666,-0.17182434423813733,-0.286472148541114,-0.9752431476569406,-0.2,-0.9752431476569406,-0.4173297966401414,0.8666666666666666,0.45735785953177266
76,Non-breeding,0,0.20807544945475978,0.9566755083996462,0.3731211317418213,0.06666666666666665,0.024167403477748303,-0.09372236958443854,-0.9834954317712937,-0.7333333333333333,-0.9834954317712937,0.5334512231063955,-0.06666666666666665,0.38665923448532147
76,Breeding,0,0.015915119363395222,0.8414382552313585,0.07427055702917772,-0.6,0.31594459180666074,-0.40053050397877976,-0.9784851164161507,-0.9999999999999999,-0.9784851164161507,0.3563218390804597,-0.06666666666666665,0.38665923448532147
77,Non-breeding,0,0.3887415266725611,0.9410551134689066,0.6819923371647508,0.06666666666666665,-0.5075154730327144,0.4680223990568818,-0.9829059829059827,-0.9999999999999999,-0.9829059829059827,0.028588269967580307,0.7333333333333333,-0.4920104050538834
77,Breeding,0,0.6542882404951369,0.9381078691423518,-0.38314176245210724,-0.8666666666666666,0.05747126436781609,0.30209254347185377,-0.9896846448570585,-0.9999999999999999,-0.9896846448570585,-0.20483348069554963,-0.3333333333333333,-0.4920104050538834
78,Non-breeding,0,-0.20542292956086056,0.9354553492484526,0.9045092838196285,-0.4666666666666666,-0.5428824049513704,0.6899498968464485,-0.9796640141467725,-0.9999999999999999,-0.9796640141467725,0.6089006778661951,0.7333333333333333,0.27034559643255296
78,Breeding,0,0.11906867079280871,0.8947833775419981,0.6619510757441791,-0.2,0.40288829944002347,0.5944591806660772,-0.9793692897141172,-0.7333333333333333,-0.9793692897141172,0.27880931329207187,0.2,0.27034559643255296
79,Non-breeding,0,-0.08163866784556438,0.9625699970527555,0.4102564102564102,-0.4666666666666666,-0.39434129089301495,0.2402004126142057,-0.9637488947833773,-0.8666666666666666,-0.9637488947833773,0.6136162687886825,-0.4666666666666666,-0.12532515793385357
79,Breeding,0,-0.22900088417329792,0.9115826702033598,0.09755378720895962,-0.06666666666666665,-0.2596522251694665,-0.13380489242558205,-0.9826112584733274,-0.9999999999999999,-0.9826112584733274,0.5257883878573533,-0.06666666666666665,-0.12532515793385357
80,Non-breeding,0,0.7099911582670203,0.9445918066607721,0.8629531388152076,-0.6,0.1414677276746242,-0.09725906277630415,-0.9796640141467725,-0.9999999999999999,-0.9796640141467725,0.6218685529030356,0.2,0.18626904496469715
80,Breeding,0,-0.4736221632773356,0.605069260241674,0.7547892720306513,-0.06666666666666665,-0.5098732684939581,0.7229590333038608,-0.9796640141467725,-0.8666666666666666,-0.9796640141467725,0.5661656351311523,0.06666666666666665,0.18626904496469715
81,Non-breeding,0,-0.4084880636604774,0.936339522546419,0.5620394930739758,-0.7333333333333333,-0.5755968169761272,0.004715590922487474,-0.9575596816976127,-0.8666666666666666,-0.9575596816976127,0.8252284114353079,-0.3333333333333333,-0.511055369751022
81,Breeding,0,0.34806955496610664,0.890362511052166,0.16887709991158265,-0.8666666666666666,0.2295903330386089,0.4081933392278219,-0.9890951959917476,-0.9999999999999999,-0.9890951959917476,-0.5334512231063955,0.6,-0.511055369751022
82,Non-breeding,0,0.6277630415561449,0.9481284998526377,0.8243442381373415,-0.3333333333333333,0.0663129973474801,-0.05098732684939581,-0.9522546419098141,-0.8666666666666666,-0.9522546419098141,0.6463306808134394,-0.3333333333333333,0.32822370865849126
82,Breeding,0,0.8234600648393752,0.8358384910109047,0.5670498084291187,-0.9999999999999999,-0.3663424697907456,-0.16327733569112876,-0.9552018862363688,-0.9999999999999999,-0.9552018862363688,0.6339522546419097,-0.3333333333333333,0.32822370865849126
83,Non-breeding,0,-0.5004420866489832,0.9328028293545534,0.850574712643678,-0.3333333333333333,0.5195991747715885,-0.08281756557618626,-0.9705275567344531,-0.6,-0.9705275567344531,0.7819039198349541,-0.06666666666666665,0.26207729468599034
83,Breeding,0,-0.19157088122605362,0.9330975537872089,0.8588269967580312,-0.6,-0.2617152961980548,0.6413203654582964,-0.9870321249631593,-0.9999999999999999,-0.9870321249631593,0.581786030061892,-0.4666666666666666,0.26207729468599034
84,Non-breeding,0,0.9546124373710578,0.8962569997052755,0.8317123489537281,0.6,-0.14765694076038902,-0.048334806955496606,-0.945770704391394,-0.7333333333333333,-0.945770704391394,0.7203065134099617,0.8666666666666666,0.08556298773690078
84,Breeding,0,0.7400530503978778,0.8838785735337459,0.6628352490421455,-0.2,0.7592101385204832,-0.16416150898909518,-0.9799587385794282,-0.8666666666666666,-0.9799587385794282,0.5906277630415561,0.3333333333333333,0.08556298773690078
85,Non-breeding,0,0.613321544356027,0.9298555850279987,0.7026230474506336,0.2,0.6033009136457411,0.6242263483642794,-0.9749484232242851,-0.7333333333333333,-0.9749484232242851,0.6386678455643972,0.2,0.3337978446674099
85,Breeding,0,-0.016504568228706155,0.8411435307987032,0.8352490421455937,-0.2,-0.15797229590333037,0.46654877689360447,-0.9832007073386383,-0.8666666666666666,-0.9832007073386383,-0.004126142057176539,0.2,0.3337978446674099
86,Non-breeding,0,0.564692012967875,0.8865310934276451,0.48275862068965514,-0.06666666666666665,0.6646035956380784,0.6071323312702622,-0.963454170350722,-0.8666666666666666,-0.963454170350722,0.42322428529325073,0.2,9.29022668153103e-05
86,Breeding,0,0.24580017683465957,0.8523430592396108,0.2761567933981727,-0.6,-0.042145593869731796,0.1340996168582375,-0.9808429118773946,-0.8666666666666666,-0.9808429118773946,0.3993516062481579,0.6,9.29022668153103e-05
87,Non-breeding,0,0.5302092543471854,0.8953728264073091,0.6483937518420276,0.4666666666666666,0.2178013557323902,-0.3059239610963749,-0.9602122015915118,-0.9999999999999999,-0.9602122015915118,-0.5425876805187149,0.8666666666666666,-0.5514678558156819
87,Breeding,0,0.4591806660772178,0.9189507810197465,0.33068081343943406,-0.3333333333333333,0.6634246979074565,0.05835543766578249,-0.9829059829059827,-0.9999999999999999,-0.9829059829059827,0.029177718832891244,0.3333333333333333,-0.5514678558156819
88,Non-breeding,0,0.14205717653993513,0.9605069260241673,0.578544061302682,0.06666666666666665,-0.02033598585322723,-0.5770704391394046,-0.9790745652814616,-0.7333333333333333,-0.9790745652814616,0.7586206896551724,0.4666666666666666,-0.3516350798959495
88,Breeding,0,0.7338638373121131,0.8641320365458295,0.04686118479221927,0.2,-0.5968169761273209,-0.10315355142941349,-0.9879162982611257,-0.8666666666666666,-0.9879162982611257,-0.07427055702917772,0.8666666666666666,-0.3516350798959495
89,Non-breeding,0,0.7524314765694076,0.910403772472738,0.5888594164456232,0.6,0.2855879752431476,-0.0020630710285882694,-0.9065723548482169,-0.3333333333333333,-0.9065723548482169,0.04361921603300913,0.7333333333333333,-0.1426049795615013
89,Breeding,0,0.5888594164456232,0.8815207780725022,0.8591217211906865,0.2,0.26643088712054225,0.6074270557029177,-0.971706454465075,-0.6,-0.971706454465075,0.23990568818155023,0.6,-0.1426049795615013
90,Non-breeding,0,0.7270851753610373,0.890362511052166,0.8075449454759798,-0.4666666666666666,-0.042440318302387266,-0.5764809902740937,-0.953433539640436,-0.9999999999999999,-0.953433539640436,0.5555555555555555,0.2,0.6992753623188406
90,Breeding,0,-0.29649277925139994,0.8381962864721484,0.913056292366637,-0.7333333333333333,0.5063365753020925,0.8045977011494251,-0.9808429118773946,-0.8666666666666666,-0.9808429118773946,0.622163277335691,-0.6,0.6992753623188406
91,Non-breeding,0,0.23519009725906276,0.9006778661951074,0.5882699675803124,0.2,0.1585617447686413,-0.27320954907161804,-0.958443854995579,-0.6,-0.958443854995579,0.7509578544061302,0.3333333333333333,0.3302675585284281
91,Breeding,0,0.0020630710285882694,0.8994989684644855,0.6333628057765989,-0.2,-0.47008547008547,0.8759210138520482,-0.9776009431181844,-0.9999999999999999,-0.9776009431181844,0.3471853816681403,0.06666666666666665,0.3302675585284281
92,Non-breeding,0,-0.24786324786324782,0.9696433834364868,0.6201002063071027,0.2,0.4414972001178897,-0.3931623931623931,-0.9546124373710578,-0.2,-0.9546124373710578,0.8384910109048039,0.4666666666666666,-0.1073021181716834
92,Breeding,0,0.26495726495726496,0.8888888888888888,0.5941644562334217,0.4666666666666666,0.5658709106984968,-0.06660772178013556,-0.9858532272325374,-0.8666666666666666,-0.9858532272325374,0.6318891836133215,0.8666666666666666,-0.1073021181716834
93,Non-breeding,0,0.47892720306513403,0.9463601532567049,0.7804302976716769,0.2,0.29855585027998816,0.48924255820807533,-0.9227821986442675,-0.8666666666666666,-0.9227821986442675,0.43884468022399054,0.3333333333333333,0.21339650687476777
93,Breeding,0,0.389920424403183,0.909814323607427,0.8765104627173592,-0.4666666666666666,0.37400530503978774,0.10403772472737989,-0.9631594459180665,-0.9999999999999999,-0.9631594459180665,0.7185381668140288,-0.3333333333333333,0.21339650687476777
94,Non-breeding,0,0.43295019157088116,0.8535219569702327,0.9272030651340994,0.8666666666666666,-0.3009136457412319,0.6198054818744473,-0.9448865310934275,0.2,-0.9448865310934275,0.6560565870910698,0.8666666666666666,-0.43134522482348575
94,Breeding,0,0.5567344532861773,0.9042145593869731,0.7907456528146183,0.8666666666666666,-0.3663424697907456,0.5988800471559091,-0.9566755083996462,-0.7333333333333333,-0.9566755083996462,-0.5411140583554376,0.8666666666666666,-0.43134522482348575
95,Non-breeding,0,0.6784556439728853,0.8997936928971411,0.8081343943412909,0.8666666666666666,-0.3887415266725611,-0.11906867079280871,-0.8986147951665192,0.8666666666666666,-0.8986147951665192,0.8134394341290893,0.8666666666666666,0.03418803418803419
95,Breeding,0,0.5782493368700264,0.8608900677866194,0.8853521956970231,0.4666666666666666,-0.33922782198644263,0.0860595343353964,-0.9873268493958148,-0.4666666666666666,-0.9873268493958148,0.34217506631299727,0.6,0.03418803418803419
96,Non-breeding,0,0.40907751252578833,0.8912466843501325,0.8057765988800469,-0.06666666666666665,0.37194223401119947,0.36575302092543466,-0.9210138520483346,-0.6,-0.9210138520483346,-0.5673445328617741,0.3333333333333333,-0.07199925678186549
96,Breeding,0,0.27232537577365157,0.8953728264073091,0.3910993221338048,-0.3333333333333333,0.16681402888299438,0.1396993810786914,-0.9849690539345711,-0.9999999999999999,-0.9849690539345711,-0.07633362805776599,-0.06666666666666665,-0.07199925678186549
97,Non-breeding,0,0.16062481579722956,0.9389920424403182,0.5361037430002946,-0.2,0.12879457707043912,-0.4895372826407308,-0.9593280282935455,-0.8666666666666666,-0.9593280282935455,0.009725906277630415,0.7333333333333333,-0.36361947231512454
97,Breeding,0,0.025935750073681107,0.9342764515178308,0.49425287356321834,0.4666666666666666,0.43943412908930146,0.15001473622163278,-0.9796640141467725,-0.8666666666666666,-0.9796640141467725,0.5334512231063955,0.8666666666666666,-0.36361947231512454
98,Non-breeding,0,0.6162687886825817,0.953433539640436,0.223990568818155,-0.2,0.3206601827291482,-0.4423813734158561,-0.9145299145299145,-0.3333333333333333,-0.9145299145299145,0.797524314765694,0.2,-0.16109253065774806
98,Breeding,0,0.4736221632773356,0.8750368405540818,0.3088712054229295,-0.4666666666666666,0.47892720306513403,0.004420866489832006,-0.9802534630120837,-0.7333333333333333,-0.9802534630120837,0.7164750957854404,-0.2,-0.16109253065774806
99,Non-breeding,0,0.6545829649277924,0.9189507810197465,0.936339522546419,-0.06666666666666665,0.3654582964927792,0.1270262304745063,-0.9613910993221336,-0.8666666666666666,-0.9613910993221336,0.8031240789861479,0.2,0.6295057599405426
99,Breeding,0,0.18037135278514588,0.8629531388152076,0.7329796640141466,-0.4666666666666666,0.37194223401119947,0.4244031830238726,-0.9817270851753609,-0.7333333333333333,-0.9817270851753609,0.868258178603006,-0.2,0.6295057599405426
100,Non-breeding,0,0.6422045387562628,0.9690539345711758,0.5971117005599763,-0.4666666666666666,0.3029767167698202,-0.663129973474801,-0.9395814913056292,-0.8666666666666666,-0.9395814913056292,-0.2888299440023578,-0.3333333333333333,-0.2195280564845782
100,Breeding,0,0.7712938402593573,0.9030356616563513,0.25994694960212195,-0.2,0.35985853227232534,-0.37754199823165335,-0.9846743295019156,-0.8666666666666666,-0.9846743295019156,0.2658414382552313,0.2,-0.2195280564845782
