Growth rate,State variable,Smoothing,Residuals,Standard deviation,Variance,Lag-1 AC,Lag-2 AC,Lag-3 AC,Coefficient of variation,Skewness,Kurtosis,AIC fold,AIC hopf,AIC null,Coherence factor,Params fold,Params hopf,Params null,Smax,Smax/Var,Cross correlation
0.0,0.0471470309213084,0.12448824029129177,-0.07734120936998337,0.15515102219360857,0.024071839687721617,0.5947049488558657,0.4764098561962582,0.3848241467268046,0.9179332287305602,0.9823237264677831,0.8674996564143629,0.8626141882848334,0.13738581171516667,3.726217404689597e-19,0.0,"{'sigma': 0.06897378073314984, 'lam': -0.4145089466486196}","{'sigma': 0.024461995203518994, 'mu': -0.07574011695782445, 'w0': 0.2237747920377215, 'delta': 1.6600611996153702e-09, 'psi': 0.2}",{'sigma': 0.0744060651588175},0.004822312023964594,0.20033001575796977,0.7464498447630167
0.1,10.445143372954453,10.477288852935805,-0.03214547998135231,0.24136388216277116,0.05825652361268409,0.7391654996528341,0.6343411612997534,0.5631603664387821,0.02273470510628028,-0.0668884425596215,-0.02929624430386923,7.670828879866304e-09,0.9999999923291713,4.410519745363256e-24,0.005209745080760154,"{'sigma': 0.09162219393378426, 'lam': -0.3905436170504677}","{'sigma': 0.03366524649843328, 'mu': -0.07354538365194285, 'w0': 0.21729043478189417, 'delta': 1.7723642553590935e-09, 'psi': 0.2}",{'sigma': 0.10005388011895798},0.010419490161520308,0.17885533697125194,0.905347285047381
0.2,34.42515074597117,34.40584213048429,0.019308615486885117,0.22280590642013026,0.04964247193569585,0.6655830818273908,0.5712962576937554,0.46031448169396183,0.006474850696804856,0.01929771742152981,0.13158674408674328,6.453893703358063e-11,0.999999999935461,8.658374937333886e-24,0.004938762210896842,"{'sigma': 0.09300507122919711, 'lam': -0.4167201530628928}","{'sigma': 0.03320602099073944, 'mu': -0.07424604445073824, 'w0': 0.2193605415700952, 'delta': 5.428606453250495e-10, 'psi': 0.2}",{'sigma': 0.09867752073745134},0.009877524421793684,0.19897325891805892,0.8193622230677599
0.30000000000000004,56.71067747550292,56.94976474734599,-0.23908727184306855,0.189942212584279,0.03607804412141144,0.5389497979982418,0.40312013240483374,0.2768958751290227,0.003339516731218698,0.0995882648923025,0.4400045071186795,0.9999999869314067,1.3068592287912537e-08,1.1255220765886004e-15,0.0024179384732519573,"{'sigma': 0.10908735057522327, 'lam': -0.6558087550766607}","{'sigma': 0.035540964533852915, 'mu': -0.12469410825074112, 'w0': 0.36840975505211476, 'delta': 1.2037926211405647e-11, 'psi': 0.2}",{'sigma': 0.08986471427464181},0.0048358769465039145,0.13403933234933707,0.7202075865864014
0.4,78.16547719494699,78.04487671735954,0.12060047758744474,0.17602620114037146,0.030985223487910513,0.4162079264305672,0.2959716528745022,0.16599633840217123,0.002259682816068274,0.046497505097048294,0.5247403003577893,0.9999999999997544,1.1894908260507948e-13,1.2658787310053598e-13,0.0017867113036912471,"{'sigma': 0.11523858976088713, 'lam': -0.843606524365522}","{'sigma': 0.029596522738315256, 'mu': -0.12425273296772033, 'w0': 0.36710570868732945, 'delta': 5.038327532957965e-10, 'psi': 0.2}",{'sigma': 0.08370204288193649},0.0035734226073824943,0.11532666881608049,0.6814544758608437
0.5,97.31250990886647,97.37994458495052,-0.06743467608404785,0.16428264043929924,0.026988785949708077,0.3572495501462757,0.23556345144754576,0.13476980474045125,0.0016889356175046042,-0.07579263446370187,-0.05095062028362426,0.9999999961841664,3.4792562323417816e-09,3.3657753671067906e-10,0.0014335825808052388,"{'sigma': 0.12134642861437579, 'lam': -1.0290096007334149}","{'sigma': 0.028485698058546394, 'mu': -0.12845353515319058, 'w0': 0.3795170137383126, 'delta': 1.3975345325434319e-09, 'psi': 0.2}",{'sigma': 0.07746713733988222},0.0028671651616104777,0.10623542559318012,0.6433617083246547
0.6000000000000001,115.17569427433158,115.01177353874084,0.16392073559073594,0.1585532192919169,0.02513912334783069,0.28135980865002974,0.1748785707122006,0.09078481440407556,0.0013782935676248953,-0.07849555847090227,0.0685437476194084,0.9999999998616163,3.2104812342180525e-21,1.3838375375370033e-10,0.0009773303139419222,"{'sigma': 0.16150945959952878, 'lam': -1.612661559278172}","{'sigma': 0.10063561167695956, 'mu': -0.8662968721527899, 'w0': 2.559486070550503, 'delta': 4.929548821586138e-06, 'psi': 0.2}",{'sigma': 0.07555404514749706},0.0019546606278838443,0.07775373074226617,0.5804245892317275
0.7000000000000001,131.17936597964035,131.08742654448648,0.09193943515387559,0.15788991838387487,0.024929226327266664,0.2600505728202767,0.10097129400120791,0.06541146739307548,0.001204262856370081,-0.1239898010753917,-0.17033207059133024,0.9999999975482392,1.3439102095611278e-21,2.451760745648386e-09,0.0010092559772201459,"{'sigma': 0.18957743935815538, 'lam': -2.003791897679598}","{'sigma': 0.09831534752556936, 'mu': -0.8363682707657742, 'w0': 2.4710657608239446, 'delta': 8.915567743850161e-06, 'psi': 0.2}",{'sigma': 0.07565012142738593},0.0020185119544402917,0.08096969909702004,0.5554843329091548
0.8,145.72756103907568,145.59817953626617,0.12938150280950822,0.14522965025186096,0.021091651312277856,0.1654003280126763,0.10348363066092504,0.012395993158439264,0.0009977939475129096,-0.05531960438160703,-0.031743605654661215,0.9999994289445729,1.5957759056577286e-20,5.710554269628392e-07,0.000718417053125113,"{'sigma': 0.2071793378307963, 'lam': -2.4763674604259034}","{'sigma': 0.08420900226937711, 'mu': -0.7464610986253977, 'w0': 2.2054253758356896, 'delta': 4.96074070710506e-10, 'psi': 0.2}",{'sigma': 0.07055229289884295},0.001436834106250226,0.0681233576725127,0.46813049442464094
0.9,158.46297772558557,158.44302851434549,0.01994921124008897,0.14125716704721683,0.01995358724220532,0.1339999529984063,-0.03647525941641178,-0.03244786305343238,0.0008916974208227317,-0.030544420617772197,0.053743726819302416,0.999985296187111,1.7527320836905461e-06,1.2951080805271298e-05,0.00048673145782063553,"{'sigma': 0.24079170612565146, 'lam': -3.1415926455555234}","{'sigma': 1232.5502128899318, 'mu': -909.4974378391714, 'w0': 18115.767569626343, 'delta': 15428.650006620594, 'psi': 0.2}",{'sigma': 0.06795190038910241},0.0009734629156412711,0.048786361260506936,0.45014690485109005
1.0,169.94243307251622,169.84244464537903,0.09998842713719114,0.13316882090315715,0.017733934860737145,0.09917633626901996,-0.027596348114221885,0.022271790422125026,0.0007841598244150723,-0.07872256159997924,0.13337595306067573,0.9727134600097459,0.003252624428600073,0.02403391556165391,0.00045438701049178826,"{'sigma': 0.22657460129485346, 'lam': -3.141592429352788}","{'sigma': 1056.2551906101214, 'mu': -542.1360034034848, 'w0': 16453.28900007476, 'delta': 14851.54377719173, 'psi': 0.2}",{'sigma': 0.06416283103857989},0.0009087740209835765,0.05124491705422908,0.3862325452515335
1.1,179.9582079273855,179.95687794315307,0.0013299842324272504,0.12953598245143147,0.01677957074965756,0.054423690730157674,-0.057842960869586665,-0.04433585694697693,0.0007200976672884985,-0.0952840681168536,0.05631089314601912,1.3965078276745909e-05,0.11920107671544758,0.8807849582062758,0.0004217940254987624,"{'sigma': 0.22001493963855207, 'lam': -3.1415926505422576}","{'sigma': 1496.1816979826795, 'mu': -2042.7899114413844, 'w0': 23765.012924626833, 'delta': 17729.57354878136, 'psi': 0.2}",{'sigma': 0.06272613730232438},0.0008435880509975248,0.0502747098589957,0.30979297349595536
1.2000000000000002,188.83608032486842,188.76283527696089,0.07324504790753394,0.11855827320891142,0.014056064146278883,-0.04194387397930665,0.015669023597256138,-0.0390121492783348,0.0006280838787797507,-0.027112178077360227,0.4792832331889818,2.9421181219117714e-15,5.681004031612683e-22,0.9999999999999971,0.0003222825912718344,"{'sigma': 0.19906922162634633, 'lam': -3.141592653589793}","{'sigma': 0.08432670976840084, 'mu': -0.8630768962503954, 'w0': 2.5499676960609747, 'delta': 1.3005152510459084e-12, 'psi': 0.2}",{'sigma': 0.05764997454127722},0.0006445651825436688,0.04585673313921999,0.25316455440598284
1.3,196.61295268885965,196.61298860484038,-3.5915980731715536e-05,0.11904402000338876,0.014171478698567224,-0.0619570729586697,-0.04482364822899362,-0.044071264525058336,0.0006056143439053404,-0.07229211716266781,0.2214382100957463,4.376665330170038e-11,8.475518437687888e-15,0.9999999999562248,0.0003762011490567516,"{'sigma': 0.20158796190067443, 'lam': -3.141592653589793}","{'sigma': 0.07867287391727129, 'mu': -0.7789918492711143, 'w0': 2.3015377422219947, 'delta': 2.893552064620053e-11, 'psi': 0.2}",{'sigma': 0.05840853778591022},0.0007106021704405308,0.05014312095126493,0.23585486932983313
1.4000000000000001,203.45039465543854,203.46102415905168,-0.010629503613131419,0.11439402598859441,0.013085993181879212,-0.06458588990425594,-0.012631570006627577,-0.06612634296954441,0.0005622671888340574,-0.03501688815159066,-0.07658184726824635,1.0972406747294298e-12,9.094430514654784e-18,0.9999999999989027,0.00030157549153792874,"{'sigma': 0.19074328863123197, 'lam': -3.141592653589793}","{'sigma': 0.08119588026688151, 'mu': -0.8618762097457076, 'w0': 2.5464202580886015, 'delta': 5.3684834355749445e-11, 'psi': 0.2}",{'sigma': 0.055314789472744805},0.0006031509830758575,0.04609134168823112,0.1636297639252413
1.5,209.44272744188302,209.4786036718897,-0.0358762300066644,0.11346353308006653,0.012873973339011352,-0.10930423073177079,-0.007483623054250189,-0.09455154806152372,0.0005415356768298564,0.009915862765293552,0.3046776828644436,3.0306288120411766e-10,9.439678111281792e-10,0.9999999987529693,0.000384007831783513,"{'sigma': 0.18888264288020104, 'lam': -3.141592515809822}","{'sigma': 0.09024763134216185, 'mu': -0.9348320648644033, 'w0': 2.7619689248602977, 'delta': 6.528697582552923e-10, 'psi': 0.2}",{'sigma': 0.0552398857165543},0.0007253481267021912,0.05634221134389065,0.08419842081077823
1.6,214.87191324126292,214.9287732424964,-0.05686000123347412,0.1040908084174178,0.010834896396991577,-0.1502074355472525,0.015187832512846193,-0.06399892621082812,0.0004843732744185331,0.07512248938110855,-0.013577512424114648,3.217585392836188e-18,0.99999999315034,6.84965989318824e-09,0.0009222966229090004,"{'sigma': 0.17089837795695356, 'lam': -3.141592653589793}","{'sigma': 0.30497923220263834, 'mu': -0.010584417692922843, 'w0': 6.877246512508717, 'delta': 6.845974764515216, 'psi': 0.2}",{'sigma': 0.050188101273113794},0.0006456076360363002,0.05958595379052817,0.09432389790397953
1.7000000000000002,219.70340766253722,219.64187559195145,0.061532070585769816,0.10295514556277391,0.010599761997851963,-0.14911945151058079,-0.019499083234578295,-0.012874309744215467,0.00046866058957956396,0.04109362030362012,0.07465148138257857,2.447421908196046e-10,0.006470588822442901,0.9935294109328149,0.00031206357283675124,"{'sigma': 0.17184150749014343, 'lam': -3.1415926110313315}","{'sigma': 0.07603634480231247, 'mu': -0.8471794849393617, 'w0': 2.502998665300268, 'delta': 7.40629779727442e-12, 'psi': 0.2}",{'sigma': 0.05063265734708293},0.0005547796850431133,0.05233888130276313,0.04660959222342117
1.8,223.95650714966442,223.92090194671212,0.03560520295229708,0.1007757073498127,0.010155743191855093,-0.1509986857618199,-0.01331968468898071,-0.03770361479712757,0.0004500349685386376,-0.11398715935378716,0.6801671399949221,5.121914297326706e-11,5.461852345833438e-08,0.9999999453302574,0.0002909822981413286,"{'sigma': 0.16939728888994648, 'lam': -3.1415925439812487}","{'sigma': 0.07598853726460875, 'mu': -0.8735837258394177, 'w0': 2.5810102109012982, 'delta': 1.5309238321492558e-09, 'psi': 0.2}",{'sigma': 0.04975369434848181},0.0005496332298225095,0.05412043406762348,0.09317085484587138
1.9000000000000001,227.68228606326173,227.70542255889285,-0.02313649563112108,0.09707005390457492,0.009422595365037081,-0.15324511955477452,-0.04638371231346319,-0.04200151318283391,0.0004262287461146632,0.013338772957918828,-0.04444042000003676,3.2157009208479127e-10,2.9051712946140726e-05,0.9999709479654839,0.00034850546038301934,"{'sigma': 0.1601930488785977, 'lam': -3.1415926428457395}","{'sigma': 0.07281451485162527, 'mu': -0.8764935103084264, 'w0': 2.589607191212332, 'delta': 7.890355036010988e-12, 'psi': 0.2}",{'sigma': 0.04718229026179672},0.0005135869942486601,0.05450589506945669,0.01661142400135078
2.0,231.12262737869509,231.14952792371773,-0.02690054502264161,0.0991528486818083,0.009831287401717575,-0.13592351032344813,0.011530793984571467,0.017595472871498742,0.0004289313803306268,0.044191077251695784,-0.10273536812288224,3.227300232915423e-12,2.0948169965424406e-07,0.9999997905150729,0.00026393549760416715,"{'sigma': 0.165290946028089, 'lam': -3.141592647502998}","{'sigma': 0.07178918113031085, 'mu': -0.842810061249283, 'w0': 2.490089172775577, 'delta': 5.244159106965185e-09, 'psi': 0.2}",{'sigma': 0.04844959311678581},0.0005278709952083343,0.05369296752692965,-0.008080779268760153
2.1,234.26284726586417,234.22882560403073,0.034021661833435246,0.10038376735918722,0.010076900749223423,-0.11745636299657403,-0.025373831506956962,-0.05060472411815706,0.00042855055462893694,-0.09300713984347901,-0.07910467759422252,5.6894633721123766e-18,0.9999998717526195,1.282473805871251e-07,0.0003788361375171721,"{'sigma': 0.16528172307070518, 'lam': -3.1415924882692017}","{'sigma': 0.3262731684350817, 'mu': -0.1787867899843112, 'w0': 7.467417651997781, 'delta': 6.939190629674694, 'psi': 0.2}",{'sigma': 0.04839816266977857},0.0005682542062757581,0.05639176373941667,0.0607603026845783
2.2,237.09708395999155,237.03279908927135,0.06428487072020062,0.10847022588232456,0.011765789902962514,-0.1241135388061358,0.021714098158245577,-0.03938552821502345,0.00045762797286121585,0.0527106997902603,-0.1985931497772877,3.21735300108558e-19,0.9999999910757337,8.924266344811459e-09,0.00033745169326315116,"{'sigma': 0.18059846046288558, 'lam': -3.1415926466544195}","{'sigma': 0.3135788177400387, 'mu': -2.1180102056234262, 'w0': 6.257683639118505, 'delta': 5.29350612232804e-06, 'psi': 0.2}",{'sigma': 0.05294231763239864},0.0006393821556564969,0.05434247601986387,0.0321746488865815
2.3000000000000003,239.60097251741973,239.53990686429623,0.061065653123506536,0.11399978204063185,0.01299595030531157,-0.1824466800918928,0.0407631541675428,0.007641419245928944,0.0004758797924795824,-0.08186742365194782,0.21293789222338563,7.76121709638322e-10,0.0051537632870772634,0.994846235936801,0.0007029432750978538,"{'sigma': 0.1881934161760587, 'lam': -3.141592653589768}","{'sigma': 0.08920199849297639, 'mu': -0.9047082637021562, 'w0': 2.672967909165565, 'delta': 2.408717669766247e-11, 'psi': 0.2}",{'sigma': 0.05551652999537857},0.0007810480834420598,0.06009934364883174,0.09301899218373182
2.4000000000000004,242.03714250015128,241.83338482218664,0.2037576779646315,0.11225902804165756,0.012602089376857658,-0.1956468826185559,0.030092356547079382,-0.009582363065949307,0.000464143106963808,0.048115376441754204,-0.044633520305852596,4.681977043809487e-22,0.9999999999996503,3.4976818863284066e-13,0.0006111982141390403,"{'sigma': 0.18324402847636528, 'lam': -3.141592653589793}","{'sigma': 0.2564631628185101, 'mu': -1.7750735493784657, 'w0': 5.244469212102382, 'delta': 1.178349418040625e-09, 'psi': 0.2}",{'sigma': 0.05428514285188896},0.0007720398494387877,0.061262845100634934,0.22179486822653557
2.5,243.8684974275848,243.92758724456044,-0.05908981697564286,0.12612414036299882,0.01590729878230543,-0.29426663461267133,0.137022442470029,-0.0885103731289922,0.0005169649960087194,-0.101702336652026,0.10829005629995647,1.5615670108411306e-28,1.0,1.8994403937819044e-22,0.0016502409327855826,"{'sigma': 0.20367140752726207, 'lam': -3.141592605360235}","{'sigma': 0.1799164642554536, 'mu': -1.287603305415161, 'w0': 3.8042344184404753, 'delta': 3.8028380444643517e-10, 'psi': 0.2}",{'sigma': 0.06147744793951208},0.0011551686529499077,0.07261878140082878,0.3117826824655613
2.6,245.80840889842955,245.91220355939564,-0.1037946609660878,0.13671060528030388,0.018689789596107047,-0.34481282991719103,0.17895537988596322,-0.0892631123735162,0.0005559598684661279,0.008140051046270587,-0.06138574923834419,1.6676217545073965e-31,1.0,7.58959530374823e-27,0.005478462088047984,"{'sigma': 0.22209085187335084, 'lam': -3.141592634993156}","{'sigma': 0.2106928933466572, 'mu': -0.0058472954989650106, 'w0': 4.467994676960632, 'delta': 4.4507187949431035, 'psi': 0.2}",{'sigma': 0.0679812292796224},0.0021913848352191935,0.11725037480762457,0.37711123093338383
2.7,247.58124685529268,247.6753904521719,-0.09414359687923479,0.1559118707600995,0.02430851144391397,-0.4581238496367948,0.3050792036005644,-0.20692137271847105,0.0006295030879098995,-0.013953226897799884,-0.14382853377842134,5.780997816913012e-35,1.0,1.4095363651139446e-31,0.01104833325766593,"{'sigma': 0.25039185836782446, 'lam': -3.141592653247979}","{'sigma': 0.14777186311473778, 'mu': -0.6444922849407793, 'w0': 3.4443376885990227, 'delta': 1.540180001029685, 'psi': 0.2}",{'sigma': 0.07829091091734253},0.003314499977299776,0.13635141686677055,0.5183624157866532
2.8000000000000003,249.23873168731117,249.30623769602306,-0.06750600871188794,0.1800794255472162,0.032428599505415386,-0.5858140217874235,0.4314971579368002,-0.3153677390194106,0.0007223077054260119,-0.047858025267154915,-0.06577337391678835,1.572756771980665e-41,1.0,7.320146115205637e-39,0.013035426230064684,"{'sigma': 0.2801668321082659, 'lam': -3.1415924050041153}","{'sigma': 0.11172628504667315, 'mu': -0.43337403756695325, 'w0': 3.1325652756413325, 'delta': 1.852158163705301, 'psi': 0.2}",{'sigma': 0.08963771269012263},0.005214170492025874,0.16078925922024903,0.6136153914907072
2.9000000000000004,250.62649360247275,250.7950750368154,-0.1685814343426557,0.21332275805994869,0.0455065991063034,-0.6706056924509192,0.5119877829819318,-0.4141492138609681,0.0008504842758648291,-0.004554026274864791,0.31941484608386894,1.365067973706005e-49,1.0,9.605264990292193e-48,0.0683421791558015,"{'sigma': 0.3440702505227213, 'lam': -3.141592544205704}","{'sigma': 0.12004267516301281, 'mu': -0.2770858906483118, 'w0': 3.2249072305735265, 'delta': 2.4062547173887316, 'psi': 0.2}",{'sigma': 0.11316362085283518},0.0136684358311603,0.3003616200637371,0.7051300427672976
3.0,252.54925461294198,252.18402591792758,0.3652286950143946,0.3191017173582049,0.1018259060209557,-0.8394021230669441,0.7564273418041324,-0.6798123231549711,0.0012651321845217214,-0.05205745524380133,-0.45362363295300867,3.3294592384904127e-66,1.0,6.973318081005871e-65,0.21884364422257985,"{'sigma': 0.5095887131984937, 'lam': -3.1415920997554685}","{'sigma': 0.10819713064796366, 'mu': -0.1401498387653506, 'w0': 3.100899240274249, 'delta': 2.6868254039657704, 'psi': 0.2}",{'sigma': 0.173913535239627},0.04376872884451597,0.42983883527153094,0.8545924211783933
3.1,253.5509320482604,253.56279279402347,-0.011860745763073055,0.7528114675668041,0.5667251057000853,-0.9669318608543785,0.9483179355445658,-0.9335354720579888,0.0029692950525948246,-0.007992626580937832,-0.6147848746416257,6.471819285026094e-65,1.0,5.153332998930134e-64,4.9020952359151995,"{'sigma': 1.2883903691750038, 'lam': -3.1415925779223444}","{'sigma': 0.1405011322208376, 'mu': -1.4116529972962866e-05, 'w0': 3.0849722744395094, 'delta': 3.0849305670371123, 'psi': 0.2}",{'sigma': 0.45559262992173505},0.49020952359152,0.8649864258015457,0.9714773700643697
3.2,358.58770314393433,271.81665345465143,86.7710496892829,89.27117256873903,7969.342251797584,-0.9999377822023714,0.9999955478476583,-0.9999388141038726,0.3318961176249407,2.1332746473624004e-05,-2.0038349250985235,3.7063276250942407e-56,1.0,2.5394472435069044e-55,79612.60832750532,"{'sigma': 154.9874218479436, 'lam': -3.141585076253642}","{'sigma': 16.42002166523983, 'mu': -3.0169655441447674e-05, 'w0': 3.089667290854956, 'delta': 3.08957815436305, 'psi': 0.2}",{'sigma': 55.22745520694097},7961.260832750533,0.9989859365062119,0.9999978482071538
3.3000000000000003,430.8864625022256,295.0434604039018,135.84300209832378,140.44206271716587,19723.972980252354,-0.9999403474202647,0.9999978321071533,-0.9999437026305613,0.48345134509034865,1.5836952871343023e-06,-2.003879320175569,3.71929397063134e-56,1.0,2.5483759871720337e-55,197043.72335193216,"{'sigma': 243.83137649799693, 'lam': -3.1415851583628323}","{'sigma': 25.83305388097583, 'mu': -4.48292902246461e-05, 'w0': 3.089665973627735, 'delta': 3.0895335251258613, 'psi': 0.2}",{'sigma': 86.88570998090516},19704.372335193217,0.9990062526916478,0.9999991092913845
3.4000000000000004,492.40844649336276,318.37663005797975,174.031816435383,179.72156948195345,32299.842537056622,-0.9999404413705512,0.9999984778848348,-0.9999439201558706,0.5748263126138571,5.132441973647162e-06,-2.0038837645704963,3.730655651178238e-56,1.0,2.5562245688680438e-55,322687.52998322377,"{'sigma': 312.0353817285042, 'lam': -3.1415854249638224}","{'sigma': 33.05976037440209, 'mu': -3.90657080748813e-05, 'w0': 3.0896642109074484, 'delta': 3.0895487909558224, 'psi': 0.2}",{'sigma': 111.18910670599813},32268.752998322376,0.9990374708886405,0.9999993935903994
3.5,549.4214023524788,342.35618941103905,207.06521294143977,213.97613238067618,45785.78522859266,-0.999940675208042,0.9999983268176361,-0.9999440370305968,0.637702627758944,5.347828658527376e-06,-2.0038851123914747,3.72390891603477e-56,1.0,2.551559664275114e-55,457410.7538217504,"{'sigma': 371.5038159460145, 'lam': -3.1415852167378926}","{'sigma': 39.3597817746017, 'mu': -3.6506034948757815e-05, 'w0': 3.0896652979216537, 'delta': 3.0895574405450574, 'psi': 0.2}",{'sigma': 132.37977642079193},45741.07538217504,0.9990234994071983,0.9999994767598351
3.6,603.9844574027995,366.8260404027809,237.15841700001863,245.2043564924376,60125.17644287042,-0.9999409364226383,0.9999983887750957,-0.9999444412965891,0.6829673421693077,3.960144943946262e-06,-2.0038862622986957,3.7217549807895275e-56,1.0,2.5500689461660097e-55,600668.0818562061,"{'sigma': 425.7220925991978, 'lam': -3.141585166887542}","{'sigma': 45.1038569562604, 'mu': -4.483790072806748e-05, 'w0': 3.089665714508552, 'delta': 3.089533240566876, 'psi': 0.2}",{'sigma': 151.69971785055637},60066.80818562061,0.9990292210234881,0.999999611302578
3.7,657.2424242910126,391.825407957602,265.41701633341063,274.47271539080447,75335.27149400154,-0.9999409298973309,0.9999983239286343,-0.9999447338526553,0.7164937157745196,3.1000084389622666e-06,-2.003886749222122,3.7195236562858103e-56,1.0,2.548526318121932e-55,752623.8472099181,"{'sigma': 476.5376201542235, 'lam': -3.1415851086269733}","{'sigma': 50.48732454516587, 'mu': -2.4116231493787055e-05, 'w0': 3.0896660172933985, 'delta': 3.089594765691685, 'psi': 0.2}",{'sigma': 169.80700784896962},75262.38472099182,0.9990325013560809,0.9999996392238868
3.8000000000000003,710.325286584343,417.1484843853185,293.17680219902445,302.18351671030166,91314.87777140515,-0.9999402993846782,0.9999975437747343,-0.999944096539744,0.7415656121662346,4.339959406599028e-06,-2.0038851892377103,3.7295142480077204e-56,1.0,2.5554322605165857e-55,912258.4320615211,"{'sigma': 524.6515830576079, 'lam': -3.141585389673401}","{'sigma': 55.58599366943238, 'mu': -4.33227751159837e-05, 'w0': 3.089664531540537, 'delta': 3.089536534049781, 'psi': 0.2}",{'sigma': 186.95171503551273},91225.84320615212,0.9990249719714248,0.9999996113326586
3.9000000000000004,760.5514018172998,442.5949700743257,317.95643174297413,328.63022370111076,107997.82392984211,-0.9999392894119321,0.999995015991027,-0.9999433291261471,0.7605291022985248,8.172443173711525e-06,-2.003880522718331,3.7282223202085256e-56,1.0,2.5545416413026757e-55,1078931.1633426906,"{'sigma': 570.5695856728167, 'lam': -3.14158531836052}","{'sigma': 60.45074801819286, 'mu': -4.329145134107648e-05, 'w0': 3.0896647284721177, 'delta': 3.089536823527709, 'psi': 0.2}",{'sigma': 203.31388462925045},107893.11633426906,0.9990304656912247,0.9999994732726598
4.0,756.245854499758,464.1912271540149,292.05462734574314,353.2695903345251,124799.40345512319,-0.9902796195236538,0.9806519505209041,-0.9902727533762777,0.7763345239623508,0.026789333501688543,-1.965311943433431,4.083533181568232e-56,1.0,2.8182299303768754e-55,1234729.644954579,"{'sigma': 613.2039385404443, 'lam': -3.1415926403708174}","{'sigma': 64.66990033640765, 'mu': -4.641194207954946e-05, 'w0': 3.08966345236274, 'delta': 3.0895263279031138, 'psi': 0.2}",{'sigma': 218.13341920651132},123472.96449545791,0.9893714318903596,0.9987824358338124
4.1000000000000005,626.4824446405989,457.7704697820013,168.7119748585976,370.5167510826737,137282.66283286,-0.8795263689047469,0.7589414211796607,-0.8793532653793106,0.8056584647397556,0.3173138841156853,-1.5650423967834262,8.950560921814569e-45,1.0,6.761759425261453e-44,1206180.619096901,"{'sigma': 641.3528952149361, 'lam': -3.1415926147812887}","{'sigma': 63.950709103364375, 'mu': -0.00010000796412357182, 'w0': 3.0896377995375435, 'delta': 3.0893423251957186, 'psi': 0.2}",{'sigma': 223.632012196055},120618.06190969012,0.8786110308520252,0.986198069724684
4.2,721.9257180015451,463.8164225340861,258.109295467459,389.51164107416776,151719.3185322913,-0.8122481709070118,0.635151615474877,-0.8056432007013643,0.8281768429479942,0.4637523739745208,-1.4056399582328563,2.3661553591654587e-38,1.0,1.915887544389044e-37,1226492.9362039408,"{'sigma': 672.715002224855, 'lam': -3.1415880163532592}","{'sigma': 64.52609571356483, 'mu': -0.00010044846764012405, 'w0': 3.089607262392623, 'delta': 3.089310486579583, 'psi': 0.2}",{'sigma': 231.60437778602346},122649.29362039409,0.8083960223845188,0.9810255150734658
4.3,459.97688928659926,400.5756208492097,59.40126843738955,395.34772210417015,156299.82137295612,-0.6942695568252772,0.49718111507590246,-0.6480486395202335,0.8572633889428676,0.7486046662412273,-0.9703075075969981,2.1851779275395045e-40,1.0,2.212006968641593e-39,1051394.9207965632,"{'sigma': 679.2234750664853, 'lam': -3.1415923475116774}","{'sigma': 60.642450551565176, 'mu': -0.00021461883515327962, 'w0': 3.0888291745928753, 'delta': 3.0881950815022314, 'psi': 0.2}",{'sigma': 228.4432467133311},105139.49207965632,0.6726782612807781,0.9738966351725803
4.4,1235.7181089299334,400.1848492245549,835.5332597053784,414.912063515778,172152.02045092103,-0.5712959530802298,0.2750399632383745,-0.3299398995053807,0.8900431221521273,0.9807525810988874,-0.49233627721456513,2.027319935112208e-20,1.0,1.58208971635758e-17,114317.87226061836,"{'sigma': 647.8652898187462, 'lam': -3.141592556474917}","{'sigma': 192.16647448634853, 'mu': -0.35575634227055253, 'w0': 2.836924600931149, 'delta': 1.785839599815477, 'psi': 0.2}",{'sigma': 205.03660464476891},25403.971613470745,0.14756708371432206,0.9635632522191425
4.5,332.9680746643709,403.6346493128486,-70.6665746484777,461.54203262277497,213021.0478775627,-0.5303252282534093,0.12886616071244503,-0.0053726396392661125,0.9047846472908528,0.8830364028486127,-0.7213561804729436,1.584722211108093e-23,1.0,8.789800604278425e-20,106628.28775503045,"{'sigma': 720.6087287046282, 'lam': -3.141592356503415}","{'sigma': 281.48865860880323, 'mu': -0.5533904648929562, 'w0': 2.71774128290694, 'delta': 1.0827446621943775, 'psi': 0.2}",{'sigma': 225.1454476032363},25089.00888353661,0.11777713579719562,0.958230865589428
4.6000000000000005,719.7868202987542,789.3149116481094,-69.52809134935524,619.0565046070296,383230.9558962734,-0.5000329935442097,-0.49919910027364384,0.9999977744108556,0.793802349248681,0.1437441424353814,-1.4999205050819828,1.6603419914703305e-45,1.0,7.946952549157363e-45,1078103.7165180892,"{'sigma': 975.6391452041236, 'lam': -3.141592653589759}","{'sigma': 100.26075206842314, 'mu': -2.8037695286364794e-05, 'w0': 2.1116199716620487, 'delta': 2.111537134063727, 'psi': 0.2}",{'sigma': 296.9000022825255},165862.11023355197,0.4327993542318246,0.9233224059896609
4.7,82.37920667859046,657.4275392974075,-575.0483326188171,593.8670679810867,352678.0944324527,-0.38767689507182757,-0.17204171953232436,0.4480726024450849,0.8680660324706289,0.46175550559354717,-1.3225716912744523,2.5025255503517357e-23,1.0,3.845759236143584e-21,167119.99746197322,"{'sigma': 949.0081250127548, 'lam': -3.141592651868366}","{'sigma': 221.52628325198134, 'mu': -0.2835048808348377, 'w0': 2.1044544128887708, 'delta': 1.2668369410912774, 'psi': 0.2}",{'sigma': 286.92024210597066},51421.537680607114,0.1458030382163577,0.9384374797534875
4.800000000000001,1848.2867403343942,1058.480934659211,789.8058056751831,726.2172452322654,527391.4872727403,-0.08893138677746686,-0.8239137746321552,-0.08703666708226951,0.6947649178928017,-0.2283839007288738,-1.6154600101055852,6.66516387756336e-27,1.0,2.3642628770903207e-26,1201144.0629220242,"{'sigma': 1231.8324382448411, 'lam': -3.1415905798735086}","{'sigma': 144.32480565857043, 'mu': -0.08299981557321345, 'w0': 1.5709668646562116, 'delta': 1.3257432357882664, 'psi': 0.2}",{'sigma': 358.07424707414265},240228.81258440486,0.4555037735377223,0.9058193808224237
4.9,0.7492396657904081,1175.0666642534343,-1174.317424587644,1658.4797382839963,2750555.0422985526,0.10295693426437064,-0.048970339050740164,-0.1971626828660635,1.2397013297243615,1.7515388915559256,2.9172863402361138,0.3578395038412406,6.444641641740007e-08,0.6421604317123429,168787.70545685722,"{'sigma': 2852.057013151191, 'lam': -3.1415921167059384}","{'sigma': 554.9077567525027, 'mu': -0.32743538323006693, 'w0': 0.9674104977856901, 'delta': 5.2525095384226006e-11, 'psi': 0.2}",{'sigma': 809.1438795537192},202545.24654822866,0.07363795431592889,0.23865212609985476
