,rb,rnb,x,y,x_num,y_num
0,0.0,-3.0,Extinct,Extinct,,
1,0.0,-2.9,Extinct,Extinct,,
2,0.0,-2.8,Extinct,Extinct,,
3,0.0,-2.7,Extinct,Extinct,,
4,0.0,-2.6,Extinct,Extinct,,
5,0.0,-2.5,Extinct,Extinct,,
6,0.0,-2.4,Extinct,Extinct,,
7,0.0,-2.3,Extinct,Extinct,,
8,0.0,-2.2,Extinct,Extinct,,
9,0.0,-2.1,Extinct,Extinct,,
10,0.0,-2.0,Extinct,Extinct,,
11,0.0,-1.9,Extinct,Extinct,,
12,0.0,-1.8,Extinct,Extinct,,
13,0.0,-1.7,Extinct,Extinct,,
14,0.0,-1.6,Extinct,Extinct,,
15,0.0,-1.5,Extinct,Extinct,,
16,0.0,-1.4,Extinct,Extinct,,
17,0.0,-1.3,Extinct,Extinct,,
18,0.0,-1.2,Extinct,Extinct,,
19,0.0,-1.1,Extinct,Extinct,,
20,0.0,-1.0,Extinct,Extinct,,
21,0.0,-0.9,Extinct,Extinct,,
22,0.0,-0.8,Extinct,Extinct,,
23,0.0,-0.7,Extinct,Extinct,,
24,0.0,-0.6,Extinct,Extinct,,
25,0.0,-0.5,Extinct,Extinct,,
26,0.0,-0.4,Extinct,Extinct,,
27,0.0,-0.3,Extinct,Extinct,,
28,0.0,-0.2,Extinct,Extinct,,
29,0.0,-0.1,Extinct,Extinct,,
30,0.0,0.0,Extinct,Extinct,,
31,0.1,-3.0,Extinct,Extinct,,
32,0.1,-2.9,Extinct,Extinct,,
33,0.1,-2.8,Extinct,Extinct,,
34,0.1,-2.7,Extinct,Extinct,,
35,0.1,-2.6,Extinct,Extinct,,
36,0.1,-2.5,Extinct,Extinct,,
37,0.1,-2.4,Extinct,Extinct,,
38,0.1,-2.3,Extinct,Extinct,,
39,0.1,-2.2,Extinct,Extinct,,
40,0.1,-2.1,Extinct,Extinct,,
41,0.1,-2.0,Extinct,Extinct,,
42,0.1,-1.9,Extinct,Extinct,,
43,0.1,-1.8,Extinct,Extinct,,
44,0.1,-1.7,Extinct,Extinct,,
45,0.1,-1.6,Extinct,Extinct,,
46,0.1,-1.5,Extinct,Extinct,,
47,0.1,-1.4,Extinct,Extinct,,
48,0.1,-1.3,Extinct,Extinct,,
49,0.1,-1.2,Extinct,Extinct,,
50,0.1,-1.1,Extinct,Extinct,,
51,0.1,-1.0,Extinct,Extinct,,
52,0.1,-0.9,Extinct,Extinct,,
53,0.1,-0.8,Extinct,Extinct,,
54,0.1,-0.7,Extinct,Extinct,,
55,0.1,-0.6,Extinct,Extinct,,
56,0.1,-0.5,Extinct,Extinct,,
57,0.1,-0.4,Extinct,Extinct,,
58,0.1,-0.3,Extinct,Extinct,,
59,0.1,-0.2,Extinct,Extinct,,
60,0.1,-0.1,0.05114174532888197,0.0462733744811494,0.05114174532888197,0.0462733744811494
61,0.1,0.0,9.426086238899414,9.366567004745987,9.426086238899414,9.366567004745987
62,0.2,-3.0,Extinct,Extinct,,
63,0.2,-2.9,Extinct,Extinct,,
64,0.2,-2.8,Extinct,Extinct,,
65,0.2,-2.7,Extinct,Extinct,,
66,0.2,-2.6,Extinct,Extinct,,
67,0.2,-2.5,Extinct,Extinct,,
68,0.2,-2.4,Extinct,Extinct,,
69,0.2,-2.3,Extinct,Extinct,,
70,0.2,-2.2,Extinct,Extinct,,
71,0.2,-2.1,Extinct,Extinct,,
72,0.2,-2.0,Extinct,Extinct,,
73,0.2,-1.9,Extinct,Extinct,,
74,0.2,-1.8,Extinct,Extinct,,
75,0.2,-1.7,Extinct,Extinct,,
76,0.2,-1.6,Extinct,Extinct,,
77,0.2,-1.5,Extinct,Extinct,,
78,0.2,-1.4,Extinct,Extinct,,
79,0.2,-1.3,Extinct,Extinct,,
80,0.2,-1.2,Extinct,Extinct,,
81,0.2,-1.1,Extinct,Extinct,,
82,0.2,-1.0,Extinct,Extinct,,
83,0.2,-0.9,Extinct,Extinct,,
84,0.2,-0.8,Extinct,Extinct,,
85,0.2,-0.7,Extinct,Extinct,,
86,0.2,-0.6,Extinct,Extinct,,
87,0.2,-0.5,Extinct,Extinct,,
88,0.2,-0.4,Extinct,Extinct,,
89,0.2,-0.3,Extinct,Extinct,,
90,0.2,-0.2,0.05623556013081997,0.046040042595936574,0.05623556013081997,0.046040042595936574
91,0.2,-0.1,10.354505040088512,9.30417726130607,10.354505040088512,9.30417726130607
92,0.2,0.0,18.965688534838335,18.72550573045887,18.965688534838335,18.72550573045887
93,0.3,-3.0,Extinct,Extinct,,
94,0.3,-2.9,Extinct,Extinct,,
95,0.3,-2.8,Extinct,Extinct,,
96,0.3,-2.7,Extinct,Extinct,,
97,0.3,-2.6,Extinct,Extinct,,
98,0.3,-2.5,Extinct,Extinct,,
99,0.3,-2.4,Extinct,Extinct,,
100,0.3,-2.3,Extinct,Extinct,,
101,0.3,-2.2,Extinct,Extinct,,
102,0.3,-2.1,Extinct,Extinct,,
103,0.3,-2.0,Extinct,Extinct,,
104,0.3,-1.9,Extinct,Extinct,,
105,0.3,-1.8,Extinct,Extinct,,
106,0.3,-1.7,Extinct,Extinct,,
107,0.3,-1.6,Extinct,Extinct,,
108,0.3,-1.5,Extinct,Extinct,,
109,0.3,-1.4,Extinct,Extinct,,
110,0.3,-1.3,Extinct,Extinct,,
111,0.3,-1.2,Extinct,Extinct,,
112,0.3,-1.1,Extinct,Extinct,,
113,0.3,-1.0,Extinct,Extinct,,
114,0.3,-0.9,Extinct,Extinct,,
115,0.3,-0.8,Extinct,Extinct,,
116,0.3,-0.7,Extinct,Extinct,,
117,0.3,-0.6,Extinct,Extinct,,
118,0.3,-0.5,Extinct,Extinct,,
119,0.3,-0.4,Extinct,Extinct,,
120,0.3,-0.3,0.061701474449216705,0.04570768128016319,0.061701474449216705,0.04570768128016319
121,0.3,-0.2,11.367507454466692,9.236103499059858,11.367507454466692,9.236103499059858
122,0.3,-0.1,20.845258435549596,18.599198633131067,20.845258435549596,18.599198633131067
123,0.3,0.0,28.621860263537474,28.076610990290284,28.621860263537474,28.076610990290284
124,0.4,-3.0,Extinct,Extinct,,
125,0.4,-2.9,Extinct,Extinct,,
126,0.4,-2.8,Extinct,Extinct,,
127,0.4,-2.7,Extinct,Extinct,,
128,0.4,-2.6,Extinct,Extinct,,
129,0.4,-2.5,Extinct,Extinct,,
130,0.4,-2.4,Extinct,Extinct,,
131,0.4,-2.3,Extinct,Extinct,,
132,0.4,-2.2,Extinct,Extinct,,
133,0.4,-2.1,Extinct,Extinct,,
134,0.4,-2.0,Extinct,Extinct,,
135,0.4,-1.9,Extinct,Extinct,,
136,0.4,-1.8,Extinct,Extinct,,
137,0.4,-1.7,Extinct,Extinct,,
138,0.4,-1.6,Extinct,Extinct,,
139,0.4,-1.5,Extinct,Extinct,,
140,0.4,-1.4,Extinct,Extinct,,
141,0.4,-1.3,Extinct,Extinct,,
142,0.4,-1.2,Extinct,Extinct,,
143,0.4,-1.1,Extinct,Extinct,,
144,0.4,-1.0,Extinct,Extinct,,
145,0.4,-0.9,Extinct,Extinct,,
146,0.4,-0.8,Extinct,Extinct,,
147,0.4,-0.7,Extinct,Extinct,,
148,0.4,-0.6,Extinct,Extinct,,
149,0.4,-0.5,Extinct,Extinct,,
150,0.4,-0.4,0.06762258889846229,0.045326717102774645,0.06762258889846229,0.045326717102774645
151,0.4,-0.3,12.471385390665388,9.161922901747309,12.471385390665388,9.161922901747309
152,0.4,-0.2,22.898258676224664,18.461237016957714,22.898258676224664,18.461237016957714
153,0.4,-0.1,31.476260172318593,27.8847953164202,31.476260172318593,27.8847953164202
154,0.4,0.0,38.397785260952986,37.41966883046397,38.397785260952986,37.41966883046397
155,0.5,-3.0,Extinct,Extinct,,
156,0.5,-2.9,Extinct,Extinct,,
157,0.5,-2.8,Extinct,Extinct,,
158,0.5,-2.7,Extinct,Extinct,,
159,0.5,-2.6,Extinct,Extinct,,
160,0.5,-2.5,Extinct,Extinct,,
161,0.5,-2.4,Extinct,Extinct,,
162,0.5,-2.3,Extinct,Extinct,,
163,0.5,-2.2,Extinct,Extinct,,
164,0.5,-2.1,Extinct,Extinct,,
165,0.5,-2.0,Extinct,Extinct,,
166,0.5,-1.9,Extinct,Extinct,,
167,0.5,-1.8,Extinct,Extinct,,
168,0.5,-1.7,Extinct,Extinct,,
169,0.5,-1.6,Extinct,Extinct,,
170,0.5,-1.5,Extinct,Extinct,,
171,0.5,-1.4,Extinct,Extinct,,
172,0.5,-1.3,Extinct,Extinct,,
173,0.5,-1.2,Extinct,Extinct,,
174,0.5,-1.1,Extinct,Extinct,,
175,0.5,-1.0,Extinct,Extinct,,
176,0.5,-0.9,Extinct,Extinct,,
177,0.5,-0.8,Extinct,Extinct,,
178,0.5,-0.7,Extinct,Extinct,,
179,0.5,-0.6,Extinct,Extinct,,
180,0.5,-0.5,0.07404016853569802,0.04490539794383572,0.07404016853569802,0.04490539794383572
181,0.5,-0.4,13.67260801907646,9.081200741118069,13.67260801907646,9.081200741118069
182,0.5,-0.3,25.1379794454031,18.310727781268927,25.1379794454031,18.310727781268927
183,0.5,-0.2,34.597477426381694,27.67504951694716,34.597477426381694,27.67504951694716
184,0.5,-0.1,42.25169680484218,37.16068597471462,42.25169680484218,37.16068597471462
185,0.5,0.0,48.296785556622275,46.754456010594986,48.296785556622275,46.754456010594986
186,0.6,-3.0,Extinct,Extinct,,
187,0.6,-2.9,Extinct,Extinct,,
188,0.6,-2.8,Extinct,Extinct,,
189,0.6,-2.7,Extinct,Extinct,,
190,0.6,-2.6,Extinct,Extinct,,
191,0.6,-2.5,Extinct,Extinct,,
192,0.6,-2.4,Extinct,Extinct,,
193,0.6,-2.3,Extinct,Extinct,,
194,0.6,-2.2,Extinct,Extinct,,
195,0.6,-2.1,Extinct,Extinct,,
196,0.6,-2.0,Extinct,Extinct,,
197,0.6,-1.9,Extinct,Extinct,,
198,0.6,-1.8,Extinct,Extinct,,
199,0.6,-1.7,Extinct,Extinct,,
200,0.6,-1.6,Extinct,Extinct,,
201,0.6,-1.5,Extinct,Extinct,,
202,0.6,-1.4,Extinct,Extinct,,
203,0.6,-1.3,Extinct,Extinct,,
204,0.6,-1.2,Extinct,Extinct,,
205,0.6,-1.1,Extinct,Extinct,,
206,0.6,-1.0,Extinct,Extinct,,
207,0.6,-0.9,Extinct,Extinct,,
208,0.6,-0.8,Extinct,Extinct,,
209,0.6,-0.7,Extinct,Extinct,,
210,0.6,-0.6,0.08098852174002534,0.044445024166422,0.08098852174002534,0.044445024166422
211,0.6,-0.5,14.97776144453979,8.993494430926937,14.97776144453979,8.993494430926937
212,0.6,-0.4,27.57815287629882,18.14674812671272,27.57815287629882,18.14674812671272
213,0.6,-0.3,38.00658072220301,27.44595777546796,38.00658072220301,27.44595777546796
214,0.6,-0.2,46.47065306935196,36.87717211373956,46.47065306935196,36.87717211373956
215,0.6,-0.1,53.17595353765223,46.42657592226977,53.17595353765223,46.42657592226977
216,0.6,0.0,58.32232969851759,56.08073944425962,58.32232969851759,56.08073944425962
217,0.7,-3.0,Extinct,Extinct,,
218,0.7,-2.9,Extinct,Extinct,,
219,0.7,-2.8,Extinct,Extinct,,
220,0.7,-2.7,Extinct,Extinct,,
221,0.7,-2.6,Extinct,Extinct,,
222,0.7,-2.5,Extinct,Extinct,,
223,0.7,-2.4,Extinct,Extinct,,
224,0.7,-2.3,Extinct,Extinct,,
225,0.7,-2.2,Extinct,Extinct,,
226,0.7,-2.1,Extinct,Extinct,,
227,0.7,-2.0,Extinct,Extinct,,
228,0.7,-1.9,Extinct,Extinct,,
229,0.7,-1.8,Extinct,Extinct,,
230,0.7,-1.7,Extinct,Extinct,,
231,0.7,-1.6,Extinct,Extinct,,
232,0.7,-1.5,Extinct,Extinct,,
233,0.7,-1.4,Extinct,Extinct,,
234,0.7,-1.3,Extinct,Extinct,,
235,0.7,-1.2,Extinct,Extinct,,
236,0.7,-1.1,Extinct,Extinct,,
237,0.7,-1.0,Extinct,Extinct,,
238,0.7,-0.9,Extinct,Extinct,,
239,0.7,-0.8,Extinct,Extinct,,
240,0.7,-0.7,0.08849955425045476,0.04394496447338704,0.08849955425045476,0.04394496447338704
241,0.7,-0.6,16.393472711699793,8.8983586337738,16.393472711699793,8.8983586337738
242,0.7,-0.5,30.232833636389074,17.968353579634652,30.232833636389074,17.968353579634652
243,0.7,-0.4,41.725449276250444,27.196049808635976,41.725449276250444,27.196049808635976
244,0.7,-0.3,51.084364007183076,36.567130738717296,51.084364007183076,36.567130738717296
245,0.7,-0.2,58.52355933578137,46.067216812635486,58.52355933578137,46.067216812635486
246,0.7,-0.1,64.25362731748538,55.68215624426499,64.25362731748538,55.68215624426499
247,0.7,0.0,68.47804172521438,65.39827559606559,68.47804172521438,65.39827559606559
248,0.8,-3.0,Extinct,Extinct,,
249,0.8,-2.9,Extinct,Extinct,,
250,0.8,-2.8,Extinct,Extinct,,
251,0.8,-2.7,Extinct,Extinct,,
252,0.8,-2.6,Extinct,Extinct,,
253,0.8,-2.5,Extinct,Extinct,,
254,0.8,-2.4,Extinct,Extinct,,
255,0.8,-2.3,Extinct,Extinct,,
256,0.8,-2.2,Extinct,Extinct,,
257,0.8,-2.1,Extinct,Extinct,,
258,0.8,-2.0,Extinct,Extinct,,
259,0.8,-1.9,Extinct,Extinct,,
260,0.8,-1.8,Extinct,Extinct,,
261,0.8,-1.7,Extinct,Extinct,,
262,0.8,-1.6,Extinct,Extinct,,
263,0.8,-1.5,Extinct,Extinct,,
264,0.8,-1.4,Extinct,Extinct,,
265,0.8,-1.3,Extinct,Extinct,,
266,0.8,-1.2,Extinct,Extinct,,
267,0.8,-1.1,Extinct,Extinct,,
268,0.8,-1.0,Extinct,Extinct,,
269,0.8,-0.9,Extinct,Extinct,,
270,0.8,-0.8,0.09660348403045606,0.043403925641925016,0.09660348403045606,0.043403925641925016
271,0.8,-0.7,17.92631654490454,8.795351528182431,17.92631654490454,8.795351528182431
272,0.8,-0.6,33.11624454531959,17.77458836655455,33.11624454531959,17.77458836655455
273,0.8,-0.5,45.77659784561133,26.92381262477493,45.77659784561133,26.92381262477493
274,0.8,-0.4,56.12384189981937,36.228477824332145,56.12384189981937,36.228477824332145
275,0.8,-0.3,64.37890926157048,45.67373729762248,64.37890926157048,45.67373729762248
276,0.8,-0.2,70.76227479931798,55.24477513348583,70.76227479931798,55.24477513348583
277,0.8,-0.1,75.4895410403368,64.92710284208938,75.4895410403368,64.92710284208938
278,0.8,0.0,78.76771084748037,74.70680983104933,78.76771084748037,74.70680983104933
279,0.9,-3.0,Extinct,Extinct,,
280,0.9,-2.9,Extinct,Extinct,,
281,0.9,-2.8,Extinct,Extinct,,
282,0.9,-2.7,Extinct,Extinct,,
283,0.9,-2.6,Extinct,Extinct,,
284,0.9,-2.5,Extinct,Extinct,,
285,0.9,-2.4,Extinct,Extinct,,
286,0.9,-2.3,Extinct,Extinct,,
287,0.9,-2.2,Extinct,Extinct,,
288,0.9,-2.1,Extinct,Extinct,,
289,0.9,-2.0,Extinct,Extinct,,
290,0.9,-1.9,Extinct,Extinct,,
291,0.9,-1.8,Extinct,Extinct,,
292,0.9,-1.7,Extinct,Extinct,,
293,0.9,-1.6,Extinct,Extinct,,
294,0.9,-1.5,Extinct,Extinct,,
295,0.9,-1.4,Extinct,Extinct,,
296,0.9,-1.3,Extinct,Extinct,,
297,0.9,-1.2,Extinct,Extinct,,
298,0.9,-1.1,Extinct,Extinct,,
299,0.9,-1.0,Extinct,Extinct,,
300,0.9,-0.9,0.10532864566598975,0.04282040065774239,0.10532864566598975,0.04282040065774239
301,0.9,-0.8,19.582703508641412,8.684042324219314,19.582703508641412,8.684042324219314
302,0.9,-0.7,36.242582743150976,17.564498439660273,36.242582743150976,17.564498439660273
303,0.9,-0.6,50.18294350205278,26.627706196662075,50.18294350205278,26.627706196662075
304,0.9,-0.5,61.62117731588377,35.85905688437263,61.62117731588377,35.85905688437263
305,0.9,-0.4,70.78324973450366,45.24336561784134,70.78324973450366,45.24336561784134
306,0.9,-0.3,77.89823345152914,54.765238712057254,77.89823345152914,54.765238712057254
307,0.9,-0.2,83.19320526080611,64.40941660647384,83.19320526080611,64.40941660647384
308,0.9,-0.1,86.8887589907538,74.16107539582134,86.8887589907538,74.16107539582134
309,0.9,0.0,89.19530190852136,84.00607571174736,89.19530190852136,84.00607571174736
310,1.0,-3.0,Extinct,Extinct,,
311,1.0,-2.9,Extinct,Extinct,,
312,1.0,-2.8,Extinct,Extinct,,
313,1.0,-2.7,Extinct,Extinct,,
314,1.0,-2.6,Extinct,Extinct,,
315,1.0,-2.5,Extinct,Extinct,,
316,1.0,-2.4,Extinct,Extinct,,
317,1.0,-2.3,Extinct,Extinct,,
318,1.0,-2.2,Extinct,Extinct,,
319,1.0,-2.1,Extinct,Extinct,,
320,1.0,-2.0,Extinct,Extinct,,
321,1.0,-1.9,Extinct,Extinct,,
322,1.0,-1.8,Extinct,Extinct,,
323,1.0,-1.7,Extinct,Extinct,,
324,1.0,-1.6,Extinct,Extinct,,
325,1.0,-1.5,Extinct,Extinct,,
326,1.0,-1.4,Extinct,Extinct,,
327,1.0,-1.3,Extinct,Extinct,,
328,1.0,-1.2,Extinct,Extinct,,
329,1.0,-1.1,Extinct,Extinct,,
330,1.0,-1.0,0.11470096895523804,0.04219287604888434,0.11470096895523804,0.04219287604888434
331,1.0,-0.9,21.368748734096634,8.564020085068718,21.368748734096634,8.564020085068718
332,1.0,-0.8,39.625782329170995,17.337147427479728,39.625782329170995,17.337147427479728
333,1.0,-0.7,54.967505137615234,26.306183654752267,54.967505137615234,26.306183654752267
334,1.0,-0.6,67.60922929577885,35.456659791323666,67.60922929577885,35.456659791323666
335,1.0,-0.5,77.7795045965099,44.77321729111453,77.7795045965099,44.77321729111453
336,1.0,-0.4,85.71421520944449,54.24000473792534,85.71421520944449,54.24000473792534
337,1.0,-0.3,91.65082561632198,63.84106451858316,91.65082561632198,63.84106451858316
338,1.0,-0.2,95.82310825971305,73.56068712494728,95.82310825971305,73.56068712494728
339,1.0,-0.1,98.45660364546518,83.38371623502476,98.45660364546518,83.38371623502476
340,1.0,0.0,99.76496670020884,93.29579423774598,99.76496670020884,93.29579423774598
341,1.1,-3.0,Extinct,Extinct,,
342,1.1,-2.9,Extinct,Extinct,,
343,1.1,-2.8,Extinct,Extinct,,
344,1.1,-2.7,Extinct,Extinct,,
345,1.1,-2.6,Extinct,Extinct,,
346,1.1,-2.5,Extinct,Extinct,,
347,1.1,-2.4,Extinct,Extinct,,
348,1.1,-2.3,Extinct,Extinct,,
349,1.1,-2.2,Extinct,Extinct,,
350,1.1,-2.1,Extinct,Extinct,,
351,1.1,-2.0,Extinct,Extinct,,
352,1.1,-1.9,Extinct,Extinct,,
353,1.1,-1.8,Extinct,Extinct,,
354,1.1,-1.7,Extinct,Extinct,,
355,1.1,-1.6,Extinct,Extinct,,
356,1.1,-1.5,Extinct,Extinct,,
357,1.1,-1.4,Extinct,Extinct,,
358,1.1,-1.3,Extinct,Extinct,,
359,1.1,-1.2,Extinct,Extinct,,
360,1.1,-1.1,0.12474329563748932,0.04151995534320037,0.12474329563748932,0.04151995534320037
361,1.1,-1.0,23.290121025784817,8.434903867067275,23.290121025784817,8.434903867067275
362,1.1,-0.9,43.27923020373238,17.091635730309203,43.27923020373238,17.091635730309203
363,1.1,-0.8,60.153026882156105,25.95771659351912,60.153026882156105,25.95771659351912
364,1.1,-0.7,74.12121406839131,35.01905441460412,74.12121406839131,35.01905441460412
365,1.1,-0.6,85.4118946856233,44.260320677126124,85.4118946856233,44.260320677126124
366,1.1,-0.5,94.26539679975173,53.66536533505669,94.26539679975173,53.66536533505669
367,1.1,-0.4,100.92795878084307,63.21764116992735,100.92795878084307,63.21764116992735
368,1.1,-0.3,105.64568558296173,72.90060992882498,105.64568558296173,72.90060992882498
369,1.1,-0.2,108.6591199629969,82.69810713848662,108.6591199629969,82.69810713848662
370,1.1,-0.1,110.19867399041793,92.59464910784392,110.19867399041793,92.59464910784392
371,1.1,0.0,110.48105622180915,102.57567302189443,110.48105622180915,102.57567302189443
372,1.2,-3.0,Extinct,Extinct,,
373,1.2,-2.9,Extinct,Extinct,,
374,1.2,-2.8,Extinct,Extinct,,
375,1.2,-2.7,Extinct,Extinct,,
376,1.2,-2.6,Extinct,Extinct,,
377,1.2,-2.5,Extinct,Extinct,,
378,1.2,-2.4,Extinct,Extinct,,
379,1.2,-2.3,Extinct,Extinct,,
380,1.2,-2.2,Extinct,Extinct,,
381,1.2,-2.1,Extinct,Extinct,,
382,1.2,-2.0,Extinct,Extinct,,
383,1.2,-1.9,Extinct,Extinct,,
384,1.2,-1.8,Extinct,Extinct,,
385,1.2,-1.7,Extinct,Extinct,,
386,1.2,-1.6,Extinct,Extinct,,
387,1.2,-1.5,Extinct,Extinct,,
388,1.2,-1.4,Extinct,Extinct,,
389,1.2,-1.3,Extinct,Extinct,,
390,1.2,-1.2,0.1354745974054595,0.04080045000128681,0.1354745974054595,0.04080045000128681
391,1.2,-1.1,25.351873066780577,8.296354129912354,25.351873066780577,8.296354129912354
392,1.2,-1.0,47.215433185174135,16.827122889956307,47.215433185174135,16.827122889956307
393,1.2,-0.9,65.76151752097262,25.580826022590646,65.76151752097262,25.580826022590646
394,1.2,-0.8,81.19017610240452,34.544020165918425,81.19017610240452,34.544020165918425
395,1.2,-0.7,93.72541461629639,43.70165213778488,93.72541461629639,43.70165213778488
396,1.2,-0.6,103.60897972963149,53.03747656216878,103.60897972963149,53.03747656216878
397,1.2,-0.5,111.09363994159183,62.53450739592503,111.09363994159183,62.53450739592503
398,1.2,-0.4,116.43643971781775,72.17547125096264,116.43643971781775,72.17547125096264
399,1.2,-0.3,119.892366797341,81.94323295121868,119.892366797341,81.94323295121868
400,1.2,-0.2,121.70878471696189,91.82116966702014,121.70878471696189,91.82116966702014
401,1.2,-0.1,122.12086551982883,101.79347783706751,122.12086551982883,101.79347783706751
402,1.2,0.0,121.34813397821019,111.84540539666428,121.34813397821019,111.84540539666428
403,1.3,-3.0,Extinct,Extinct,,
404,1.3,-2.9,Extinct,Extinct,,
405,1.3,-2.8,Extinct,Extinct,,
406,1.3,-2.7,Extinct,Extinct,,
407,1.3,-2.6,Extinct,Extinct,,
408,1.3,-2.5,Extinct,Extinct,,
409,1.3,-2.4,Extinct,Extinct,,
410,1.3,-2.3,Extinct,Extinct,,
411,1.3,-2.2,Extinct,Extinct,,
412,1.3,-2.1,Extinct,Extinct,,
413,1.3,-2.0,Extinct,Extinct,,
414,1.3,-1.9,Extinct,Extinct,,
415,1.3,-1.8,Extinct,Extinct,,
416,1.3,-1.7,Extinct,Extinct,,
417,1.3,-1.6,Extinct,Extinct,,
418,1.3,-1.5,Extinct,Extinct,,
419,1.3,-1.4,Extinct,Extinct,,
420,1.3,-1.3,0.14690913156778698,0.04003345662375214,0.14690913156778698,0.04003345662375214
421,1.3,-1.2,27.55825459732771,8.14808529105961,27.55825459732771,8.14808529105961
422,1.3,-1.1,51.44563645295203,16.54285323036163,51.44563645295203,16.54285323036163
423,1.3,-1.0,71.81369987475462,25.174119368416505,71.81369987475462,25.174119368416505
424,1.3,-0.9,88.8483258119234,34.02939250543875,88.8483258119234,34.02939250543875
425,1.3,-0.8,102.76513971395165,43.094182611222465,102.76513971395165,43.094182611222465
426,1.3,-0.7,113.80355833723748,52.35240087973765,113.80355833723748,52.35240087973765
427,1.3,-0.6,122.21990100759,61.78682265228996,122.21990100759,61.78682265228996
428,1.3,-0.5,128.28008372798772,71.37957837347922,128.28008372798772,71.37957837347922
429,1.3,-0.4,132.25242396303628,81.11263710968394,132.25242396303628,81.11263710968394
430,1.3,-0.3,134.40102381469148,90.96825119965276,134.40102381469148,90.96825119965276
431,1.3,-0.2,134.98008758884868,100.92933811402935,134.98008758884868,100.92933811402935
432,1.3,-0.1,134.22939210839507,110.97978485031585,134.22939210839507,110.97978485031585
433,1.3,0.0,132.37099042660347,121.10466944333226,132.37099042660347,121.10466944333226
434,1.4,-3.0,Extinct,Extinct,,
435,1.4,-2.9,Extinct,Extinct,,
436,1.4,-2.8,Extinct,Extinct,,
437,1.4,-2.7,Extinct,Extinct,,
438,1.4,-2.6,Extinct,Extinct,,
439,1.4,-2.5,Extinct,Extinct,,
440,1.4,-2.4,Extinct,Extinct,,
441,1.4,-2.3,Extinct,Extinct,,
442,1.4,-2.2,Extinct,Extinct,,
443,1.4,-2.1,Extinct,Extinct,,
444,1.4,-2.0,Extinct,Extinct,,
445,1.4,-1.9,Extinct,Extinct,,
446,1.4,-1.8,Extinct,Extinct,,
447,1.4,-1.7,Extinct,Extinct,,
448,1.4,-1.6,Extinct,Extinct,,
449,1.4,-1.5,Extinct,Extinct,,
450,1.4,-1.4,0.15905556530371065,0.039218427402935324,0.15905556530371065,0.039218427402935324
451,1.4,-1.3,29.91251184512222,7.989879204007788,29.91251184512222,7.989879204007788
452,1.4,-1.2,55.97939608118236,16.238184583344548,55.97939608118236,16.238184583344548
453,1.4,-1.1,78.32836723300349,24.736333721942152,78.32836723300349,24.736333721942152
454,1.4,-1.0,97.12623027495924,33.47311732552274,97.12623027495924,33.47311732552274
455,1.4,-0.9,112.57533535119883,42.43493746439944,112.57533535119883,42.43493746439944
456,1.4,-0.8,124.90825346559402,51.60616536711206,124.90825346559402,51.60616536711206
457,1.4,-0.7,134.3810393512135,60.969594155598465,134.3810393512135,60.969594155598465
458,1.4,-0.6,141.26559825284374,70.50695179740889,141.26559825284374,70.50695179740889
459,1.4,-0.5,145.84174839500307,80.19943450785578,145.84174839500307,80.19943450785578
460,1.4,-0.4,148.38956009100383,90.02822156188454,148.38956009100383,90.02822156188454
461,1.4,-0.3,149.1824650783697,99.97493834673355,149.1824650783697,99.97493834673355
462,1.4,-0.2,148.48149027309316,110.02204385364811,148.48149027309316,110.02204385364811
463,1.4,-0.1,146.53080997388417,120.15312956975495,146.53080997388417,120.15312956975495
464,1.4,0.0,143.55465869427016,130.35312693574502,143.55465869427016,130.35312693574502
465,1.5,-3.0,Extinct,Extinct,,
466,1.5,-2.9,Extinct,Extinct,,
467,1.5,-2.8,Extinct,Extinct,,
468,1.5,-2.7,Extinct,Extinct,,
469,1.5,-2.6,Extinct,Extinct,,
470,1.5,-2.5,Extinct,Extinct,,
471,1.5,-2.4,Extinct,Extinct,,
472,1.5,-2.3,Extinct,Extinct,,
473,1.5,-2.2,Extinct,Extinct,,
474,1.5,-2.1,Extinct,Extinct,,
475,1.5,-2.0,Extinct,Extinct,,
476,1.5,-1.9,Extinct,Extinct,,
477,1.5,-1.8,Extinct,Extinct,,
478,1.5,-1.7,Extinct,Extinct,,
479,1.5,-1.6,Extinct,Extinct,,
480,1.5,-1.5,0.1719161011131915,0.038355235828405825,0.1719161011131915,0.038355235828405825
481,1.5,-1.4,32.41667810341436,7.821599231450569,32.41667810341436,7.821599231450569
482,1.5,-1.3,60.824111927239976,15.912619678489481,60.824111927239976,15.912619678489481
483,1.5,-1.2,85.32164860280224,24.26638521389169,85.32164860280224,24.26638521389169
484,1.5,-1.1,106.05184748710758,32.873315848866376,106.05184748710758,32.873315848866376
485,1.5,-1.0,123.19834239319916,41.72107139117703,123.19834239319916,41.72107139117703
486,1.5,-0.9,136.98156607879147,50.79483875950522,136.98156607879147,50.79483875950522
487,1.5,-0.8,147.6525734149834,60.07774706651312,147.6525734149834,60.07774706651312
488,1.5,-0.7,155.48541908810375,69.55137983727944,155.48541908810375,69.55137983727944
489,1.5,-0.6,160.76870131336034,79.19634327174218,160.76870131336034,79.19634327174218
490,1.5,-0.5,163.7969455101165,88.99284526172018,163.7969455101165,88.99284526172018
491,1.5,-0.4,164.8624645651916,98.92124238121912,164.8624645651916,98.92124238121912
492,1.5,-0.3,164.24821171822035,108.96252017253559,164.24821171822035,108.96252017253559
493,1.5,-0.2,162.22197079373402,119.09868356266108,162.22197079373402,119.09868356266108
494,1.5,-0.1,159.03204397757273,129.3130466447071,159.03204397757273,129.3130466447071
495,1.5,0.0,154.90443170582918,139.59042218936827,154.90443170582918,139.59042218936827
496,1.6,-3.0,Extinct,Extinct,,
497,1.6,-2.9,Extinct,Extinct,,
498,1.6,-2.8,Extinct,Extinct,,
499,1.6,-2.7,Extinct,Extinct,,
500,1.6,-2.6,Extinct,Extinct,,
501,1.6,-2.5,Extinct,Extinct,,
502,1.6,-2.4,Extinct,Extinct,,
503,1.6,-2.3,Extinct,Extinct,,
504,1.6,-2.2,Extinct,Extinct,,
505,1.6,-2.1,Extinct,Extinct,,
506,1.6,-2.0,Extinct,Extinct,,
507,1.6,-1.9,Extinct,Extinct,,
508,1.6,-1.8,Extinct,Extinct,,
509,1.6,-1.7,Extinct,Extinct,,
510,1.6,-1.6,0.18548564001629259,0.03744423727889857,0.18548564001629259,0.03744423727889857
511,1.6,-1.5,35.07136211496394,7.643204465874443,35.07136211496394,7.643204465874443
512,1.6,-1.4,65.98453140923434,15.565839489299469,65.98453140923434,15.565839489299469
513,1.6,-1.3,92.80619098436118,23.763423965850933,92.80619098436118,23.763423965850933
514,1.6,-1.2,115.64940162982842,32.22836021047556,115.64940162982842,32.22836021047556
515,1.6,-1.1,134.67321719872726,40.94995980424552,134.67321719872726,40.94995980424552
516,1.6,-1.0,150.07990469344105,49.91463040460078,150.07990469344105,49.91463040460078
517,1.6,-0.9,162.10981368208454,59.10622052056394,162.10981368208454,59.10622052056394
518,1.6,-0.8,171.03421671016596,68.50650063707685,171.03421671016596,68.50650063707685
519,1.6,-0.7,177.14668491186163,78.09574277392292,177.14668491186163,78.09574277392292
520,1.6,-0.6,180.75372095457706,87.85334995185242,180.75372095457706,87.85334995185242
521,1.6,-0.5,182.1654150065627,97.75848411155901,182.1654150065627,97.75848411155901
522,1.6,-0.4,181.68681771017341,107.79064584987634,181.68681771017341,107.79064584987634
523,1.6,-0.3,179.61056322160283,117.9301701515083,179.61056322160283,117.9301701515083
524,1.6,-0.2,176.2110675010258,128.15861626393107,176.2110675010258,128.15861626393107
525,1.6,-0.1,171.74041654520516,138.4590440081622,171.74041654520516,138.4590440081622
526,1.6,0.0,166.42588087637202,148.81618080510782,166.42588087637202,148.81618080510782
527,1.7,-3.0,Extinct,Extinct,,
528,1.7,-2.9,Extinct,Extinct,,
529,1.7,-2.8,Extinct,Extinct,,
530,1.7,-2.7,Extinct,Extinct,,
531,1.7,-2.6,Extinct,Extinct,,
532,1.7,-2.5,Extinct,Extinct,,
533,1.7,-2.4,Extinct,Extinct,,
534,1.7,-2.3,Extinct,Extinct,,
535,1.7,-2.2,Extinct,Extinct,,
536,1.7,-2.1,Extinct,Extinct,,
537,1.7,-2.0,Extinct,Extinct,,
538,1.7,-1.9,Extinct,Extinct,,
539,1.7,-1.8,Extinct,Extinct,,
540,1.7,-1.7,0.19975102319641166,0.03648632286475414,0.19975102319641166,0.03648632286475414
541,1.7,-1.6,37.87554271128671,7.454763529801534,37.87554271128671,7.454763529801534
542,1.7,-1.5,71.462239617594,15.197737497697695,71.462239617594,15.197737497697695
543,1.7,-1.4,100.79027522685509,23.226893504755363,100.79027522685509,23.226893504755363
544,1.7,-1.3,125.93810723493148,31.536959193812574,125.93810723493148,31.536959193812574
545,1.7,-1.2,147.03411399098917,40.119307539805526,147.03411399098917,40.119307539805526
546,1.7,-1.1,164.25574476280985,48.96201395193917,164.25574476280985,48.96201395193917
547,1.7,-1.0,177.8259729345349,58.05009461879925,177.8259729345349,58.05009461879925
548,1.7,-0.9,188.00715987001905,67.36591885673472,188.00715987001905,67.36591885673472
549,1.7,-0.8,195.09275803896193,76.88976665978176,195.09275803896193,76.88976665978176
550,1.7,-0.7,199.3975489970682,86.60048470739702,199.3975489970682,86.60048470739702
551,1.7,-0.6,201.2472677510795,96.47618360712745,201.2472677510795,96.47618360712745
552,1.7,-0.5,200.9684811695157,106.49491806540853,200.9684811695157,106.49491806540853
553,1.7,-0.4,198.8794720753575,116.63529947653598,198.8794720753575,116.63529947653598
554,1.7,-0.3,195.28267097594338,126.8770045104166,195.28267097594338,126.8770045104166
555,1.7,-0.2,190.4589279389891,137.20116004249994,190.4589279389891,137.20116004249994
556,1.7,-0.1,184.66367953222934,147.5906007354342,184.66367953222934,147.5906007354342
557,1.7,0.0,178.12487654774873,158.0300082959913,178.12487654774873,158.0300082959913
558,1.8,-3.0,Extinct,Extinct,,
559,1.8,-2.9,Extinct,Extinct,,
560,1.8,-2.8,Extinct,Extinct,,
561,1.8,-2.7,Extinct,Extinct,,
562,1.8,-2.6,Extinct,Extinct,,
563,1.8,-2.5,Extinct,Extinct,,
564,1.8,-2.4,Extinct,Extinct,,
565,1.8,-2.3,Extinct,Extinct,,
566,1.8,-2.2,Extinct,Extinct,,
567,1.8,-2.1,Extinct,Extinct,,
568,1.8,-2.0,Extinct,Extinct,,
569,1.8,-1.9,Extinct,Extinct,,
570,1.8,-1.8,0.21469039586489494,0.035482964182730226,0.21469039586489494,0.035482964182730226
571,1.8,-1.7,40.82637981592234,7.256467276370049,40.82637981592234,7.256467276370049
572,1.8,-1.6,77.25515648894938,14.808453483942602,77.25515648894938,14.808453483942602
573,1.8,-1.5,109.27689214628943,22.656592847769364,109.27689214628943,22.656592847769364
574,1.8,-1.4,136.93076446662414,30.79825262784289,136.93076446662414,30.79825262784289
575,1.8,-1.3,160.3084128765508,39.22727465469579,160.3084128765508,39.22727465469579
576,1.8,-1.2,179.5553896165328,47.933877817769016,179.5553896165328,47.933877817769016
577,1.8,-1.1,194.8697414855003,56.90475337217437,194.8697414855003,56.90475337217437
578,1.8,-1.0,206.4975430993342,66.12336510372474,206.4975430993342,66.12336510372474
579,1.8,-0.9,214.72557260705815,75.5704415208057,214.72557260705815,75.5704415208057
580,1.8,-0.8,219.8716931103046,85.22462222298753,219.8716931103046,85.22462222298753
581,1.8,-0.7,222.27379528580613,95.06320095679385,222.27379528580613,95.06320095679385
582,1.8,-0.6,222.27830423070023,105.06289795569694,222.27830423070023,105.06289795569694
583,1.8,-0.5,220.22923084395913,115.20059568728595,220.22923084395913,115.20059568728595
584,1.8,-0.4,216.4585751839204,125.45398374764054,216.4585751839204,125.45398374764054
585,1.8,-0.3,211.27862085684168,135.80207667842024,211.27862085684168,135.80207667842024
586,1.8,-0.2,204.97636325394043,146.2255883893352,204.97636325394043,146.2255883893352
587,1.8,-0.1,197.81004940517354,156.70716467997235,197.81004940517354,156.70716467997235
588,1.8,0.0,190.00761036936456,167.23148858317873,190.00761036936456,167.23148858317873
589,1.9,-3.0,Extinct,Extinct,,
590,1.9,-2.9,Extinct,Extinct,,
591,1.9,-2.8,Extinct,Extinct,,
592,1.9,-2.7,Extinct,Extinct,,
593,1.9,-2.6,Extinct,Extinct,,
594,1.9,-2.5,Extinct,Extinct,,
595,1.9,-2.4,Extinct,Extinct,,
596,1.9,-2.3,Extinct,Extinct,,
597,1.9,-2.2,Extinct,Extinct,,
598,1.9,-2.1,Extinct,Extinct,,
599,1.9,-2.0,Extinct,Extinct,,
600,1.9,-1.9,0.23027273821789057,0.034436246309839956,0.23027273821789057,0.034436246309839956
601,1.9,-1.8,43.91905324314657,7.048639622060557,43.91905324314657,7.048639622060557
602,1.9,-1.7,83.35706698221871,14.398405098794905,83.35706698221871,14.398405098794905
603,1.9,-1.6,118.26281706206716,22.052738693429088,118.26281706206716,22.052738693429088
604,1.9,-1.5,148.63226613788422,30.011911715534172,148.63226613788422,30.011911715534172
605,1.9,-1.4,174.51461969498013,38.27261755649736,174.51461969498013,38.27261755649736
606,1.9,-1.3,196.01632418247468,46.82770301493767,196.01632418247468,46.82770301493767
607,1.9,-1.2,213.30226549026636,55.6660877590541,213.30226549026636,55.6660877590541
608,1.9,-1.1,226.59365362053643,64.77290647669992,226.59365362053643,64.77290647669992
609,1.9,-1.0,236.16244685258752,74.1298835715061,236.16244685258752,74.1298835715061
610,1.9,-0.9,242.322616143508,83.71592019515624,242.322616143508,83.71592019515624
611,1.9,-0.8,245.41898334901555,93.50784431894614,245.41898334901555,93.50784431894614
612,1.9,-0.7,245.81468420074464,103.48125322170995,245.81468420074464,103.48125322170995
613,1.9,-0.6,243.8784365858338,113.61136906143196,243.8784365858338,113.61136906143196
614,1.9,-0.5,239.9727178174369,123.87383336266824,239.9727178174369,123.87383336266824
615,1.9,-0.4,234.44370904847617,134.24538275194237,234.44370904847617,134.24538275194237
616,1.9,-0.3,227.61352624720203,144.704371036188,227.61352624720203,144.704371036188
617,1.9,-0.2,219.77490892515368,155.2311261202297,219.77490892515368,155.2311261202297
618,1.9,-0.1,211.18824616755037,165.80814985754066,211.18824616755037,165.80814985754066
619,1.9,0.0,202.08061985279016,176.42018234589253,202.08061985279016,176.42018234589253
620,2.0,-3.0,Extinct,Extinct,,
621,2.0,-2.9,Extinct,Extinct,,
622,2.0,-2.8,Extinct,Extinct,,
623,2.0,-2.7,Extinct,Extinct,,
624,2.0,-2.6,Extinct,Extinct,,
625,2.0,-2.5,Extinct,Extinct,,
626,2.0,-2.4,Extinct,Extinct,,
627,2.0,-2.3,Extinct,Extinct,,
628,2.0,-2.2,Extinct,Extinct,,
629,2.0,-2.1,Extinct,Extinct,,
630,2.0,-2.0,0.2464576067187035,0.03334888632742138,0.2464576067187035,0.03334888632742138
631,2.0,-1.9,47.14664147598776,6.831745692813672,47.14664147598776,6.831745692813672
632,2.0,-1.8,89.75721471477155,13.968315171167351,89.75721471477155,13.968315171167351
633,2.0,-1.7,127.73773284933584,21.416024352524637,127.73773284933584,21.416024352524637
634,2.0,-1.6,161.03807899105504,29.1782410918011,161.03807899105504,29.1782410918011
635,2.0,-1.5,189.6600950212425,37.25484161457252,189.6600950212425,37.25484161457252
636,2.0,-1.4,213.66418755436683,45.64176659634655,213.66418755436683,45.64176659634655
637,2.0,-1.3,233.17349505662293,54.33074113219493,233.17349505662293,54.33074113219493
638,2.0,-1.2,248.37476387731206,63.309215867444635,248.37476387731206,63.309215867444635
639,2.0,-1.1,259.51537496031955,72.56056680266651,259.51537496031955,72.56056680266651
640,2.0,-1.0,266.89642327910633,82.06456035564406,266.89642327910633,82.06456035564406
641,2.0,-0.9,270.862295997166,91.79805370899045,270.862295997166,91.79805370899045
642,2.0,-0.8,271.78769963400134,101.73586658459509,271.78769963400134,101.73586658459509
643,2.0,-0.7,270.0634271570074,111.8517376950491,270.0634271570074,111.8517376950491
644,2.0,-0.6,266.0822537228183,122.11927254982662,266.0822537228183,122.11927254982662
645,2.0,-0.5,260.2261981836013,132.512799482062,260.2261981836013,132.512799482062
646,2.0,-0.4,252.85604931231003,143.00807348621274,252.85604931231003,143.00807348621274
647,2.0,-0.3,244.30363312930376,153.5827958537108,244.30363312930376,153.5827958537108
648,2.0,-0.2,234.86689273164575,164.21694480843345,234.86689273164575,164.21694480843345
649,2.0,-0.1,224.80753652530586,174.89293354549943,224.80753652530586,174.89293354549943
650,2.0,0.0,214.3508153619917,185.59562520767423,214.3508153619917,185.59562520767423
651,2.1,-3.0,Extinct,Extinct,,
652,2.1,-2.9,Extinct,Extinct,,
653,2.1,-2.8,Extinct,Extinct,,
654,2.1,-2.7,Extinct,Extinct,,
655,2.1,-2.6,Extinct,Extinct,,
656,2.1,-2.5,Extinct,Extinct,,
657,2.1,-2.4,Extinct,Extinct,,
658,2.1,-2.3,Extinct,Extinct,,
659,2.1,-2.2,Extinct,Extinct,,
660,2.1,-2.1,0.26319512403714457,0.0322242349114096,0.26319512403714457,0.0322242349114096
661,2.1,-2.0,50.50005255177833,6.606396468520511,50.50005255177833,6.606396468520511
662,2.1,-1.9,96.43999256568515,13.519232499585986,96.43999256568515,13.519232499585986
663,2.1,-1.8,137.68346261736937,20.747671312112796,137.68346261736937,20.747671312112796
664,2.1,-1.7,174.13278569720688,28.298276801147725,174.13278569720688,28.298276801147725
665,2.1,-1.6,205.73870864419465,36.174358779110136,205.73870864419465,36.174358779110136
666,2.1,-1.5,232.50944091037638,44.375365570822716,232.50944091037638,44.375365570822716
667,2.1,-1.4,254.51791998208253,52.89639577720407,254.51791998208253,52.89639577720407
668,2.1,-1.3,271.90617158664344,61.727905269377565,271.90617158664344,61.727905269377565
669,2.1,-1.2,284.8857763352333,70.85567583027233,284.8857763352333,70.85567583027233
670,2.1,-1.1,293.73383565068235,80.26108624427414,293.73383565068235,80.26108624427414
671,2.1,-1.0,298.7844103761658,89.92168762272163,298.7844103761658,89.92168762272163
672,2.1,-0.9,300.4160710590191,99.81204002483392,300.4160710590191,99.81204002483392
673,2.1,-0.8,299.0367876769204,109.90472786811094,299.0367876769204,109.90472786811094
674,2.1,-0.7,295.06774597135774,120.17144747072477,295.06774597135774,120.17144747072477
675,2.1,-0.6,288.9277232755424,130.58405699588357,288.9277232755424,130.58405699588357
676,2.1,-0.5,281.0194025635703,141.1154961477281,281.0194025635703,141.1154961477281
677,2.1,-0.4,271.71854746565987,151.74051361030766,271.71854746565987,151.74051361030766
678,2.1,-0.3,261.3664392043074,162.43617528547057,261.3664392043074,162.43617528547057
679,2.1,-0.2,250.26551102858267,173.18215765887925,250.26551102858267,173.18215765887925
680,2.1,-0.1,238.6777818656761,183.96085305862658,238.6777818656761,183.96085305862658
681,2.1,0.0,226.82550983890079,194.7573257388259,226.82550983890079,194.7573257388259
682,2.2,-3.0,Extinct,Extinct,,
683,2.2,-2.9,Extinct,Extinct,,
684,2.2,-2.8,Extinct,Extinct,,
685,2.2,-2.7,Extinct,Extinct,,
686,2.2,-2.6,Extinct,Extinct,,
687,2.2,-2.5,Extinct,Extinct,,
688,2.2,-2.4,Extinct,Extinct,,
689,2.2,-2.3,Extinct,Extinct,,
690,2.2,-2.2,0.2804262475579052,0.031066259039596384,0.2804262475579052,0.031066259039596384
691,2.2,-2.1,53.96801811377277,6.373349182754489,53.96801811377277,6.373349182754489
692,2.2,-2.0,103.38476448052216,13.052543826908948,103.38476448052216,13.052543826908948
693,2.2,-1.9,148.07338132371638,20.04946877504628,148.07338132371638,20.04946877504628
694,2.2,-1.8,187.88879723002566,27.3738728261423,187.88879723002566,27.3738728261423
695,2.2,-1.7,222.7285603957974,35.03264074140242,222.7285603957974,35.03264074140242
696,2.2,-1.6,252.54387379862322,43.02905168073253,252.54387379862322,43.02905168073253
697,2.2,-1.5,277.34979030747985,51.36209409133737,277.34979030747985,51.36209409133737
698,2.2,-1.4,297.2332820368811,60.0259234471216,297.2332820368811,60.0259234471216
699,2.2,-1.3,312.3578289528947,69.00955389436547,312.3578289528947,69.00955389436547
700,2.2,-1.2,322.96336788586655,78.29686167806977,322.96336788586655,78.29686167806977
701,2.2,-1.1,329.3609399757269,87.86694483363114,329.3609399757269,87.86694483363114
702,2.2,-1.0,331.9221128364317,97.6948340173918,331.9221128364317,97.6948340173918
703,2.2,-0.9,331.06407435041143,107.75249420365235,331.06407435041143,107.75249420365235
704,2.2,-0.8,327.2319839266009,118.01001068013244,327.2319839266009,118.01001068013244
705,2.2,-0.7,320.88053624794236,128.4368279641383,320.88053624794236,128.4368279641383
706,2.2,-0.6,312.4566565922051,139.00291267700385,312.4566565922051,139.00291267700385
707,2.2,-0.5,302.3848524169565,149.67973791758052,302.3848524169565,149.67973791758052
708,2.2,-0.4,291.0561403219499,160.44102737036502,291.0561403219499,160.44102737036502
709,2.2,-0.3,278.8208293767209,171.2632402658844,278.8208293767209,171.2632402658844
710,2.2,-0.2,265.98491459919023,182.12581373893445,265.98491459919023,182.12581373893445
711,2.2,-0.1,252.80949171695653,193.0112021566206,252.80949171695653,193.0112021566206
712,2.2,0.0,239.51245160842515,203.90476325191386,239.51245160842515,203.90476325191386
713,2.3,-3.0,Extinct,Extinct,,
714,2.3,-2.9,Extinct,Extinct,,
715,2.3,-2.8,Extinct,Extinct,,
716,2.3,-2.7,Extinct,Extinct,,
717,2.3,-2.6,Extinct,Extinct,,
718,2.3,-2.5,Extinct,Extinct,,
719,2.3,-2.4,Extinct,Extinct,,
720,2.3,-2.3,0.29808333453535596,0.0298795046307007,0.29808333453535596,0.0298795046307007
721,2.3,-2.2,57.53715947258812,6.13350288344205,57.53715947258812,6.13350288344205
722,2.3,-2.1,110.5658503153395,12.569974858809168,110.5658503153395,12.569974858809168
723,2.3,-2.0,158.87207879736286,19.323796304817204,158.87207879736286,19.323796304817204
724,2.3,-1.9,202.26536370829635,26.407767558802473,202.26536370829635,26.407767558802473
725,2.3,-1.8,240.58995330589303,33.83235513784396,240.58995330589303,33.83235513784396
726,2.3,-1.7,273.7371711869584,41.60486209623637,273.7371711869584,41.60486209623637
727,2.3,-1.6,301.6580293041479,49.728580430761234,301.6580293041479,49.728580430761234
728,2.3,-1.5,324.3748498052791,58.202010093085235,324.3748498052791,58.202010093085235
729,2.3,-1.4,341.99033236101445,67.01824966533982,341.99033236101445,67.01824966533982
730,2.3,-1.3,354.69242447197985,76.16466907548293,354.69242447197985,76.16466907548293
731,2.3,-1.2,362.7536182440775,85.62295685399799,362.7536182440775,85.62295685399799
732,2.3,-1.1,366.5239491780482,95.36959061523514,366.5239491780482,95.36959061523514
733,2.3,-1.0,366.41792040829216,105.37671574856275,366.41792040829216,105.37671574856275
734,2.3,-0.9,362.89659656614975,115.6133487107547,362.89659656614975,115.6133487107547
735,2.3,-0.8,356.44691926468454,126.04676702541317,356.44691926468454,126.04676702541317
736,2.3,-0.7,347.5606590539683,136.64392371157334,347.5606590539683,136.64392371157334
737,2.3,-0.6,336.71525779022346,147.37273467649695,336.71525779022346,147.37273467649695
738,2.3,-0.5,324.3582294009909,158.20312698425337,324.3582294009909,158.20312698425337
739,2.3,-0.4,310.8959918604886,169.10778934697515,310.8959918604886,169.10778934697515
740,2.3,-0.3,296.68723041331214,180.0626181162254,296.68723041331214,180.0626181162254
741,2.3,-0.2,282.0403055811925,191.04689146494388,282.0403055811925,191.04689146494388
742,2.3,-0.1,267.213883468361,202.0432270309263,267.213883468361,202.0432270309263
743,2.3,0.0,252.41986065910726,213.03738536370847,252.41986065910726,213.03738536370847
744,2.4,-3.0,Extinct,Extinct,,
745,2.4,-2.9,Extinct,Extinct,,
746,2.4,-2.8,Extinct,Extinct,,
747,2.4,-2.7,Extinct,Extinct,,
748,2.4,-2.6,Extinct,Extinct,,
749,2.4,-2.5,Extinct,Extinct,,
750,2.4,-2.4,0.3160910072343184,0.028669038901618985,0.3160910072343184,0.028669038901618985
751,2.4,-2.3,61.19213114943535,5.887888786757966,61.19213114943535,5.887888786757966
752,2.4,-2.2,117.95269945884895,12.073578596365326,117.95269945884895,12.073578596365326
753,2.4,-2.1,170.03534254926396,18.573624980689463,170.03534254926396,18.573624980689463
754,2.4,-2.0,217.208020409264,25.40362102849746,217.208020409264,25.40362102849746
755,2.4,-1.9,259.263842613194,32.57746977639336,259.263842613194,32.57746977639336
756,2.4,-1.8,296.03384716251395,40.10652547067905,296.03384716251395,40.10652547067905
757,2.4,-1.7,327.4011841549752,47.998640424785656,327.4011841549752,47.998640424785656
758,2.4,-1.6,353.3156774571498,56.25718647487951,353.3156774571498,56.25718647487951
759,2.4,-1.5,373.8072324574984,64.88015397885609,373.8072324574984,64.88015397885609
760,2.4,-1.4,388.99616685602547,73.85945758727507,388.99616685602547,73.85945758727507
761,2.4,-1.3,399.0984451631787,83.18058448503439,399.0984451631787,83.18058448503439
762,2.4,-1.2,404.424156439571,92.82269668726083,404.424156439571,92.82269668726083
763,2.4,-1.1,405.368437618279,102.75924099205163,405.368437618279,102.75924099205163
764,2.4,-1.0,402.39527554048897,112.95903748367911,402.39527554048897,112.95903748367911
765,2.4,-0.9,396.0159037300295,123.38773126934204,396.0159037300295,123.38773126934204
766,2.4,-0.8,386.76445905004294,134.0094283518371,386.76445905004294,134.0094283518371
767,2.4,-0.7,375.1738921506369,144.7883144474772,375.1738921506369,144.7883144474772
768,2.4,-0.6,361.75477600746086,155.69007905229864,361.75477600746086,155.69007905229864
769,2.4,-0.5,346.9788089539478,166.68302403829472,346.9788089539478,166.68302403829472
770,2.4,-0.4,331.2677737050531,177.73880560702045,331.2677737050531,177.73880560702045
771,2.4,-0.3,314.9877881709342,188.8328206349133,314.9877881709342,188.8328206349133
772,2.4,-0.2,298.44804725074783,199.94429122474975,298.44804725074783,199.94429122474975
773,2.4,-0.1,281.9029492628622,211.0561218095359,281.9029492628622,211.0561218095359
774,2.4,0.0,Period-2 oscillations,Period-2 oscillations,,
775,2.5,-3.0,Extinct,Extinct,,
776,2.5,-2.9,Extinct,Extinct,,
777,2.5,-2.8,Extinct,Extinct,,
778,2.5,-2.7,Extinct,Extinct,,
779,2.5,-2.6,Extinct,Extinct,,
780,2.5,-2.5,0.3343673046826586,0.027440373342010486,0.3343673046826586,0.027440373342010486
781,2.5,-2.4,64.91584298560959,5.637655351367057,64.91584298560959,5.637655351367057
782,2.5,-2.3,125.51026901011174,11.565709922520522,125.51026901011174,11.565709922520522
783,2.5,-2.2,181.51051568034137,17.80249334628105,181.51051568034137,17.80249334628105
784,2.5,-2.1,232.6485991129639,24.366014139608843,232.6485991129639,24.366014139608843
785,2.5,-2.0,278.6710033988496,31.2733085715973,278.6710033988496,31.2733085715973
786,2.5,-1.9,319.35092311887786,38.539617966411434,319.35092311887786,38.539617966411434
787,2.5,-1.8,354.5029094653722,46.177404483926956,354.5029094653722,46.177404483926956
788,2.5,-1.7,383.999303638567,54.195246795488295,383.999303638567,54.195246795488295
789,2.5,-1.6,407.78723234466304,62.596697986438635,407.78723234466304,62.596697986438635
790,2.5,-1.5,425.90428536467994,71.37923202349351,425.90428536467994,71.37923202349351
791,2.5,-1.4,438.49048003106816,80.53343974191222,438.49048003106816,80.53343974191222
792,2.5,-1.3,445.7939903078864,90.04264385131,445.7939903078864,90.04264385131
793,2.5,-1.2,448.1686004128728,99.88307005225496,448.1686004128728,99.88307005225496
794,2.5,-1.1,446.0619957479243,110.02463388573949,446.0619957479243,110.02463388573949
795,2.5,-1.0,439.99562306358297,120.43229413012723,439.99562306358297,120.43229413012723
796,2.5,-0.9,430.5384840354231,131.06781387281956,430.5384840354231,131.06781387281956
797,2.5,-0.8,418.2783434678099,141.89169531896317,418.2783434678099,141.89169531896317
798,2.5,-0.7,403.79408137898963,152.8650377313319,403.79408137898963,152.8650377313319
799,2.5,-0.6,387.63228530014453,163.9511104278303,387.63228530014453,163.9511104278303
800,2.5,-0.5,370.2899721520875,175.1165138713797,370.2899721520875,175.1165138713797
801,2.5,-0.4,352.2039919859199,186.33189173854618,352.2039919859199,186.33189173854618
802,2.5,-0.3,333.74657151730673,197.57223039403706,333.74657151730673,197.57223039403706
803,2.5,-0.2,315.22578879447724,208.81682699301118,315.22578879447724,208.81682699301118
804,2.5,-0.1,296.8895311367297,220.0490235076127,296.8895311367297,220.0490235076127
805,2.5,0.0,Period-2 oscillations,Period-2 oscillations,,
806,2.6,-3.0,Extinct,Extinct,,
807,2.6,-2.9,Extinct,Extinct,,
808,2.6,-2.8,Extinct,Extinct,,
809,2.6,-2.7,Extinct,Extinct,,
810,2.6,-2.6,0.35282509025769454,0.026199369370620538,0.35282509025769454,0.026199369370620538
811,2.6,-2.5,68.68975680819148,5.384048342489555,68.68975680819148,5.384048342489555
812,2.6,-2.4,133.19960888666276,11.048986282816301,133.19960888666276,11.048986282816301
813,2.6,-2.3,193.23726255170422,17.014455956525524,193.23726255170422,17.014455956525524
814,2.6,-2.2,248.50590897466176,23.300402916902726,248.50590897466176,23.300402916902726
815,2.6,-2.1,298.7121487545612,29.92654360369349,298.7121487545612,29.92654360369349
816,2.6,-2.0,343.57676664104065,36.91164128172206,343.57676664104065,36.91164128172206
817,2.6,-1.9,382.8486111354991,44.27257333169447,382.8486111354991,44.27257333169447
818,2.6,-1.8,416.3214769497846,52.02319674897448,416.3214769497846,52.02319674897448
819,2.6,-1.7,443.8533110340928,60.17305749850896,443.8533110340928,60.17305749850896
820,2.6,-1.6,465.3862821690957,68.72604183823674,465.3862821690957,68.72604183823674
821,2.6,-1.5,480.9653894629919,77.67912582808695,480.9653894629919,77.67912582808695
822,2.6,-1.4,490.75258688725364,87.02142616117658,490.75258688725364,87.02142616117658
823,2.6,-1.3,495.03321689980874,96.73376782433287,495.03321689980874,96.73376782433287
824,2.6,-1.2,494.2121916180351,106.78894072326804,494.2121916180351,106.78894072326804
825,2.6,-1.1,488.7989175804871,117.15271273859128,488.7989175804871,117.15271273859128
826,2.6,-1.0,479.382122817679,127.78552134665196,479.382122817679,127.78552134665196
827,2.6,-0.9,466.59785220130533,138.6446243320723,466.59785220130533,138.6446243320723
828,2.6,-0.8,451.0952134098441,149.68640165885847,451.0952134098441,149.68640165885847
829,2.6,-0.7,433.5045454813317,160.86849454365452,433.5045454813317,160.86849454365452
830,2.6,-0.6,414.41162373456496,172.15153888503727,414.41162373456496,172.15153888503727
831,2.6,-0.5,394.3398136450798,183.5003645230507,394.3398136450798,183.5003645230507
832,2.6,-0.4,373.7403702264323,194.88464712078374,373.7403702264323,194.88464712078374
833,2.6,-0.3,352.9898079847605,206.27908490342426,352.9898079847605,206.27908490342426
834,2.6,-0.2,332.39260762814024,217.66321676738917,332.39260762814024,217.66321676738917
835,2.6,-0.1,Period-2 oscillations,Period-2 oscillations,,
836,2.6,0.0,Period-2 oscillations,Period-2 oscillations,,
837,2.7,-3.0,Extinct,Extinct,,
838,2.7,-2.9,Extinct,Extinct,,
839,2.7,-2.8,Extinct,Extinct,,
840,2.7,-2.7,0.37137366775741343,0.024952129851587266,0.37137366775741343,0.024952129851587266
841,2.7,-2.6,72.49424830026126,5.128386514222489,72.49424830026126,5.128386514222489
842,2.7,-2.5,140.97864047883502,10.526235359822307,140.97864047883502,10.526235359822307
843,2.7,-2.4,205.14874371023484,16.214004422672247,205.14874371023484,16.214004422672247
844,2.7,-2.3,264.68714415831556,22.21302391256123,264.68714415831556,22.21302391256123
845,2.7,-2.2,319.2691798322537,28.545111115272555,319.2691798322537,28.545111115272555
846,2.7,-2.1,368.5714872463324,35.231996057046445,368.5714872463324,35.231996057046445
847,2.7,-2.0,412.28394886168945,42.29451863649445,412.28394886168945,42.29451863649445
848,2.7,-1.9,450.1254488900521,49.75156983458849,450.1254488900521,49.75156983458849
849,2.7,-1.8,481.8634316407703,57.618777393740274,481.8634316407703,57.618777393740274
850,2.7,-1.7,507.3365429900541,65.9069843110684,507.3365429900541,65.9069843110684
851,2.7,-1.6,526.4786249257372,74.62063640499046,526.4786249257372,74.62063640499046
852,2.7,-1.5,539.3411705003358,83.75627334237745,539.3411705003358,83.75627334237745
853,2.7,-1.4,546.1103714995759,93.30138303522853,546.1103714995759,93.30138303522853
854,2.7,-1.3,547.114600527362,103.2338988445613,547.114600527362,103.2338988445613
855,2.7,-1.2,542.8190277185976,113.52256133731026,542.8190277185976,113.52256133731026
856,2.7,-1.1,533.8062030692297,124.12822315374777,533.8062030692297,124.12822315374777
857,2.7,-1.0,520.7443753350638,135.00597797748375,520.7443753350638,135.00597797748375
858,2.7,-0.9,504.34808696398306,146.10780855602036,504.34808696398306,146.10780855602036
859,2.7,-0.8,485.3371369130321,157.38534439944425,485.3371369130321,157.38534439944425
860,2.7,-0.7,464.39980508690354,168.79233309816013,464.39980508690354,168.79233309816013
861,2.7,-0.6,442.1645327894576,180.2865433965485,442.1645327894576,180.2865433965485
862,2.7,-0.5,419.18186843264135,191.83097844132652,419.18186843264135,191.83097844132652
863,2.7,-0.4,395.91630034107806,203.39442461707966,395.91630034107806,203.39442461707966
864,2.7,-0.3,372.7461573549586,214.95145822574688,372.7461573549586,214.95145822574688
865,2.7,-0.2,349.9691723504476,226.48207161805087,349.9691723504476,226.48207161805087
866,2.7,-0.1,Period-2 oscillations,Period-2 oscillations,,
867,2.7,0.0,Period-2 oscillations,Period-2 oscillations,,
868,2.8,-3.0,Extinct,Extinct,,
869,2.8,-2.9,Extinct,Extinct,,
870,2.8,-2.8,0.38992054445205626,0.02370488060374619,0.38992054445205626,0.02370488060374619
871,2.8,-2.7,76.3090196970445,4.8720338763585795,76.3090196970445,4.8720338763585795
872,2.8,-2.6,148.80309904033672,10.000431744489362,148.80309904033672,10.000431744489362
873,2.8,-2.5,217.1731648426647,15.405963322572953,217.1731648426647,15.405963322572953
874,2.8,-2.4,281.0900101176997,21.11075132009057,281.0900101176997,21.11075132009057
875,2.8,-2.3,340.2076555091323,27.13804554978629,340.2076555091323,27.13804554978629
876,2.8,-2.2,394.1691863889292,33.5118306746639,394.1691863889292,33.5118306746639
877,2.8,-2.1,442.6158536877962,40.25621463218007,442.6158536877962,40.25621463218007
878,2.8,-2.0,485.2002412322405,47.39454378919342,485.2002412322405,47.39454378919342
879,2.8,-1.9,521.6041360521832,54.94820205729327,521.6041360521832,54.94820205729327
880,2.8,-1.8,551.5612722667279,62.935082503675865,551.5612722667279,62.935082503675865
881,2.8,-1.7,574.8842422295403,71.36777892217492,574.8842422295403,71.36777892217492
882,2.8,-1.6,591.4935515714686,80.25163333439725,591.4935515714686,80.25163333439725
883,2.8,-1.5,601.4452043530266,89.58288226747659,601.4452043530266,89.58288226747659
884,2.8,-1.4,604.951801532216,99.34723893703509,604.951801532216,99.34723893703509
885,2.8,-1.3,602.3916441781851,109.51928151122594,602.3916441781851,109.51928151122594
886,2.8,-1.2,594.3014619637431,120.06294175603645,594.3014619637431,120.06294175603645
887,2.8,-1.1,581.3513420037345,130.933189817349,581.3513420037345,130.933189817349
888,2.8,-1.0,564.3045118521704,142.07873680353413,564.3045118521704,142.07873680353413
889,2.8,-0.9,543.968345691157,153.44532716955425,543.968345691157,153.44532716955425
890,2.8,-0.8,521.1447935758249,164.97906987170458,521.1447935758249,164.97906987170458
891,2.8,-0.7,496.58773093177103,176.62930448138496,496.58773093177103,176.62930448138496
892,2.8,-0.6,470.9720512485912,188.3506781560947,470.9720512485912,188.3506781560947
893,2.8,-0.5,444.87598685864054,200.10433368309947,444.87598685864054,200.10433368309947
894,2.8,-0.4,418.77537701970056,211.85829466427623,418.77537701970056,211.85829466427623
895,2.8,-0.3,393.0470308476446,223.5872395270385,393.0470308476446,223.5872395270385
896,2.8,-0.2,Period-2 oscillations,Period-2 oscillations,,
897,2.8,-0.1,Period-2 oscillations,Period-2 oscillations,,
898,2.8,0.0,Period-2 oscillations,Period-2 oscillations,,
899,2.9,-3.0,Extinct,Extinct,,
900,2.9,-2.9,0.4083732693083984,0.022463846733950438,0.4083732693083984,0.022463846733950438
901,2.9,-2.8,80.11354480232197,4.616369789283996,80.11354480232197,4.616369789283996
902,2.9,-2.7,156.62759499136314,9.47462561658038,156.62759499136314,9.47462561658038
903,2.9,-2.6,229.23562697399842,14.595365867347287,229.23562697399842,14.595365867347287
904,2.9,-2.5,297.60548421743215,20.00091146058855,297.60548421743215,20.00091146058855
905,2.9,-2.4,361.3804394847966,25.715234466621656,361.3804394847966,25.715234466621656
906,2.9,-2.3,420.1821759530063,31.76375777595798,420.1821759530063,31.76375777595798
907,2.9,-2.2,473.6165220244515,38.17296971995682,473.6165220244515,38.17296971995682
908,2.9,-2.1,521.2829480158038,44.96978589333794,521.2829480158038,44.96978589333794
909,2.9,-2.0,562.7889196587939,52.18058459892901,562.7889196587939,52.18058459892901
910,2.9,-1.9,597.7700828584931,59.82985043190925,597.7700828584931,59.82985043190925
911,2.9,-1.8,625.9167556403639,67.93839402096754,625.9167556403639,67.93839402096754
912,2.9,-1.7,647.0061420147458,76.52118725660905,647.0061420147458,76.52118725660905
913,2.9,-1.6,660.9379627224638,85.58496890505042,660.9379627224638,85.58496890505042
914,2.9,-1.5,667.768989498187,95.12592390572183,667.768989498187,95.12592390572183
915,2.9,-1.4,667.7398918384716,105.1278792684547,667.7398918384716,105.1278792684547
916,2.9,-1.3,661.2869305284684,115.5615182684869,661.2869305284684,115.5615182684869
917,2.9,-1.2,649.032484212476,126.3850170609216,649.032484212476,126.3850170609216
918,2.9,-1.1,631.7525498751152,137.54622864839226,631.7525498751152,137.54622864839226
919,2.9,-1.0,610.3251506527134,148.9861498761377,610.3251506527134,148.9861498761377
920,2.9,-0.9,585.6687007585227,160.64306330902727,585.6687007585227,160.64306330902727
921,2.9,-0.8,558.6815357090625,172.45660080035103,558.6815357090625,172.45660080035103
922,2.9,-0.7,530.1922408574846,184.37108141437707,530.1922408574846,184.37108141437707
923,2.9,-0.6,500.9262358303615,196.33775695219978,500.9262358303615,196.33775695219978
924,2.9,-0.5,471.4893961215784,208.31591258062997,471.4893961215784,208.31591258062997
925,2.9,-0.4,442.3660349666742,220.27300245023963,442.3660349666742,220.27300245023963
926,2.9,-0.3,413.9269654802553,232.18410791972806,413.9269654802553,232.18410791972806
927,2.9,-0.2,Period-2 oscillations,Period-2 oscillations,,
928,2.9,-0.1,Period-2 oscillations,Period-2 oscillations,,
929,2.9,0.0,Period-2 oscillations,Period-2 oscillations,,
930,3.0,-3.0,0.42664126921547346,0.021235128992388073,0.42664126921547346,0.021235128992388073
931,3.0,-2.9,83.88752510605559,4.362758312873088,83.88752510605559,4.362758312873088
932,3.0,-2.8,164.406737821406,8.951867218401542,164.406737821406,8.951867218401542
933,3.0,-2.7,241.26017243388674,13.787316412442793,241.26017243388674,13.787316412442793
934,3.0,-2.6,314.12105110063726,18.891065366037157,314.12105110063726,18.891065366037157
935,3.0,-2.5,382.63233475897584,24.287107104196817,382.63233475897584,24.287107104196817
936,3.0,-2.4,446.40702955542065,30.001447613875733,446.40702955542065,30.001447613875733
937,3.0,-2.3,505.03049257553255,36.06195089892423,505.03049257553255,36.06195089892423
938,3.0,-2.2,558.0657426168464,42.497982096147915,558.0657426168464,42.497982096147915
939,3.0,-2.1,605.0630545326035,49.339762735409046,605.0630545326035,49.339762735409046
940,3.0,-2.0,645.5753195009593,56.61733852953551,645.5753195009593,56.61733852953551
941,3.0,-1.9,679.180635498912,64.35906129447311,679.180635498912,64.35906129447311
942,3.0,-1.8,705.5131108151055,72.58951895322491,705.5131108151055,72.58951895322491
943,3.0,-1.7,724.3016192083203,81.32693118920086,724.3016192083203,81.32693118920086
944,3.0,-1.6,735.4140129703203,90.58017832839445,735.4140129703203,90.58017832839445
945,3.0,-1.5,738.9012012348159,100.34583927702037,738.9012012348159,100.34583927702037
946,3.0,-1.4,735.0323438933536,110.60582649036665,735.0323438933536,110.60582649036665
947,3.0,-1.3,724.3108025238231,121.32631407039908,724.3108025238231,121.32631407039908
948,3.0,-1.2,707.46227197158,132.45853532350984,707.46227197158,132.45853532350984
949,3.0,-1.1,685.3924374973104,143.94162820018073,685.3924374973104,143.94162820018073
950,3.0,-1.0,659.1199510556097,155.70713928906306,659.1199510556097,155.70713928906306
951,3.0,-0.9,629.697793530568,167.6843082747458,629.697793530568,167.6843082747458
952,3.0,-0.8,598.1386353796269,179.80508370248907,598.1386353796269,179.80508370248907
953,3.0,-0.7,565.3567247744653,192.00802809515594,565.3567247744653,192.00802809515594
954,3.0,-0.6,532.1323061528407,204.24070902652917,532.1323061528407,204.24070902652917
955,3.0,-0.5,499.0979987869688,216.4606144815158,499.0979987869688,216.4606144815158
956,3.0,-0.4,466.7423140394946,228.63491649654605,466.7423140394946,228.63491649654605
957,3.0,-0.3,435.43085196405525,240.7421569717728,435.43085196405525,240.7421569717728
958,3.0,-0.2,Period-2 oscillations,Period-2 oscillations,,
959,3.0,-0.1,Period-2 oscillations,Period-2 oscillations,,
960,3.0,0.0,Period-2 oscillations,Period-2 oscillations,,
961,3.1,-3.0,87.611334836905,4.11251829896002,87.611334836905,4.11251829896002
962,3.1,-2.9,172.09626004425348,8.435131325026221,172.09626004425348,8.435131325026221
963,3.1,-2.8,253.17189879792048,12.986848400779778,253.17189879792048,12.986848400779778
964,3.1,-2.7,330.5241925118657,17.788774263202605,330.5241925118657,17.788774263202605
965,3.1,-2.6,403.8053771333926,22.864278656636014,403.8053771333926,22.864278656636014
966,3.1,-2.5,472.6320579633856,28.239125704860495,472.6320579633856,28.239125704860495
967,3.1,-2.4,536.5844441463333,33.941525353366416,536.5844441463333,33.941525353366416
968,3.1,-2.3,595.2075775844704,40.00205078632358,595.2075775844704,40.00205078632358
969,3.1,-2.2,648.0157434333793,46.453342041276876,648.0157434333793,46.453342041276876
970,3.1,-2.1,694.5016577744606,53.32948859755625,694.5016577744606,53.32948859755625
971,3.1,-2.0,734.1524118781794,60.66495792178632,734.1524118781794,60.66495792178632
972,3.1,-1.9,766.4743284575864,68.49292512765021,766.4743284575864,68.49292512765021
973,3.1,-1.8,791.028523646534,76.84288321095293,791.028523646534,76.84288321095293
974,3.1,-1.7,807.4775976557664,85.73750543753255,807.4775976557664,85.73750543753255
975,3.1,-1.6,815.6410346973108,95.1889224683407,815.6410346973108,95.1889224683407
976,3.1,-1.5,815.5525303417872,105.19486996103187,815.5525303417872,105.19486996103187
977,3.1,-1.4,807.5075676540465,115.7354914536481,807.5075676540465,115.7354914536481
978,3.1,-1.3,792.0865390884985,126.77178457325292,792.0865390884985,126.77178457325292
979,3.1,-1.2,770.1406764636256,138.2465465416444,770.1406764636256,138.2465465416444
980,3.1,-1.1,742.7365824425618,150.08810165985983,742.7365824425618,150.08810165985983
981,3.1,-1.0,711.0678534036481,162.21624025127485,711.0678534036481,162.21624025127485
982,3.1,-0.9,676.3530340542208,174.54907611155633,676.3530340542208,174.54907611155633
983,3.1,-0.8,639.7421625154881,187.00932667895918,639.7421625154881,187.00932667895918
984,3.1,-0.7,602.2484495723518,199.52890418873798,602.2484495723518,199.52890418873798
985,3.1,-0.6,564.7113477705203,212.05139742982107,564.7113477705203,212.05139742982107
986,3.1,-0.5,527.7879756548426,224.53264803599464,527.7879756548426,224.53264803599464
987,3.1,-0.4,491.9647848258854,236.93996645970103,491.9647848258854,236.93996645970103
988,3.1,-0.3,Period-2 oscillations,Period-2 oscillations,,
989,3.1,-0.2,Period-2 oscillations,Period-2 oscillations,,
990,3.1,-0.1,Period-2 oscillations,Period-2 oscillations,,
991,3.1,0.0,Period-2 oscillations,Period-2 oscillations,,
992,3.2,-3.0,179.65407865242378,7.927245914557154,179.65407865242378,7.927245914557154
993,3.2,-2.9,264.8990050744752,12.198786858995327,264.8990050744752,12.198786858995327
994,3.2,-2.8,346.7058773334295,16.70136504319355,346.7058773334295,16.70136504319355
995,3.2,-2.7,424.7443606069755,21.457178967211263,424.7443606069755,21.457178967211263
996,3.2,-2.6,498.6455650607532,26.491018027917384,498.6455650607532,26.491018027917384
997,3.2,-2.5,567.9988715546435,31.830475831527966,567.9988715546435,31.830475831527966
998,3.2,-2.4,632.3497093202932,37.50609953367632,632.3497093202932,37.50609953367632
999,3.2,-2.3,691.1991861961934,43.55141468761584,691.1991861961934,43.55141468761584
1000,3.2,-2.2,744.0069288427956,50.00273438176412,744.0069288427956,50.00273438176412
1001,3.2,-2.1,790.199073161777,56.89862228352859,790.199073161777,56.89862228352859
1002,3.2,-2.0,829.1839894359015,64.27883590990743,829.1839894359015,64.27883590990743
1003,3.2,-1.9,860.3788344011455,72.18254232824303,860.3788344011455,72.18254232824303
1004,3.2,-1.8,883.2499691656683,80.6456020720671,883.2499691656683,80.6456020720671
1005,3.2,-1.7,897.3689571380002,89.69680608032637,897.3689571380002,89.69680608032637
1006,3.2,-1.6,902.4823892875568,99.35318343987618,902.4823892875568,99.35318343987618
1007,3.2,-1.5,898.5876998494708,109.61490657011556,898.5876998494708,109.61490657011556
1008,3.2,-1.4,885.9994462411881,120.4608372125922,885.9994462411881,120.4608372125922
1009,3.2,-1.3,865.3847694899231,131.84614349027717,865.3847694899231,131.84614349027717
1010,3.2,-1.2,837.7483168334064,143.7033131087951,837.7483168334064,143.7033131087951
1011,3.2,-1.1,804.3592486837051,155.947058488455,804.3592486837051,155.947058488455
1012,3.2,-1.0,766.6326638619668,168.4822849884759,766.6326638619668,168.4822849884759
1013,3.2,-0.9,725.9944403867984,181.21317360600716,725.9944403867984,181.21317360600716
1014,3.2,-0.8,683.7621486030846,194.0511836138727,683.7621486030846,194.0511836138727
1015,3.2,-0.7,641.0643048884101,206.920478711499,641.0643048884101,206.920478711499
1016,3.2,-0.6,598.8037594317614,219.76038736618565,598.8037594317614,219.76038736618565
1017,3.2,-0.5,557.6577840243825,232.5253969135615,557.6577840243825,232.5253969135615
1018,3.2,-0.4,518.1016773942341,245.183567279108,518.1016773942341,245.183567279108
1019,3.2,-0.3,Period-2 oscillations,Period-2 oscillations,,
1020,3.2,-0.2,Period-2 oscillations,Period-2 oscillations,,
1021,3.2,-0.1,Period-2 oscillations,Period-2 oscillations,,
1022,3.2,0.0,Period-2 oscillations,Period-2 oscillations,,
1023,3.3,-3.0,276.3746423184966,11.427624036197033,276.3746423184966,11.427624036197033
1024,3.3,-2.9,362.56379756444835,15.635712803669067,362.56379756444835,15.635712803669067
1025,3.3,-2.8,445.30213162733577,20.075696754643037,445.30213162733577,20.075696754643037
1026,3.3,-2.7,524.2441044738531,24.77079617935704,524.2441044738531,24.77079617935704
1027,3.3,-2.6,599.0004335347684,29.74717086646353,599.0004335347684,29.74717086646353
1028,3.3,-2.5,669.1333794118464,35.0342369035239,669.1333794118464,35.0342369035239
1029,3.3,-2.4,734.1526274372281,40.66494343621824,734.1526274372281,40.66494343621824
1030,3.3,-2.3,793.512679560463,46.6759479335369,793.512679560463,46.6759479335369
1031,3.3,-2.2,846.6132350955014,53.10759060158226,846.6132350955014,53.10759060158226
1032,3.3,-2.1,892.8048268795284,60.00351563369567,892.8048268795284,60.00351563369567
1033,3.3,-2.0,931.4029727816381,67.40972022907388,931.4029727816381,67.40972022907388
1034,3.3,-1.9,961.7151281695363,75.37274338700713,961.7151281695363,75.37274338700713
1035,3.3,-1.8,983.0852914738692,83.93666841295597,983.0852914738692,83.93666841295597
1036,3.3,-1.7,994.960223586703,93.13867297497356,994.960223586703,93.13867297497356
1037,3.3,-1.6,996.9773773298535,103.00312024343384,996.9773773298535,103.00312024343384
1038,3.3,-1.5,989.0664042652763,113.53473763337342,989.0664042652763,113.53473763337342
1039,3.3,-1.4,971.5440429872422,124.71224031125732,971.5440429872422,124.71224031125732
1040,3.3,-1.3,945.1711913027792,136.48449594445322,945.1711913027792,136.48449594445322
1041,3.3,-1.2,911.1404139413452,148.7713641831416,911.1404139413452,148.7713641831416
1042,3.3,-1.1,870.9797805951885,161.47015874400333,870.9797805951885,161.47015874400333
1043,3.3,-1.0,826.3905809897552,174.46655295748843,826.3905809897552,174.46655295748843
1044,3.3,-0.9,779.0638040209086,187.64691236979493,779.0638040209086,187.64691236979493
1045,3.3,-0.8,730.5250211545027,200.90871857841734,730.5250211545027,200.90871857841734
1046,3.3,-0.7,682.0384173474293,214.1670183542528,682.0384173474293,214.1670183542528
1047,3.3,-0.6,634.5737081915051,227.35664680953084,634.5737081915051,227.35664680953084
1048,3.3,-0.5,588.8206761995106,240.43125055939305,588.8206761995106,240.43125055939305
1049,3.3,-0.4,545.2302700043573,253.36052585570815,545.2302700043573,253.36052585570815
1050,3.3,-0.3,Period-2 oscillations,Period-2 oscillations,,
1051,3.3,-0.2,Period-2 oscillations,Period-2 oscillations,,
1052,3.3,-0.1,Period-2 oscillations,Period-2 oscillations,,
1053,3.3,0.0,Period-2 oscillations,Period-2 oscillations,,
1054,3.4,-3.0,378.0051298708005,14.598055272682203,378.0051298708005,14.598055272682203
1055,3.4,-2.9,465.34422495261043,18.728868083184555,465.34422495261043,18.728868083184555
1056,3.4,-2.8,549.2399568504794,23.091074899647797,549.2399568504794,23.091074899647797
1057,3.4,-2.7,629.33363081172,27.708780009452386,629.33363081172,27.708780009452386
1058,3.4,-2.6,705.217497805581,32.60938414746494,705.217497805581,32.60938414746494
1059,3.4,-2.5,776.4282250618292,37.82402327584506,776.4282250618292,37.82402327584506
1060,3.4,-2.4,842.4404262125155,43.388003358518965,842.4404262125155,43.388003358518965
1061,3.4,-2.3,902.6610929297243,49.34117455512254,902.6610929297243,49.34117455512254
1062,3.4,-2.2,956.4264216132427,55.72814446759005,956.4264216132427,55.72814446759005
1063,3.4,-2.1,1003.0035256665292,62.598163075209214,1003.0035256665292,62.598163075209214
1064,3.4,-2.0,1041.6009363358446,70.00441707823123,1041.6009363358446,70.00441707823123
1065,3.4,-1.9,1071.393550778276,78.00235338769984,1071.393550778276,78.00235338769984
1066,3.4,-1.8,1091.5693242328794,86.64654141155047,1091.5693242328794,86.64654141155047
1067,3.4,-1.7,1101.4052745942324,95.98556554726757,1101.4052745942324,95.98556554726757
1068,3.4,-1.6,1100.3768748225177,106.05467401192678,1100.3768748225177,106.05467401192678
1069,3.4,-1.5,1088.294534770694,116.86660726340934,1088.294534770694,116.86660726340934
1070,3.4,-1.4,1065.4423717500365,128.40227261839755,1065.4423717500365,128.40227261839755
1071,3.4,-1.3,1032.6736224859605,140.60433256894342,1032.6736224859605,140.60433256894342
1072,3.4,-1.2,991.4098806514523,153.37725602022243,991.4098806514523,153.37725602022243
1073,3.4,-1.1,943.5153644631795,166.59576750807432,943.5153644631795,166.59576750807432
1074,3.4,-1.0,891.0698549968953,180.12010574420864,891.0698549968953,180.12010574420864
1075,3.4,-0.9,836.1118586670677,193.81328309757305,836.1118586670677,193.81328309757305
1076,3.4,-0.8,780.4308316527151,207.5550481129375,780.4308316527151,207.5550481129375
1077,3.4,-0.7,725.4524225146628,221.24959720701466,725.4524225146628,221.24959720701466
1078,3.4,-0.6,672.2149730261475,234.82715381264285,672.2149730261475,234.82715381264285
1079,3.4,-0.5,621.4079121636332,248.241388302604,621.4079121636332,248.241388302604
1080,3.4,-0.4,573.4386350431256,261.46493096380254,573.4386350431256,261.46493096380254
1081,3.4,-0.3,Period-2 oscillations,Period-2 oscillations,,
1082,3.4,-0.2,Period-2 oscillations,Period-2 oscillations,,
1083,3.4,-0.1,Period-2 oscillations,Period-2 oscillations,,
1084,3.4,0.0,Period-2 oscillations,Period-2 oscillations,,
1085,3.5,-3.0,484.75251256494226,17.42463115563588,484.75251256494226,17.42463115563588
1086,3.5,-2.9,573.4671839067481,21.46300524146653,573.4671839067481,21.46300524146653
1087,3.5,-2.8,658.770607803452,25.73061515560806,658.770607803452,25.73061515560806
1088,3.5,-2.7,740.2941725799145,30.252231602629724,740.2941725799145,30.252231602629724
1089,3.5,-2.6,817.615103799693,35.05626502466065,817.615103799693,35.05626502466065
1090,3.5,-2.5,890.2479131702212,40.17534023496114,890.2479131702212,40.17534023496114
1091,3.5,-2.4,957.63517721675,45.64691609103438,957.63517721675,45.64691609103438
1092,3.5,-2.3,1019.1382923088481,51.513906756845415,1019.1382923088481,51.513906756845415
1093,3.5,-2.2,1074.0295373527279,57.82521508989666,1074.0295373527279,57.82521508989666
1094,3.5,-2.1,1121.4879302638449,64.63601108626962,1121.4879302638449,64.63601108626962
1095,3.5,-2.0,1160.6031956311415,72.0074652535873,1160.6031956311415,72.0074652535873
1096,3.5,-1.9,1190.3948100666466,80.00546876352136,1190.3948100666466,80.00546876352136
1097,3.5,-1.8,1209.856335539978,88.69765425171347,1209.856335539978,88.69765425171347
1098,3.5,-1.7,1218.0378417685383,98.14785703315418,1218.0378417685383,98.14785703315418
1099,3.5,-1.6,1214.1778627039066,108.40724762629749,1214.1778627039066,108.40724762629749
1100,3.5,-1.5,1197.8851627261304,119.50211706480398,1197.8851627261304,119.50211706480398
1101,3.5,-1.4,1169.3438787145274,131.42009135038373,1169.3438787145274,131.42009135038373
1102,3.5,-1.3,1129.4772134198365,144.099131258187,1129.4772134198365,144.099131258187
1103,3.5,-1.2,1079.9801441097945,157.42533431582177,1079.9801441097945,157.42533431582177
1104,3.5,-1.1,1023.1596388938464,171.24367226633353,1023.1596388938464,171.24367226633353
1105,3.5,-1.0,961.6095806196198,185.37983618236154,961.6095806196198,185.37983618236154
1106,3.5,-0.9,897.8378476669341,199.66529663678202,897.8378476669341,199.66529663678202
1107,3.5,-0.8,833.9777028270504,213.9566983700222,833.9777028270504,213.9566983700222
1108,3.5,-0.7,771.6496062610784,228.1451464592555,771.6496062610784,228.1451464592555
1109,3.5,-0.6,711.9587385461247,242.15637276970048,711.9587385461247,242.15637276970048
1110,3.5,-0.5,655.5729130216375,255.94550024494634,655.5729130216375,255.94550024494634
1111,3.5,-0.4,Period-2 oscillations,Period-2 oscillations,,
1112,3.5,-0.3,Period-2 oscillations,Period-2 oscillations,,
1113,3.5,-0.2,Period-2 oscillations,Period-2 oscillations,,
1114,3.5,-0.1,Period-2 oscillations,Period-2 oscillations,,
1115,3.5,0.0,Period-2 oscillations,Period-2 oscillations,,
1116,3.6,-3.0,596.7858501128586,19.8959908724159,596.7858501128586,19.8959908724159
1117,3.6,-2.9,687.118234444335,23.825654645340716,687.118234444335,23.825654645340716
1118,3.6,-2.8,774.1004170084988,27.980451977028906,774.1004170084988,27.980451977028906
1119,3.6,-2.7,857.3584317508555,32.385513386342495,857.3584317508555,32.385513386342495
1120,3.6,-2.6,936.4596862786235,37.0699090820765,936.4596862786235,37.0699090820765
1121,3.6,-2.5,1010.9023212241074,42.06736401374,1010.9023212241074,42.06736401374
1122,3.6,-2.4,1080.1029986017775,47.417078493960574,1080.1029986017775,47.417078493960574
1123,3.6,-2.3,1143.3834229244278,53.1646339794785,1143.3834229244278,53.1646339794785
1124,3.6,-2.2,1199.9565199558708,59.362921858965436,1199.9565199558708,59.362921858965436
1125,3.6,-2.1,1248.9143769781826,66.07295386706613,1248.9143769781826,66.07295386706613
1126,3.6,-2.0,1289.2221567556994,73.364271066017,1289.2221567556994,73.364271066017
1127,3.6,-1.9,1319.7257081399334,81.31443241299651,1319.7257081399334,81.31443241299651
1128,3.6,-1.8,1339.1858383286244,90.00671166431646,1339.1858383286244,90.00671166431646
1129,3.6,-1.7,1346.3585476139103,99.52470560034526,1346.3585476139103,99.52470560034526
1130,3.6,-1.6,1340.1444550182623,109.94229262277275,1340.1444550182623,109.94229262277275
1131,3.6,-1.5,1319.8230559186425,121.30789064226724,1319.8230559186425,121.30789064226724
1132,3.6,-1.4,1285.35384967869,133.62422130159203,1285.35384967869,133.62422130159203
1133,3.6,-1.3,1237.6601252892137,146.82923958056483,1237.6601252892137,146.82923958056483
1134,3.6,-1.2,1178.7447722421668,160.78835130532642,1178.7447722421668,160.78835130532642
1135,3.6,-1.1,1111.5034862327182,175.30696572516135,1111.5034862327182,175.30696572516135
1136,3.6,-1.0,1039.2497914751025,190.1624140128731,1039.2497914751025,190.1624140128731
1137,3.6,-0.9,965.1489917742765,205.14198775276859,965.1489917742765,205.14198775276859
1138,3.6,-0.8,891.7974971360298,220.07120819245878,891.7974971360298,220.07120819245878
1139,3.6,-0.7,821.0548318515987,234.82511529957264,821.0548318515987,234.82511529957264
1140,3.6,-0.6,754.0841878000842,249.32554257983438,754.0841878000842,249.32554257983438
1141,3.6,-0.5,691.4967117368897,263.5314209712813,691.4967117368897,263.5314209712813
1142,3.6,-0.4,Period-2 oscillations,Period-2 oscillations,,
1143,3.6,-0.3,Period-2 oscillations,Period-2 oscillations,,
1144,3.6,-0.2,Period-2 oscillations,Period-2 oscillations,,
1145,3.6,-0.1,Period-2 oscillations,Period-2 oscillations,,
1146,3.6,0.0,Period-2 oscillations,Period-2 oscillations,,
1147,3.7,-3.0,714.222105291926,22.004274524382605,714.222105291926,22.004274524382605
1148,3.7,-2.9,806.4251645598538,25.80822894157782,806.4251645598538,25.80822894157782
1149,3.7,-2.8,895.3715864835411,29.83102938830606,895.3715864835411,29.83102938830606
1150,3.7,-2.7,980.6879355238486,34.097770732797365,980.6879355238486,34.097770732797365
1151,3.7,-2.6,1061.9388554938598,38.637708910812634,1061.9388554938598,38.637708910812634
1152,3.7,-2.5,1138.6144840654897,43.48510667079914,1138.6144840654897,43.48510667079914
1153,3.7,-2.4,1210.115299853955,48.680251849814255,1210.115299853955,48.680251849814255
1154,3.7,-2.3,1275.7342216656573,54.27066030406788,1275.7342216656573,54.27066030406788
1155,3.7,-2.2,1334.6362070313635,60.31244688749238,1334.6362070313635,60.31244688749238
1156,3.7,-2.1,1385.836578492193,66.87178192532468,1385.836578492193,66.87178192532468
1157,3.7,-2.0,1428.181350595356,74.02621323999209,1428.181350595356,74.02621323999209
1158,3.7,-1.9,1460.3367869608069,81.86536791623384,1460.3367869608069,81.86536791623384
1159,3.7,-1.8,1480.8024644690126,90.49007438768236,1480.8024644690126,90.49007438768236
1160,3.7,-1.7,1487.9731674811535,100.00820314526655,1487.9731674811535,100.00820314526655
1161,3.7,-1.6,1480.2882191293943,110.52463167450473,1480.2882191293943,110.52463167450473
1162,3.7,-1.5,1456.5120296954497,122.12239160446582,1456.5120296954497,122.12239160446582
1163,3.7,-1.4,1416.1600112044455,134.8340472470613,1416.1600112044455,134.8340472470613
1164,3.7,-1.3,1359.9844574165404,148.6090444616085,1359.9844574165404,148.6090444616085
1165,3.7,-1.2,1290.2817333590865,163.29306751826942,1290.2817333590865,163.29306751826942
1166,3.7,-1.1,1210.7271586485592,178.63913493881682,1210.7271586485592,178.63913493881682
1167,3.7,-1.0,1125.6749942290512,194.35464038780776,1125.6749942290512,194.35464038780776
1168,3.7,-0.9,1039.2532575455766,210.16218109293726,1039.2532575455766,210.16218109293726
1169,3.7,-0.8,954.7095823782087,225.84351606418437,954.7095823782087,225.84351606418437
1170,3.7,-0.7,874.2033888665658,241.25353226816685,874.2033888665658,241.25353226816685
1171,3.7,-0.6,798.9332136833251,256.3116880404806,798.9332136833251,256.3116880404806
1172,3.7,-0.5,729.3952280385114,270.9846406758123,729.3952280385114,270.9846406758123
1173,3.7,-0.4,Period-2 oscillations,Period-2 oscillations,,
1174,3.7,-0.3,Period-2 oscillations,Period-2 oscillations,,
1175,3.7,-0.2,Period-2 oscillations,Period-2 oscillations,,
1176,3.7,-0.1,Period-2 oscillations,Period-2 oscillations,,
1177,3.7,0.0,Period-2 oscillations,Period-2 oscillations,,
1178,3.8,-3.0,837.1115782102689,23.746101944269913,837.1115782102689,23.746101944269913
1179,3.8,-2.9,931.440989811938,27.407165484637762,931.440989811938,27.407165484637762
1180,3.8,-2.8,1022.6421122184747,31.27845005891848,1022.6421122184747,31.27845005891848
1181,3.8,-2.7,1110.3490346658293,35.38454487045619,1110.3490346658293,35.38454487045619
1182,3.8,-2.6,1194.1323337181875,39.75430717413777,1194.1323337181875,39.75430717413777
1183,3.8,-2.5,1273.4849534058717,44.42181113112539,1273.4849534058717,44.42181113112539
1184,3.8,-2.4,1347.804557988891,49.42753370314647,1347.804557988891,49.42753370314647
1185,3.8,-2.3,1416.3716064141881,54.81982804896655,1416.3716064141881,54.81982804896655
1186,3.8,-2.2,1478.3225025493189,60.65672782868575,1478.3225025493189,60.65672782868575
1187,3.8,-2.1,1532.617693548806,67.00809099352024,1532.617693548806,67.00809099352024
1188,3.8,-2.0,1578.0060569451966,73.95799297328276,1578.0060569451966,73.95799297328276
1189,3.8,-1.9,1612.9904231176392,81.60704356649465,1612.9904231176392,81.60704356649465
1190,3.8,-1.8,1635.8066516784427,90.07379300720862,1635.8066516784427,90.07379300720862
1191,3.8,-1.7,1644.4435033551538,99.49339657453365,1644.4435033551538,99.49339657453365
1192,3.8,-1.6,1636.7555644877955,110.01002606642012,1636.7555644877955,110.01002606642012
1193,3.8,-1.5,1610.7519870266792,121.75746647180719,1610.7519870266792,121.75746647180719
1194,3.8,-1.4,1565.1471022096646,134.82211473151057,1565.1471022096646,134.82211473151057
1195,3.8,-1.3,1500.151220304331,149.1898379955489,1500.151220304331,149.1898379955489
1196,3.8,-1.2,1418.186032532214,164.69789861383524,1418.186032532214,164.69789861383524
1197,3.8,-1.1,1323.917626731776,181.03273548362463,1323.917626731776,181.03273548362463
1198,3.8,-1.0,1223.2536177914385,197.7973568844153,1223.2536177914385,197.7973568844153
1199,3.8,-0.9,1121.8106931842628,214.6143214180175,1121.8106931842628,214.6143214180175
1200,3.8,-0.8,1023.8050905237366,231.20029791680486,1023.8050905237366,231.20029791680486
1201,3.8,-0.7,931.7841051883164,247.38410813134513,931.7841051883164,247.38410813134513
1202,3.8,-0.6,846.9313659771973,263.08621220633233,846.9313659771973,263.08621220633233
1203,3.8,-0.5,769.5291656079398,278.28764007114677,769.5291656079398,278.28764007114677
1204,3.8,-0.4,Period-2 oscillations,Period-2 oscillations,,
1205,3.8,-0.3,Period-2 oscillations,Period-2 oscillations,,
1206,3.8,-0.2,Period-2 oscillations,Period-2 oscillations,,
1207,3.8,-0.1,Period-2 oscillations,Period-2 oscillations,,
1208,3.8,0.0,Period-2 oscillations,Period-2 oscillations,,
1209,3.9,-3.0,965.424491874208,25.123474146053223,965.424491874208,25.123474146053223
1210,3.9,-2.9,1062.128267521997,28.62498042252181,1062.128267521997,28.62498042252181
1211,3.9,-2.8,1155.8671654670065,32.32572648061719,1155.8671654670065,32.32572648061719
1212,3.9,-2.7,1246.2904358209216,36.249282712834066,1246.2904358209216,36.249282712834066
1213,3.9,-2.6,1332.9843541386106,40.423451401885345,1332.9843541386106,40.423451401885345
1214,3.9,-2.5,1415.4572435564708,44.88127323300516,1415.4572435564708,44.88127323300516
1215,3.9,-2.4,1493.1202142695718,49.662321601084805,1493.1202142695718,49.662321601084805
1216,3.9,-2.3,1565.2623179817779,54.814372231624546,1565.2623179817779,54.814372231624546
1217,3.9,-2.2,1631.0185247013715,60.39555514006783,1631.0185247013715,60.39555514006783
1218,3.9,-2.1,1689.3287802188606,66.47710596929255,1689.3287802188606,66.47710596929255
1219,3.9,-2.0,1738.886786946289,73.1468079172094,1738.886786946289,73.1468079172094
1220,3.9,-1.9,1778.0790493377729,80.5130878845017,1778.0790493377729,80.5130878845017
1221,3.9,-1.8,1804.9204376314099,88.70934659116925,1804.9204376314099,88.70934659116925
1222,3.9,-1.7,1817.00702213168,97.8971281127511,1817.00702213168,97.8971281127511
1223,3.9,-1.6,1811.539414249678,108.26455136242163,1811.539414249678,108.26455136242163
1224,3.9,-1.5,1785.531179793941,120.01230471784719,1785.531179793941,120.01230471784719
1225,3.9,-1.4,1736.3955007685267,133.31422234835497,1736.3955007685267,133.31422234835497
1226,3.9,-1.3,1663.0869674262633,148.2405557889551,1663.0869674262633,148.2405557889551
1227,3.9,-1.2,1567.5795651153096,164.65865322425117,1567.5795651153096,164.65865322425117
1228,3.9,-1.1,1455.6133986386612,182.182779611482,1455.6133986386612,182.182779611482
1229,3.9,-1.0,1335.4600492392099,200.2570846911251,1335.4600492392099,200.2570846911251
1230,3.9,-0.9,1215.1941885208532,218.33895053139867,1215.1941885208532,218.33895053139867
1231,3.9,-0.8,1100.5853478617778,236.0406646236885,1100.5853478617778,236.0406646236885
1232,3.9,-0.7,994.7062583880222,253.15573943632484,994.7062583880222,253.15573943632484
1233,3.9,-0.6,898.6185581729287,269.6128328907792,898.6185581729287,269.6128328907792
1234,3.9,-0.5,812.2177750454467,285.4189655169461,812.2177750454467,285.4189655169461
1235,3.9,-0.4,Period-2 oscillations,Period-2 oscillations,,
1236,3.9,-0.3,Period-2 oscillations,Period-2 oscillations,,
1237,3.9,-0.2,Period-2 oscillations,Period-2 oscillations,,
1238,3.9,-0.1,Period-2 oscillations,Period-2 oscillations,,
1239,3.9,0.0,Period-2 oscillations,Period-2 oscillations,,
1240,4.0,-3.0,1099.0406523229005,26.14446816390112,1099.0406523229005,26.14446816390112
1241,4.0,-2.9,1198.3471210372838,29.471073466294552,1198.3471210372838,29.471073466294552
1242,4.0,-2.8,1294.8849540831798,32.98373108561035,1294.8849540831798,32.98373108561035
1243,4.0,-2.7,1388.3261359034534,36.70448366728792,1388.3261359034534,36.70448366728792
1244,4.0,-2.6,1478.2825393260418,40.65941335728999,1478.2825393260418,40.65941335728999
1245,4.0,-2.5,1564.2909546400379,44.87964784818949,1564.2909546400379,44.87964784818949
1246,4.0,-2.4,1645.7934407682346,49.40268078037464,1645.7934407682346,49.40268078037464
1247,4.0,-2.3,1722.111291501172,54.274121211121255,1722.111291501172,54.274121211121255
1248,4.0,-2.2,1792.410256156925,59.550030786254645,1792.410256156925,59.550030786254645
1249,4.0,-2.1,1855.6538156250588,65.30006358999607,1855.6538156250588,65.30006358999607
1250,4.0,-2.0,1910.5403955568515,71.61168541857957,1910.5403955568515,71.61168541857957
1251,4.0,-1.9,1955.4198767689065,78.59578428112953,1955.4198767689065,78.59578428112953
1252,4.0,-1.8,1988.186211098406,86.39388661418712,1988.186211098406,86.39388661418712
1253,4.0,-1.7,2006.1509294224102,95.18665754281403,2006.1509294224102,95.18665754281403
1254,4.0,-1.6,2005.9288914160409,105.20157849684207,2005.9288914160409,105.20157849684207
1255,4.0,-1.5,1983.4404423733429,116.71280227251134,1983.4404423733429,116.71280227251134
1256,4.0,-1.4,1934.297106956742,130.01523441250694,1934.297106956742,130.01523441250694
1257,4.0,-1.3,1855.0709446136805,145.3392325219607,1855.0709446136805,145.3392325219607
1258,4.0,-1.2,1745.8263415958834,162.68046984475666,1745.8263415958834,162.68046984475666
1259,4.0,-1.1,1612.7692920463603,181.62190357448458,1612.7692920463603,181.62190357448458
1260,4.0,-1.0,1467.6689970237958,201.37264340000095,1467.6689970237958,201.37264340000095
1261,4.0,-0.9,1322.9705924255445,221.09637618900345,1322.9705924255445,221.09637618900345
1262,4.0,-0.8,1187.2030301907569,240.21995637118115,1187.2030301907569,240.21995637118115
1263,4.0,-0.7,1064.208307150121,258.4852017595119,1064.208307150121,258.4852017595119
1264,4.0,-0.6,954.6956605123648,275.8444516135693,954.6956605123648,275.8444516135693
1265,4.0,-0.5,857.8584838133755,292.35190988774184,857.8584838133755,292.35190988774184
1266,4.0,-0.4,Period-2 oscillations,Period-2 oscillations,,
1267,4.0,-0.3,Period-2 oscillations,Period-2 oscillations,,
1268,4.0,-0.2,Period-2 oscillations,Period-2 oscillations,,
1269,4.0,-0.1,Period-2 oscillations,Period-2 oscillations,,
1270,4.0,0.0,Period-2 oscillations,Period-2 oscillations,,
