rb,rnb,State variable,Smoothing,Residuals,Standard deviation,Variance,Lag-1 AC,Lag-2 AC,Lag-3 AC,Coefficient of variation,Skewness,Kurtosis,AIC fold,AIC hopf,AIC null,Params fold,Params hopf,Params null,Smax,Smax/Var
0.2,-2.220446049250313e-16,55.65259145024213,50.69652954062221,4.956061909619919,2.423154385289226,5.871677174946408,0.7335921945680481,0.48018893487198416,0.25833353424214256,0.04680568701943625,0.056991378551483445,-0.13588790386534147,0.9999999999999671,3.288919557936809e-14,1.3616273858072037e-19,"{'sigma': 1.401634457124996, 'lam': -0.6185699338034656}","{'sigma': 0.6033481855329843, 'mu': -0.18144425851709967, 'w0': 0.5360785347581878, 'delta': 8.27873325448536e-11, 'psi': 0.2}",{'sigma': 1.1279685547269287},0.8712274178986568,0.14837794925375963
0.4,-0.20000000000000018,59.657098372070465,55.43722862704473,4.219869745025733,2.879387561805778,8.290872731081823,0.737587822587151,0.5009320106609295,0.2909881295664897,0.05069023356444495,0.0680412832761674,0.0074091818177075925,0.9999999999999996,5.217106906691327e-16,1.3479089278187111e-20,"{'sigma': 1.6100030636175082, 'lam': -0.5900004305452624}","{'sigma': 0.7025828605008408, 'mu': -0.17953899706975807, 'w0': 0.5304494243026636, 'delta': 3.9528824657963924e-11, 'psi': 0.2}",{'sigma': 1.334546859724284},1.2646695439401423,0.15253756570149687
0.4,-2.220446049250313e-16,116.75169674926781,109.1000225140995,7.651674235168301,3.8647650427050895,14.936408835315273,0.5964079979703797,0.28916350839647903,0.04906755288785858,0.035033175445095606,0.2096675775389015,0.014294061473785409,0.7415659840612849,0.258434015937904,8.110815645465458e-13,"{'sigma': 2.8666511826810854, 'lam': -0.9179013984657312}","{'sigma': 1.129860140303506, 'mu': -0.21180491178602656, 'w0': 0.625800462471475, 'delta': 2.1131258275186582e-05, 'psi': 0.2}",{'sigma': 1.8491258192518247},2.0224722640642967,0.13540552393574107
0.6000000000000001,-0.40000000000000013,63.27687490708882,59.829361064632415,3.4475138424564022,3.612274113988924,13.048524274594465,0.7434119585074686,0.5238542209447113,0.3289437946712007,0.05865582822306945,0.09779182652102376,0.12285997920720994,1.0,1.565693059615312e-17,2.3213034437886057e-21,"{'sigma': 1.940389536173503, 'lam': -0.5615156663776695}","{'sigma': 0.8502022743536854, 'mu': -0.17543822588583868, 'w0': 0.5183336625681586, 'delta': 5.62143664950554e-11, 'psi': 0.2}",{'sigma': 1.6584735057922728},2.0283236524946697,0.15544467786627986
0.6000000000000001,-0.20000000000000018,126.42015836770489,119.32389906304773,7.096259304657153,4.754021272299956,22.60071825748049,0.5954223575456592,0.307440052587562,0.08018134871304959,0.03932526725963464,0.25596879018701935,0.00011967588138078424,0.9899955933379637,0.01000440666194868,8.775522268798544e-14,"{'sigma': 3.4463056617852112, 'lam': -0.8911889403614337}","{'sigma': 1.2654583813647373, 'mu': -0.19399312832185545, 'w0': 0.5731542741478564, 'delta': 1.7679648856017138e-09, 'psi': 0.2}",{'sigma': 2.269014382333692},2.90396615086729,0.12848999389238974
0.6000000000000001,-2.220446049250313e-16,183.21201813565588,173.93739280089358,9.274625334762305,5.331871802248728,28.428856915615103,0.4731691146385936,0.17626521871077078,-0.026124484093972996,0.030396980357674495,0.2782685925836559,0.13812193208249832,0.0001865103723596299,0.9998134896272008,4.39673076390663e-13,"{'sigma': 4.565026266371544, 'lam': -1.1774083360235803}","{'sigma': 1.4522553380665584, 'mu': -0.20658208529027955, 'w0': 0.6103484484642975, 'delta': 5.294464866523185e-10, 'psi': 0.2}",{'sigma': 2.565024670287374},3.740549682037255,0.13157580317563472
0.8,-0.6000000000000001,66.35984889283922,63.71458549006959,2.6452634027696362,4.653025839317581,21.650649461357084,0.7488163843509896,0.5428067694062868,0.3610793338571502,0.07051562895134679,0.13181963126192453,0.20414593599674755,0.999999999999998,1.9626081856763856e-15,1.2455750472799837e-21,"{'sigma': 2.4152829145137535, 'lam': -0.539733171528527}","{'sigma': 0.8707807794320124, 'mu': -0.12343146708517105, 'w0': 0.3646792715395494, 'delta': 7.272848989714475e-11, 'psi': 0.2}",{'sigma': 2.1148656688511815},3.4003380432006325,0.15705478254911878
0.8,-0.40000000000000013,135.43302322177522,128.7697564385171,6.663266783258109,6.143396421935264,37.741319597046996,0.5942313266159925,0.32315661261215456,0.11225689250946086,0.04696224072129693,0.2889211024981005,-0.025606341858091096,0.9999924909981823,7.50900181251224e-06,5.135077645528908e-15,"{'sigma': 4.3382503677901765, 'lam': -0.8644550730351224}","{'sigma': 1.5921371786743856, 'mu': -0.19118988701958606, 'w0': 0.5648720733631205, 'delta': 1.6629386756505937e-10, 'psi': 0.2}",{'sigma': 2.9187850800597577},4.509175615457495,0.11947583347907918
0.8,-0.20000000000000018,198.85129924856196,189.7819409019254,9.069358346636562,6.85507805348672,46.99209511939528,0.4642746441811616,0.18896873664304142,0.003054554092883625,0.035758902885303034,0.3110697768838284,0.07557604403694454,0.9999364599987315,6.35396887776731e-05,3.124908997522727e-10,"{'sigma': 5.795369637339927, 'lam': -1.1643565508636038}","{'sigma': 2.1121774418290453, 'mu': -0.24579436957013567, 'w0': 0.7262356519429493, 'delta': 3.419179476638057e-05, 'psi': 0.2}",{'sigma': 3.2907195604636024},5.7935523875787425,0.1232878077229534
0.8,-2.220446049250313e-16,256.36251494508264,246.13134912410203,10.231165820980607,7.061289256755764,49.86180596757437,0.35043099133001143,0.10293677279805714,-0.04070521307724329,0.028480665711818374,0.29046080870812324,0.16760924440775005,0.8972562933934248,0.10274338156998723,3.250365881304751e-07,"{'sigma': 7.1062366044880925, 'lam': -1.5294090452183184}","{'sigma': 1.872473399088602, 'mu': -0.21534523817704065, 'w0': 0.6362392546647833, 'delta': 3.90481869061432e-10, 'psi': 0.2}",{'sigma': 3.4053938473918564},5.7812320355673785,0.11594509912711488
1.0,-0.8,68.75877336364923,67.01035726736139,1.7484160962878406,6.033458694096172,36.40262381336469,0.7528351328706417,0.5563437219201126,0.38439069234678214,0.08632439270210851,0.1723705532830574,0.26296813992254897,0.9999999999999958,4.156584882490449e-15,1.4528729477881341e-21,"{'sigma': 3.054259850118241, 'lam': -0.5248443894750454}","{'sigma': 1.1135035238859259, 'mu': -0.12194127138682664, 'w0': 0.36027647625957093, 'delta': 8.02777844199909e-11, 'psi': 0.2}",{'sigma': 2.7197864829024607},5.750513902939407,0.1579697642791394
1.0,-0.6000000000000001,143.56839562501995,137.12363424161177,6.444761383408178,8.0891150029533,65.43378153100416,0.5925236017293123,0.3334130516322096,0.13649769381483107,0.057837091635112595,0.31244124278201973,-0.03556780039967817,0.9999999582850301,4.171496937715147e-08,6.66690477655519e-16,"{'sigma': 5.594122753556755, 'lam': -0.8451263674541871}","{'sigma': 2.0464041205726313, 'mu': -0.18860022139116506, 'w0': 0.5572208851124523, 'delta': 3.658984226717621e-11, 'psi': 0.2}",{'sigma': 3.8264861104392542},7.581511149380928,0.11586539814741746
1.0,-0.40000000000000013,213.31890098064505,204.10634905246263,9.212551928182421,9.163760577996737,83.97450793084708,0.45414032295889895,0.19512561693807737,0.027647777573940012,0.044340175384882816,0.32413072802594467,0.019697690403649572,0.9976674755107334,0.002332524450021513,3.9244998857365733e-11,"{'sigma': 7.686874103019843, 'lam': -1.161456267785892}","{'sigma': 2.386607777081824, 'mu': -0.2040286971212517, 'w0': 0.6028044419977805, 'delta': 1.356317280709618e-10, 'psi': 0.2}",{'sigma': 4.386494571534464},9.621801921631606,0.11458003337816698
1.0,-0.20000000000000018,277.8336408709276,267.4402116008014,10.393429270126205,9.547510265402828,91.15495226797238,0.33065093225489256,0.10781904129154712,-0.014215170870437872,0.03538351049191239,0.2944240415632014,0.05644982908113882,0.9999209504189829,7.891619832410288e-05,1.333826930261274e-07,"{'sigma': 9.782325625174867, 'lam': -1.5809026960946517}","{'sigma': 2.477292638935896, 'mu': -0.21594074008593145, 'w0': 0.6379986700036423, 'delta': 5.054940910298455e-10, 'psi': 0.2}",{'sigma': 4.5951793311517735},9.705867137419526,0.10647657528125017
1.0,-2.220446049250313e-16,337.0063493372145,326.32340943576634,10.682939901448151,9.41419089801374,88.62699026424475,0.2256030677773173,0.05552170703831657,-0.02506234013489535,0.02865281654876944,0.2604498012579057,0.0964884585632453,0.999811911155155,8.522249157543902e-08,0.00018800362235342653,"{'sigma': 12.483923714079141, 'lam': -2.2586665353781514}","{'sigma': 2.3949712001817183, 'mu': -0.22402836658436254, 'w0': 0.6618936293153371, 'delta': 1.6756929177574875e-09, 'psi': 0.2}",{'sigma': 4.548136518785314},8.587897523931954,0.09689934745980665
1.2000000000000002,-1.0,70.32711396117233,69.54946105200752,0.7776529091648143,7.7986852082487905,60.81949097735848,0.7556936270145541,0.5658088222909442,0.40074191855537844,0.10654101198396268,0.22026093358510826,0.3249937188366351,0.9999999999999902,9.796934541469078e-15,2.28556894664864e-21,"{'sigma': 3.877865767732275, 'lam': -0.5147444938513237}","{'sigma': 1.4238892139101318, 'mu': -0.12086036465083438, 'w0': 0.3570829285426505, 'delta': 8.918354943432405e-11, 'psi': 0.2}",{'sigma': 3.49335414171346},9.64544323586575,0.15859131802757934
1.2000000000000002,-0.8,150.6569946659227,144.33383936681952,6.323155299103178,10.659522475101445,113.62541939719283,0.5901529466909823,0.3387486028350234,0.15204593371576192,0.07209910577076907,0.33659028383495165,-0.03469234223920874,0.9999999981182919,1.8817078848329555e-09,2.2159395451865253e-16,"{'sigma': 7.271639572375169, 'lam': -0.8337375269829228}","{'sigma': 2.64914822505382, 'mu': -0.18670920535193836, 'w0': 0.5516338628821124, 'delta': 4.4601877746686114e-11, 'psi': 0.2}",{'sigma': 5.0261907430758965},13.462200068517156,0.11847877121102839
1.2000000000000002,-0.6000000000000001,226.3641586889866,216.55172626173902,9.812432427247586,12.34370167386564,152.3669710133934,0.444093314669949,0.19587836171555045,0.0434046075708272,0.05610784578962724,0.33425308812695254,-0.009301312984523328,0.9999864336673325,1.35663224971575e-05,1.0170307995418037e-11,"{'sigma': 10.344512417640733, 'lam': -1.1686825309265607}","{'sigma': 3.1535391296895714, 'mu': -0.20300638053807063, 'w0': 0.5997839994007029, 'delta': 1.8228996090385863e-10, 'psi': 0.2}",{'sigma': 5.895343925718304},16.456210074317696,0.10800378825454998
1.2000000000000002,-0.40000000000000013,297.2719072697899,286.23646947011946,11.035437799670433,13.196023138795882,174.13502667963633,0.3104870298638291,0.10541080380247002,0.003938928563911971,0.04560009021613654,0.2891778745350479,-0.018021900282193595,0.9999997836884572,1.4126936162235574e-07,7.504218104070242e-08,"{'sigma': 13.939895063617271, 'lam': -1.6608137620019419}","{'sigma': 3.3596401438888064, 'mu': -0.21703599605574797, 'w0': 0.6412346162376887, 'delta': 4.085899618644362e-09, 'psi': 0.2}",{'sigma': 6.339449666131227},17.116106046309323,0.09829214933190068
1.2000000000000002,-0.20000000000000018,363.6055553505593,352.5832115493288,11.022343801230534,13.379864895592497,179.02078462430842,0.19305964940498896,0.053090755052475416,-0.0024062483131624276,0.037638657282066314,0.2386129057570143,-0.040146935742381165,0.9995308583476572,3.12621390432205e-14,0.00046914165231156415,"{'sigma': 19.682503390966396, 'lam': -2.592335034134707}","{'sigma': 7.515247800158919, 'mu': -0.7142896056765011, 'w0': 2.1103744383095955, 'delta': 4.1869174793873754e-11, 'psi': 0.2}",{'sigma': 6.453806472177227},15.574182882207458,0.08699650666201308
1.2000000000000002,-2.220446049250313e-16,425.33181895173067,414.8346774764895,10.497141475241165,12.959890407735722,167.95875938052038,0.09714656812403309,0.027605951172544923,0.0029227098543862396,0.031037778280929743,0.19735645608749314,-0.028323175013929357,0.5012123892879589,7.503068797687036e-12,0.49878761070453814,"{'sigma': 22.126189564315705, 'lam': -3.141592494965215}","{'sigma': 7.8970654884807026, 'mu': -0.7547498012894931, 'w0': 2.229914489498462, 'delta': 7.485364550419149e-08, 'psi': 0.2}",{'sigma': 6.272759101142834},13.083320191154376,0.0778960278071199
1.4000000000000001,-1.0,156.57196082275044,150.12735697996663,6.444603842783806,13.9508936211208,194.627432827829,0.5874037039019878,0.3409041138765675,0.16128796472997942,0.09021592662339617,0.36681874335114795,-0.019056117160845217,0.9999999996394549,3.605450338892434e-10,1.416906453567881e-16,"{'sigma': 9.443576503310737, 'lam': -0.8285363000201951}","{'sigma': 3.4263522700092377, 'mu': -0.18554388189079374, 'w0': 0.5481909052731089, 'delta': 6.114597717044035e-11, 'psi': 0.2}",{'sigma': 6.563210655568583},23.33497448130703,0.11989560845695156
1.4000000000000001,-0.8,237.86040888307053,227.1068375423176,10.753571340752927,16.514352233684683,272.7238296982063,0.43450446571292584,0.19331054088593772,0.05188727116039827,0.0713341198160948,0.3500036040242947,-0.020686241975892142,0.9999994211781855,5.788162209871013e-07,5.593479297760199e-12,"{'sigma': 13.903967570368025, 'lam': -1.1833068831452989}","{'sigma': 4.165133970160126, 'mu': -0.20258632467983317, 'w0': 0.5985429410169227, 'delta': 2.4150548227908075e-10, 'psi': 0.2}",{'sigma': 7.87584891027059},28.26672496315612,0.10364596667051726
1.4000000000000001,-0.6000000000000001,314.4726869370754,302.18514422408725,12.28754271298817,18.138585346269938,329.0082783639185,0.2917846156283654,0.0994940126142095,0.014149943370627324,0.05921517662333709,0.28894273703592743,-0.05412419444996541,0.9999999151941984,1.7519607227160925e-09,8.305384095146654e-08,"{'sigma': 19.887341502382213, 'lam': -1.7565663310058492}","{'sigma': 4.5589861291549, 'mu': -0.21851184902595144, 'w0': 0.6455950350908642, 'delta': 3.3582678860000215e-09, 'psi': 0.2}",{'sigma': 8.703051181611633},30.433905185904404,0.0925019435293395
1.4000000000000001,-0.40000000000000013,386.9109616952839,375.02848895878566,11.882472736498244,19.019488030215417,361.7409249315075,0.16252582060878676,0.04614240230498342,0.011318733643704317,0.05021590928084475,0.2202451113871794,-0.10699534073705666,0.9981546361691437,1.1682515713300918e-14,0.00184536383084465,"{'sigma': 31.55173472098501, 'lam': -3.0192797165892786}","{'sigma': 10.894385802989866, 'mu': -0.7232310877375956, 'w0': 2.136792124690721, 'delta': 5.090377008798441e-09, 'psi': 0.2}",{'sigma': 9.163773823314312},28.763963545568064,0.07951537015341649
1.4000000000000001,-0.20000000000000018,455.55923955568073,444.9418729860828,10.617366569597948,19.196222238650222,368.4949482356493,0.05168761372190214,0.02291407962953578,0.02109754433291685,0.04281368200926113,0.15906415887210776,-0.13848967510772697,0.006024477249016993,2.338299572850734e-12,0.9939755227486448,"{'sigma': 32.527247499613914, 'lam': -3.1415922444665263}","{'sigma': 12.024165193192418, 'mu': -0.7670363509835219, 'w0': 2.2662151318015633, 'delta': 6.348800596356341e-09, 'psi': 0.2}",{'sigma': 9.282670504076235},25.2241659390713,0.06845186361399089
1.4000000000000001,-2.220446049250313e-16,520.5036160503353,511.40453417058654,9.099081879748724,18.624359501121088,346.86676682699937,-0.03648982220451858,0.019325925593440763,0.030915972110670653,0.036197151267626994,0.11114221595268688,-0.13934639485717787,3.0644200918287823e-06,4.519615130945247e-09,0.9999969310602932,"{'sigma': 31.253157831224225, 'lam': -3.1415924718642105}","{'sigma': 12.461589331839354, 'mu': -0.7975900557197568, 'w0': 2.3564862942460056, 'delta': 1.2817280570232015e-10, 'psi': 0.2}",{'sigma': 9.03684068792692},20.961800104943404,0.06043184908342099
1.6,-1.0,247.77403907032345,235.35862778577692,12.415411284546536,21.843760051153453,477.14985317236744,0.4257106392861101,0.1891177063602314,0.055649921035502356,0.09060401002433693,0.37434538928217675,-0.01519762409013293,0.9999998966646739,1.0333000642516292e-07,5.319503096376295e-12,"{'sigma': 18.540610659725044, 'lam': -1.2024379584697549}","{'sigma': 5.468672416192225, 'mu': -0.2027478825749509, 'w0': 0.599020267183841, 'delta': 2.2958408507633976e-09, 'psi': 0.2}",{'sigma': 10.407792423373667},48.171487389311295,0.10095672684176567
1.6,-0.8,329.4250787291447,315.1543218558299,14.270756873314781,24.57233411962783,603.799604086626,0.2750863529652737,0.09226834827714428,0.01907325097698287,0.0766634479766007,0.2963037812600696,-0.06511294745904302,0.999999851349363,1.0598237924052743e-10,1.485446546260305e-07,"{'sigma': 28.016583220671862, 'lam': -1.8587869035850355}","{'sigma': 6.128059055671713, 'mu': -0.2201326216736721, 'w0': 0.6503836195331082, 'delta': 1.8560843972892371e-09, 'psi': 0.2}",{'sigma': 11.780909576387288},53.528327486702686,0.08865247198642263
1.6,-0.6000000000000001,406.86656415066784,393.41557757251843,13.450986578149411,26.54776731793338,704.7839495671317,0.1354653734302478,0.03830776020601966,0.0190394748038264,0.0666577789066289,0.2083845570269389,-0.12791581978333413,0.9891364389618528,1.1184656575543921e-14,0.010863561038136054,"{'sigma': 45.33132137650618, 'lam': -3.141591784739215}","{'sigma': 15.460476895855106, 'mu': -0.7304699854639831, 'w0': 2.1581795017356225, 'delta': 4.040079382150452e-11, 'psi': 0.2}",{'sigma': 12.781949920701294},52.38749139018196,0.07433127758138876
1.6,-0.40000000000000013,480.81945455469804,469.5847305428191,11.234724011878939,27.83417048629153,774.7410466599425,0.011403594441998169,0.017892574350253865,0.031718494086338374,0.05871214349531466,0.1271876149054458,-0.1681639448560907,3.514576695110628e-05,3.271549013125694e-12,0.9999648542297772,"{'sigma': 46.86100778102966, 'lam': -3.1415925796211415}","{'sigma': 17.858555340355572, 'mu': -0.7777400717259142, 'w0': 2.2978393578710463, 'delta': 2.5966737648985827e-09, 'psi': 0.2}",{'sigma': 13.452934441630527},47.88112485678731,0.06180274694778602
1.6,-0.20000000000000018,551.8167579260704,543.4921171225109,8.324640803559532,28.354985728495148,804.0052156631634,-0.09348633875212335,0.021204724920203432,0.0430546651351897,0.05178091903059856,0.05902534119872998,-0.18564797391605756,1.3544403216362404e-07,8.41737036023262e-06,0.9999914471856075,"{'sigma': 47.16123003451867, 'lam': -3.141592647012572}","{'sigma': 19.692941151460076, 'mu': -0.8156728670770654, 'w0': 2.4099121260132152, 'delta': 1.8951711533432558e-08, 'psi': 0.2}",{'sigma': 13.757272835978466},50.29171260790533,0.06255147557273429
1.6,-2.220446049250313e-16,620.1693337944914,614.7381023081847,5.431231486306729,27.95360585390449,781.4040802354435,-0.17656050618291813,0.037990637303821684,0.04732852442441962,0.04520774411315997,0.005597299935960465,-0.19180701607539702,2.373148264071265e-09,0.9914218027854532,0.008578194841398507,"{'sigma': 46.05466730863506, 'lam': -3.141592498765714}","{'sigma': 20.75977669617669, 'mu': -0.8488956942561696, 'w0': 2.508069219814577, 'delta': 1.6375500955234656e-10, 'psi': 0.2}",{'sigma': 13.613053924355993},54.9071061483392,0.0702672375754619
1.8,-1.0,342.24184363918187,325.07836662322734,17.163477015954527,32.77027294227435,1073.8907887111584,0.2609060577226426,0.08465610533825828,0.020535780172835666,0.09870649884826259,0.31044940805093707,-0.05587705475349105,0.9999996687789359,2.0058219732944997e-11,3.3120100593276893e-07,"{'sigma': 38.786084680184246, 'lam': -1.9591345810263505}","{'sigma': 8.139610577357265, 'mu': -0.22174307085240152, 'w0': 0.6551417029659136, 'delta': 1.1739831329293793e-10, 'psi': 0.2}",{'sigma': 15.702903217297276},92.59813361025518,0.08622676959673695
1.8,-0.8,423.6367775326635,407.8395527987938,15.797224733869655,36.28327984438877,1316.4763962662287,0.11272072958335516,0.03051605926076487,0.02296643054834844,0.08761614375580491,0.20030898610856823,-0.11825516336960337,0.908198520691883,2.902456741479395e-14,0.09180147930808795,"{'sigma': 61.72773280835764, 'lam': -3.141592257979117}","{'sigma': 21.40933638614709, 'mu': -0.7359102787628142, 'w0': 2.174252893713945, 'delta': 1.3053607084145824e-09, 'psi': 0.2}",{'sigma': 17.460413385136743},93.25291404799059,0.07083523435169302
1.8,-0.6000000000000001,501.28955996739563,489.09186515117864,12.197694816216995,39.23452735666413,1539.348136900826,-0.022448898900980143,0.013636513755340364,0.037738813026437536,0.07927528407353528,0.0962160715858259,-0.15382297405804168,1.027491191609511e-06,3.583768914400041e-11,0.9999989724729708,"{'sigma': 65.70493991975715, 'lam': -3.1415926510832075}","{'sigma': 25.69586314358621, 'mu': -0.7870506779916715, 'w0': 2.3253476172870093, 'delta': 2.2095036911196075e-10, 'psi': 0.2}",{'sigma': 18.95797652424386},88.10461552765527,0.05723501618356232
1.8,-0.40000000000000013,576.076914732648,568.9753259274347,7.101588805213282,41.58172813945694,1729.0401150637051,-0.1415240926568105,0.025372948469835652,0.04836322674289952,0.07241558817964426,0.006257368389919697,-0.17044358897939138,7.720264613826796e-08,0.06343378172271877,0.9365661410746351,"{'sigma': 68.66060494040252, 'lam': -3.141592471712091}","{'sigma': 29.885116439498425, 'mu': -0.8331554001222718, 'w0': 2.461564404952182, 'delta': 1.2092914669636912e-08, 'psi': 0.2}",{'sigma': 20.18151575440683},113.4546145777498,0.06561710951024965
1.8,-0.20000000000000018,648.7954711520567,646.9704883975799,1.8249827544768777,43.15324313424339,1862.2023930031244,-0.24250256888536448,0.05644857835343383,0.047156282634053276,0.06621157120335718,-0.06679292156948302,-0.18141112320901678,1.9453994867675076e-14,0.9999999725965666,2.7403413929314217e-08,"{'sigma': 70.40937787022236, 'lam': -3.1415926355133994}","{'sigma': 34.04545581876631, 'mu': -0.8828166529160657, 'w0': 2.6082889692444615, 'delta': 1.877190403121176e-09, 'psi': 0.2}",{'sigma': 21.042436890615605},138.8675137495634,0.07457165465544023
1.8,-2.220446049250313e-16,720.0642841356023,722.824531766121,-2.760247630518734,43.67241523515628,1907.2798524719105,-0.3240062823748531,0.09697483637224372,0.03382474858926607,0.06005625574325963,-0.12359958315953756,-0.19473737850444017,6.140930918595632e-19,0.9999999999998745,1.2555283018307673e-13,"{'sigma': 70.58297967388954, 'lam': -3.141592377452834}","{'sigma': 38.110224211846194, 'mu': -0.9397037780235376, 'w0': 2.776362570462731, 'delta': 1.301801646480527e-07, 'psi': 0.2}",{'sigma': 21.39438387536391},155.12670703889296,0.08133400394170923
2.0,-1.0,437.49507908589123,418.48769500344326,19.00738408244797,48.662041782375624,2367.994310429671,0.0956473679068462,0.022417286100674994,0.023948252101844234,0.11411862233017063,0.19321228015746833,-0.07870538315099906,0.5710212905222634,7.718189806941036e-14,0.4289787094776594,"{'sigma': 82.54687193099309, 'lam': -3.141592647854306}","{'sigma': 28.941848398566002, 'mu': -0.7383725254243183, 'w0': 2.181527620984379, 'delta': 8.269189777365682e-10, 'psi': 0.2}",{'sigma': 23.40441288372816},162.63565430522624,0.06868076227586717
2.0,-0.8,517.3157162480135,503.85310637443513,13.462609873578344,53.90365069079128,2905.6035577948437,-0.047990033177101085,0.008912835178067364,0.04066974085096166,0.10544634245762037,0.06199378652232274,-0.10245433269428891,1.6720829520823565e-07,8.045130005185166e-10,0.9999998319871917,"{'sigma': 89.8962210451694, 'lam': -3.1415926535897927}","{'sigma': 35.7999086162224, 'mu': -0.7929018333947648, 'w0': 2.3426349093742393, 'delta': 6.172572453166936e-09, 'psi': 0.2}",{'sigma': 26.037309934162728},164.04427574163063,0.05645790021888916
2.0,-0.6000000000000001,593.7093679276146,588.3257180028831,5.383649924731458,58.902608192016224,3469.5172518221766,-0.17822198107425044,0.029451448820306925,0.04976846997255715,0.0989979784148955,-0.05376804473288426,-0.11164574238491812,9.863987551925893e-10,0.9917733247099091,0.00822667430369215,"{'sigma': 96.71427908291028, 'lam': -3.141592647610894}","{'sigma': 43.52692214152, 'mu': -0.8478203821768797, 'w0': 2.504892212168738, 'delta': 1.0785100368337908e-08, 'psi': 0.2}",{'sigma': 28.596767592210607},234.77842749673445,0.06766890332464258
2.0,-0.40000000000000013,667.9140721154281,671.638306403938,-3.7242342885099333,63.598450391431506,4044.7628921913742,-0.2939050165663788,0.07642948480967639,0.04004966578318969,0.09384871678590943,-0.14868895564090792,-0.1267680513523395,8.249540065139289e-18,0.9999999999959455,4.054635741610859e-12,"{'sigma': 103.00164584539256, 'lam': -3.1415926375557826}","{'sigma': 53.36582625604626, 'mu': -0.9192375551375962, 'w0': 2.715894823531173, 'delta': 4.901135053358985e-09, 'psi': 0.2}",{'sigma': 31.05915936367494},313.20890125828754,0.0774356642420137
2.0,-0.20000000000000018,741.1200796660967,753.479917462757,-12.359837796660372,67.81142459173422,4598.389305160457,-0.3945746574033463,0.1414461955336747,0.008157209042799565,0.08933528167384827,-0.22145652843876576,-0.15627994173802764,5.902563471202151e-22,1.0,2.9754486981261526e-17,"{'sigma': 108.54689210574385, 'lam': -3.1415924242081035}","{'sigma': 65.5200338328154, 'mu': -0.9808647514142772, 'w0': 2.9898763924579983, 'delta': 0.09190352216537279, 'psi': 0.2}",{'sigma': 33.33523443432955},394.2320199058064,0.08573263239443142
2.0,-2.220446049250313e-16,814.1744729885561,833.8436587129694,-19.669185724413296,71.20023860190719,5069.473976968514,-0.47969345428617105,0.21499780218744097,-0.04237237531386205,0.08486813718054935,-0.27387883903957405,-0.1996976838435528,1.1009275749094171e-24,1.0,1.0090944485029853e-20,"{'sigma': 112.89849443526015, 'lam': -3.1415919476380085}","{'sigma': 67.35506802476849, 'mu': -0.8465713511967294, 'w0': 3.1550566227975403, 'delta': 0.6538546935838543, 'psi': 0.2}",{'sigma': 35.24962451998335},540.2607771276965,0.10657136807136076
2.2,-1.0,529.2885825221919,514.2825794082977,15.006003113894167,72.51888800039416,5258.989116813711,-0.06198668394563884,0.0010786271532613613,0.04079188446186493,0.1386307248996477,0.022726526484531998,-0.008482132884874856,8.412350134047495e-08,6.9467526415415065e-09,0.9999999089297461,"{'sigma': 120.60494373803985, 'lam': -3.141592653589793}","{'sigma': 48.341224631054196, 'mu': -0.7929241522702679, 'w0': 2.3427008516403314, 'delta': 7.1398151835211365e-09, 'psi': 0.2}",{'sigma': 35.00403509571789},296.8018702869094,0.05643705733065562
2.2,-0.8,605.1844791853902,602.5470546888552,2.6374244965350044,81.06443365794117,6571.442404282744,-0.19979084130635177,0.02845400232923237,0.04934437434980275,0.1328063231898317,-0.12207855946177151,-0.007457319060439429,1.7058330645085766e-11,0.999896869789491,0.00010313019345065037,"{'sigma': 132.6193743362186, 'lam': -3.1415926426172867}","{'sigma': 60.791064745076504, 'mu': -0.8552860095913062, 'w0': 2.526949473955442, 'delta': 1.5773121697648662e-08, 'psi': 0.2}",{'sigma': 39.351989596181305},447.96531872354353,0.06816849196328577
2.2,-0.6000000000000001,678.1843428531104,689.8839627519807,-11.69961989887031,90.16249838006804,8129.276114135773,-0.32645836260386324,0.09018947180201452,0.031334789350539,0.12936163944003962,-0.24185435309814246,-0.026330287721669045,9.906776407431608e-20,0.9999999999999749,2.5152733133298982e-14,"{'sigma': 145.3267178655612, 'lam': -3.1415926480675056}","{'sigma': 79.67969957287481, 'mu': -0.9508328107663357, 'w0': 2.8092433113454165, 'delta': 5.348354026324387e-08, 'psi': 0.2}",{'sigma': 44.0803848708244},636.99822345774,0.07835854195554773
2.2,-0.40000000000000013,750.1285986397022,776.3612863391941,-26.232687699491862,100.1073021392459,10021.471941598267,-0.4428769805156728,0.18021985075954206,-0.02166906261247175,0.12789081240566608,-0.3300901199675616,-0.08164009922042376,4.585024530217407e-24,1.0,8.804751110903054e-20,"{'sigma': 159.24465330453415, 'lam': -3.1415926429068866}","{'sigma': 97.55145146130522, 'mu': -0.9163951377480939, 'w0': 3.126566265060547, 'delta': 0.41906939168131796, 'psi': 0.2}",{'sigma': 49.37366047029752},984.8911965673411,0.09827809749974378
2.2,-0.20000000000000018,822.116891373031,862.0351894442042,-39.91829807117324,111.28826958883322,12385.078948076822,-0.5496150446468798,0.29048910402155137,-0.11070580790237705,0.12827597404101296,-0.38369576177625153,-0.17547986315197486,9.593223808218168e-29,1.0,2.253658826072406e-25,"{'sigma': 175.11702941153695, 'lam': -3.141592196664713}","{'sigma': 100.7884123804592, 'mu': -0.6978332503003204, 'w0': 3.2741031930575666, 'delta': 1.2123491903343977, 'psi': 0.2}",{'sigma': 55.49626677189467},1634.1634088954954,0.13194614388382656
2.2,-2.220446049250313e-16,893.4231738404824,946.5182596878388,-53.09508584735647,124.114189160847,15404.331951054512,-0.6448803009333605,0.4102546397736766,-0.22765264834199844,0.1304791502979913,-0.40444727062655444,-0.2900596568985937,7.197052004665393e-34,1.0,3.1119807725501205e-31,"{'sigma': 193.8084811258181, 'lam': -3.141592523498387}","{'sigma': 93.1398335295686, 'mu': -0.4924011099523955, 'w0': 3.2407841545004312, 'delta': 1.7859810780451668, 'psi': 0.2}",{'sigma': 62.73602364778525},2703.510020266373,0.1755032304455957
2.4000000000000004,-1.0,610.9174009950698,611.2599909015652,-0.342589906495391,109.09588381636293,11901.911865673357,-0.1979024363584562,0.01511818611715335,0.04857151686631455,0.17583954506836874,-0.19618461698927037,0.15350246119235936,1.8136951987991386e-11,0.9998673794534679,0.0001326205283952629,"{'sigma': 178.30974963592672, 'lam': -3.141592632261849}","{'sigma': 80.92754489771247, 'mu': -0.8475374198242052, 'w0': 2.504056191080335, 'delta': 4.2646413067615185e-09, 'psi': 0.2}",{'sigma': 52.89232667340429},787.6543781518017,0.06617881118944412
2.4000000000000004,-0.8,680.1495046324194,702.3222617649351,-22.1727571325157,123.74278055472516,15312.275739414867,-0.33059968262360717,0.08498682581280485,0.02844974740696787,0.17429490390713628,-0.3408116818250528,0.13463352668773884,2.7281511019301887e-20,0.9999999999999927,7.222663267486913e-15,"{'sigma': 199.21822081959345, 'lam': -3.141592174394231}","{'sigma': 110.2472184614338, 'mu': -0.9565019734995219, 'w0': 2.825992846496498, 'delta': 1.3195926573672523e-09, 'psi': 0.2}",{'sigma': 60.47692873729045},1173.1307452200435,0.07661374214939998
2.4000000000000004,-0.6000000000000001,747.9176593540116,792.7418593750601,-44.82420002104857,141.28994433336678,19962.848369725885,-0.45782835135626293,0.19405368649957586,-0.03903584581833998,0.17684805587786775,-0.44648836463967345,0.057011907762202135,1.0820023852995785e-25,1.0,1.5543732371615272e-21,"{'sigma': 224.31713430166735, 'lam': -3.1415926168978046}","{'sigma': 139.0889259571366, 'mu': -0.8896818623589664, 'w0': 3.1966989739798546, 'delta': 0.5681266895847095, 'psi': 0.2}",{'sigma': 69.77625667637169},2064.5258409008716,0.10341840015334545
2.4000000000000004,-0.40000000000000013,814.13324171022,882.1874445545235,-68.05420284430352,164.0097102092791,26899.18504293171,-0.5799822962367369,0.33463057744536423,-0.15898058925538047,0.18488106053388667,-0.5029047812563051,-0.07890468380468266,4.3072829775590736e-32,1.0,5.08666023599207e-29,"{'sigma': 257.3267870252493, 'lam': -3.1415926535897003}","{'sigma': 139.97418165441897, 'mu': -0.6078668815368415, 'w0': 3.288915677909814, 'delta': 1.4929680420067184, 'psi': 0.2}",{'sigma': 82.14526866568085},3972.2768642431415,0.1476727587807325
2.4000000000000004,-0.20000000000000018,869.9609892255017,970.6344138251833,-100.67342459968154,195.47423471282602,38210.176436565,-0.6921913796190423,0.48940369592941324,-0.32017230128123914,0.2006674167773732,-0.5077369670737,-0.2467331074249595,9.193948262330583e-38,1.0,1.5817223467924916e-35,"{'sigma': 304.5995928931744, 'lam': -3.1415926535897882}","{'sigma': 116.08843591066075, 'mu': -0.3617761518557243, 'w0': 3.159039802180456, 'delta': 2.0901692247791632, 'psi': 0.2}",{'sigma': 99.804987312756},8035.553818526474,0.2102987886451343
2.4000000000000004,-2.220446049250313e-16,911.7452217713798,1058.240479533,-146.49525776162034,239.0822956949,57160.3441147436,-0.7805279322709082,0.6290246334084014,-0.4852040983894084,0.2256530729559712,-0.4855056558407371,-0.35417125139931116,1.953717603634272e-46,1.0,1.0089958158544218e-44,"{'sigma': 372.46050907390475, 'lam': -3.141592636221749}","{'sigma': 96.06522325986046, 'mu': -0.20583656036296194, 'w0': 3.090789135244576, 'delta': 2.4826433467593363, 'psi': 0.2}",{'sigma': 124.78397327882882},16269.025135075517,0.28462083962295776
2.6,-1.0,674.1635458149933,708.9855745241549,-34.8220287091616,166.7680788440668,27811.59212134088,-0.27653904943944624,0.04826735591624142,0.02717176858090095,0.23318431821443378,-0.45412686548949227,0.35830243676565776,2.4754891669280057e-17,0.9999999999707179,2.9282143601505854e-11,"{'sigma': 270.09368477057023, 'lam': -3.1415925988359046}","{'sigma': 138.24771993210155, 'mu': -0.916506465073921, 'w0': 2.7078258036502483, 'delta': 1.2783155645124111e-08, 'psi': 0.2}",{'sigma': 81.25041542275368},1933.1604254079457,0.06950916067565074
2.6,-0.8,734.8775827905558,802.5252911686298,-67.64770837807396,193.07849728003507,37279.30611191651,-0.4043895465693298,0.15330538738698396,-0.026375291715418275,0.23948407409925693,-0.5646679908204618,0.22506737424424442,8.085338444410811e-26,1.0,3.880606438956445e-21,"{'sigma': 308.6865913450836, 'lam': -3.14159264182351}","{'sigma': 198.6601570337151, 'mu': -0.991522336399884, 'w0': 3.1672234725469517, 'delta': 0.23776268090064856, 'psi': 0.2}",{'sigma': 95.05810262328394},3385.7835545212165,0.09082206477654729
2.6,-0.6000000000000001,787.9081384073268,895.0866353861401,-107.17849697881331,228.78795263824983,52343.92727240205,-0.5209376360166335,0.2961308871790258,-0.14059595903423996,0.2553812445362181,-0.6352631322678247,0.0886372299503775,3.925509627944242e-33,1.0,1.0203141749702691e-29,"{'sigma': 361.88820916532865, 'lam': -3.1415926282889184}","{'sigma': 203.649424355317, 'mu': -0.676949727321924, 'w0': 3.286215317836819, 'delta': 1.2861618532768002, 'psi': 0.2}",{'sigma': 114.17580179261029},6769.3998656963,0.12932541019453497
2.6,-0.40000000000000013,801.318158686519,986.7227778598414,-185.40461917332232,282.81298557865495,79983.1848119125,-0.5609452034708726,0.4517903187885084,-0.28823069172981314,0.28842366938956104,-0.7036042733458241,0.14288401982235188,4.292798787853112e-33,1.0,1.3437363277356244e-30,"{'sigma': 450.1473871664465, 'lam': -3.1415924079067405}","{'sigma': 177.3651726414751, 'mu': -0.4079815954753905, 'w0': 3.1786189026779903, 'delta': 1.9732339670264296, 'psi': 0.2}",{'sigma': 143.77667350067273},14489.514888946942,0.1811570134775242
