r,Frequency,0
0.05,-3.141592653589793,0.0008633878783749863
0.05,-2.9845130209103035,0.0008460546787135907
0.05,-2.827433388230814,0.0009650246594118766
0.05,-2.6703537555513246,0.0010667228888677552
0.05,-2.5132741228718345,0.0010402856538715304
0.05,-2.356194490192345,0.0011007356429762326
0.05,-2.199114857512855,0.001288058277873707
0.05,-2.0420352248333655,0.0013689081266631637
0.05,-1.884955592153876,0.0014898850374862832
0.05,-1.7278759594743864,0.0015830806556106126
0.05,-1.5707963267948966,0.0017885975897750795
0.05,-1.413716694115407,0.002337026276315261
0.05,-1.2566370614359172,0.002600341686890983
0.05,-1.0995574287564276,0.0031254580412052807
0.05,-0.942477796076938,0.004168416097035639
0.05,-0.7853981633974483,0.005681327160231376
0.05,-0.6283185307179586,0.009529898503548682
0.05,-0.471238898038469,0.01659041298187911
0.05,-0.3141592653589793,0.0474407805508736
0.05,-0.15707963267948966,0.10223661916540033
0.05,0.0,0.037902913351954066
0.05,0.15707963267948966,0.10223661916540033
0.05,0.3141592653589793,0.0474407805508736
0.05,0.471238898038469,0.01659041298187911
0.05,0.6283185307179586,0.009529898503548682
0.05,0.7853981633974483,0.005681327160231376
0.05,0.942477796076938,0.004168416097035639
0.05,1.0995574287564276,0.0031254580412052807
0.05,1.2566370614359172,0.002600341686890983
0.05,1.413716694115407,0.002337026276315261
0.05,1.5707963267948966,0.0017885975897750795
0.05,1.7278759594743864,0.0015830806556106126
0.05,1.884955592153876,0.0014898850374862832
0.05,2.0420352248333655,0.0013689081266631637
0.05,2.199114857512855,0.001288058277873707
0.05,2.356194490192345,0.0011007356429762326
0.05,2.5132741228718345,0.0010402856538715304
0.05,2.6703537555513246,0.0010667228888677552
0.05,2.827433388230814,0.0009650246594118766
0.05,2.9845130209103035,0.0008460546787135907
0.05,3.141592653589793,0.0008633878783749863
0.1,-3.141592653589793,0.0019685276007342734
0.1,-2.9845130209103035,0.0019008776500474835
0.1,-2.827433388230814,0.0021187864134011402
0.1,-2.6703537555513246,0.002274032807924033
0.1,-2.5132741228718345,0.002205302372149882
0.1,-2.356194490192345,0.0023472236338835744
0.1,-2.199114857512855,0.0027736308057893983
0.1,-2.0420352248333655,0.0029579038210831325
0.1,-1.884955592153876,0.0032388664997362346
0.1,-1.7278759594743864,0.0034689148086981167
0.1,-1.5707963267948966,0.00390325212151375
0.1,-1.413716694115407,0.005142380382327492
0.1,-1.2566370614359172,0.005728285636613577
0.1,-1.0995574287564276,0.006770381084152918
0.1,-0.942477796076938,0.008891578285196076
0.1,-0.7853981633974483,0.012104146792537783
0.1,-0.6283185307179586,0.0200261668021793
0.1,-0.471238898038469,0.03416764711743097
0.1,-0.3141592653589793,0.0850432114152714
0.1,-0.15707963267948966,0.14861965985437314
0.1,0.0,0.058140949968584925
0.1,0.15707963267948966,0.14861965985437314
0.1,0.3141592653589793,0.0850432114152714
0.1,0.471238898038469,0.03416764711743097
0.1,0.6283185307179586,0.0200261668021793
0.1,0.7853981633974483,0.012104146792537783
0.1,0.942477796076938,0.008891578285196076
0.1,1.0995574287564276,0.006770381084152918
0.1,1.2566370614359172,0.005728285636613577
0.1,1.413716694115407,0.005142380382327492
0.1,1.5707963267948966,0.00390325212151375
0.1,1.7278759594743864,0.0034689148086981167
0.1,1.884955592153876,0.0032388664997362346
0.1,2.0420352248333655,0.0029579038210831325
0.1,2.199114857512855,0.0027736308057893983
0.1,2.356194490192345,0.0023472236338835744
0.1,2.5132741228718345,0.002205302372149882
0.1,2.6703537555513246,0.002274032807924033
0.1,2.827433388230814,0.0021187864134011402
0.1,2.9845130209103035,0.0019008776500474835
0.1,3.141592653589793,0.0019685276007342734
0.15,-3.141592653589793,0.0031823476304264032
0.15,-2.9845130209103035,0.0030533078285967523
0.15,-2.827433388230814,0.0033618854095515955
0.15,-2.6703537555513246,0.003558324014149808
0.15,-2.5132741228718345,0.003447953549236338
0.15,-2.356194490192345,0.0036730707446541665
0.15,-2.199114857512855,0.004356483977844366
0.15,-2.0420352248333655,0.004649901209951517
0.15,-1.884955592153876,0.00509679017322137
0.15,-1.7278759594743864,0.005485485146517114
0.15,-1.5707963267948966,0.0061602585794508615
0.15,-1.413716694115407,0.008126563248308604
0.15,-1.2566370614359172,0.009047785971521886
0.15,-1.0995574287564276,0.01059713378173656
0.15,-0.942477796076938,0.013789592041388495
0.15,-0.7853981633974483,0.01866561767749829
0.15,-0.6283185307179586,0.03030350020307753
0.15,-0.471238898038469,0.049772166770588065
0.15,-0.3141592653589793,0.1085163343185102
0.15,-0.15707963267948966,0.16019415595406608
0.15,0.0,0.062127675036161574
0.15,0.15707963267948966,0.16019415595406608
0.15,0.3141592653589793,0.1085163343185102
0.15,0.471238898038469,0.049772166770588065
0.15,0.6283185307179586,0.03030350020307753
0.15,0.7853981633974483,0.01866561767749829
0.15,0.942477796076938,0.013789592041388495
0.15,1.0995574287564276,0.01059713378173656
0.15,1.2566370614359172,0.009047785971521886
0.15,1.413716694115407,0.008126563248308604
0.15,1.5707963267948966,0.0061602585794508615
0.15,1.7278759594743864,0.005485485146517114
0.15,1.884955592153876,0.00509679017322137
0.15,2.0420352248333655,0.004649901209951517
0.15,2.199114857512855,0.004356483977844366
0.15,2.356194490192345,0.0036730707446541665
0.15,2.5132741228718345,0.003447953549236338
0.15,2.6703537555513246,0.003558324014149808
0.15,2.827433388230814,0.0033618854095515955
0.15,2.9845130209103035,0.0030533078285967523
0.15,3.141592653589793,0.0031823476304264032
0.2,-3.141592653589793,0.004475204235341038
0.2,-2.9845130209103035,0.004278173262756848
0.2,-2.827433388230814,0.004674339987336303
0.2,-2.6703537555513246,0.004904599943743582
0.2,-2.5132741228718345,0.004752274326393181
0.2,-2.356194490192345,0.005060742082927048
0.2,-2.199114857512855,0.006013047515747539
0.2,-2.0420352248333655,0.006420349393118393
0.2,-1.884955592153876,0.007035015035210496
0.2,-1.7278759594743864,0.007591223618585873
0.2,-1.5707963267948966,0.008507952285659436
0.2,-1.413716694115407,0.011211956619102563
0.2,-1.2566370614359172,0.012460841003000496
0.2,-1.0995574287564276,0.014473285270695503
0.2,-0.942477796076938,0.018665234461914103
0.2,-0.7853981633974483,0.025006248138309154
0.2,-0.6283185307179586,0.03964116336880812
0.2,-0.471238898038469,0.0620584051605972
0.2,-0.3141592653589793,0.11988849351195545
0.2,-0.15707963267948966,0.1546790890715097
0.2,0.0,0.05903845152771496
0.2,0.15707963267948966,0.1546790890715097
0.2,0.3141592653589793,0.11988849351195545
0.2,0.471238898038469,0.0620584051605972
0.2,0.6283185307179586,0.03964116336880812
0.2,0.7853981633974483,0.025006248138309154
0.2,0.942477796076938,0.018665234461914103
0.2,1.0995574287564276,0.014473285270695503
0.2,1.2566370614359172,0.012460841003000496
0.2,1.413716694115407,0.011211956619102563
0.2,1.5707963267948966,0.008507952285659436
0.2,1.7278759594743864,0.007591223618585873
0.2,1.884955592153876,0.007035015035210496
0.2,2.0420352248333655,0.006420349393118393
0.2,2.199114857512855,0.006013047515747539
0.2,2.356194490192345,0.005060742082927048
0.2,2.5132741228718345,0.004752274326393181
0.2,2.6703537555513246,0.004904599943743582
0.2,2.827433388230814,0.004674339987336303
0.2,2.9845130209103035,0.004278173262756848
0.2,3.141592653589793,0.004475204235341038
0.25,-3.141592653589793,0.005842909132889092
0.25,-2.9845130209103035,0.005572295149464193
0.25,-2.827433388230814,0.006055706542988027
0.25,-2.6703537555513246,0.006314503856951409
0.25,-2.5132741228718345,0.006117730732840725
0.25,-2.356194490192345,0.006509425521516696
0.25,-2.199114857512855,0.007741605066975368
0.25,-2.0420352248333655,0.008266248502589066
0.25,-1.884955592153876,0.009047976381101112
0.25,-1.7278759594743864,0.009773976751338238
0.25,-1.5707963267948966,0.010927762427129012
0.25,-1.413716694115407,0.014364589935475434
0.25,-1.2566370614359172,0.015916663632994616
0.25,-1.0995574287564276,0.01831899934941179
0.25,-0.942477796076938,0.023387145821783657
0.25,-0.7853981633974483,0.030880346621619013
0.25,-0.6283185307179586,0.04757843298027791
0.25,-0.471238898038469,0.07064689372964235
0.25,-0.3141592653589793,0.12271567686088582
0.25,-0.15707963267948966,0.14236121877379432
0.25,0.0,0.05358214893878059
0.25,0.15707963267948966,0.14236121877379432
0.25,0.3141592653589793,0.12271567686088582
0.25,0.471238898038469,0.07064689372964235
0.25,0.6283185307179586,0.04757843298027791
0.25,0.7853981633974483,0.030880346621619013
0.25,0.942477796076938,0.023387145821783657
0.25,1.0995574287564276,0.01831899934941179
0.25,1.2566370614359172,0.015916663632994616
0.25,1.413716694115407,0.014364589935475434
0.25,1.5707963267948966,0.010927762427129012
0.25,1.7278759594743864,0.009773976751338238
0.25,1.884955592153876,0.009047976381101112
0.25,2.0420352248333655,0.008266248502589066
0.25,2.199114857512855,0.007741605066975368
0.25,2.356194490192345,0.006509425521516696
0.25,2.5132741228718345,0.006117730732840725
0.25,2.6703537555513246,0.006314503856951409
0.25,2.827433388230814,0.006055706542988027
0.25,2.9845130209103035,0.005572295149464193
0.25,3.141592653589793,0.005842909132889092
0.3,-3.141592653589793,0.007286651836898509
0.3,-2.9845130209103035,0.006936892194642893
0.3,-2.827433388230814,0.007508549885616649
0.3,-2.6703537555513246,0.007791465686200333
0.3,-2.5132741228718345,0.007546064649242084
0.3,-2.356194490192345,0.008020297317703666
0.3,-2.199114857512855,0.009542505145517525
0.3,-2.0420352248333655,0.01018598338444251
0.3,-1.884955592153876,0.0111309900726072
0.3,-1.7278759594743864,0.01202321842206187
0.3,-1.5707963267948966,0.013402272143262867
0.3,-1.413716694115407,0.01755205970925826
0.3,-1.2566370614359172,0.019364987873561085
0.3,-1.0995574287564276,0.022055979915286867
0.3,-0.942477796076938,0.02782887176230417
0.3,-0.7853981633974483,0.036082462927081616
0.3,-0.6283185307179586,0.05383791621476939
0.3,-0.471238898038469,0.0757409593217902
0.3,-0.3141592653589793,0.12009387042026423
0.3,-0.15707963267948966,0.12820216065212978
0.3,0.0,0.04775440376575904
0.3,0.15707963267948966,0.12820216065212978
0.3,0.3141592653589793,0.12009387042026423
0.3,0.471238898038469,0.0757409593217902
0.3,0.6283185307179586,0.05383791621476939
0.3,0.7853981633974483,0.036082462927081616
0.3,0.942477796076938,0.02782887176230417
0.3,1.0995574287564276,0.022055979915286867
0.3,1.2566370614359172,0.019364987873561085
0.3,1.413716694115407,0.01755205970925826
0.3,1.5707963267948966,0.013402272143262867
0.3,1.7278759594743864,0.01202321842206187
0.3,1.884955592153876,0.0111309900726072
0.3,2.0420352248333655,0.01018598338444251
0.3,2.199114857512855,0.009542505145517525
0.3,2.356194490192345,0.008020297317703666
0.3,2.5132741228718345,0.007546064649242084
0.3,2.6703537555513246,0.007791465686200333
0.3,2.827433388230814,0.007508549885616649
0.3,2.9845130209103035,0.006936892194642893
0.3,3.141592653589793,0.007286651836898509
0.35,-3.141592653589793,0.008811258345123148
0.35,-2.9845130209103035,0.008376380422313102
0.35,-2.827433388230814,0.009038058359523064
0.35,-2.6703537555513246,0.009340940322560267
0.35,-2.5132741228718345,0.009041249839126844
0.35,-2.356194490192345,0.00959646744838692
0.35,-2.199114857512855,0.011417901690978767
0.35,-2.0420352248333655,0.012179284194448397
0.35,-1.884955592153876,0.013280132828004717
0.35,-1.7278759594743864,0.014328987489452204
0.35,-1.5707963267948966,0.01591376137675085
0.35,-1.413716694115407,0.020741071405262972
0.35,-1.2566370614359172,0.022754651731647955
0.35,-1.0995574287564276,0.025608361332006366
0.35,-0.942477796076938,0.03187510067135336
0.35,-0.7853981633974483,0.0404614292494866
0.35,-0.6283185307179586,0.058332530353444156
0.35,-0.471238898038469,0.07787879733601746
0.35,-0.3141592653589793,0.11432405995262439
0.35,-0.15707963267948966,0.11438545491060662
0.35,0.0,0.04231066472339041
0.35,0.15707963267948966,0.11438545491060662
0.35,0.3141592653589793,0.11432405995262439
0.35,0.471238898038469,0.07787879733601746
0.35,0.6283185307179586,0.058332530353444156
0.35,0.7853981633974483,0.0404614292494866
0.35,0.942477796076938,0.03187510067135336
0.35,1.0995574287564276,0.025608361332006366
0.35,1.2566370614359172,0.022754651731647955
0.35,1.413716694115407,0.020741071405262972
0.35,1.5707963267948966,0.01591376137675085
0.35,1.7278759594743864,0.014328987489452204
0.35,1.884955592153876,0.013280132828004717
0.35,2.0420352248333655,0.012179284194448397
0.35,2.199114857512855,0.011417901690978767
0.35,2.356194490192345,0.00959646744838692
0.35,2.5132741228718345,0.009041249839126844
0.35,2.6703537555513246,0.009340940322560267
0.35,2.827433388230814,0.009038058359523064
0.35,2.9845130209103035,0.008376380422313102
0.35,3.141592653589793,0.008811258345123148
0.4,-3.141592653589793,0.01042267169569075
0.4,-2.9845130209103035,0.009896123861650275
0.4,-2.827433388230814,0.010649940646156994
0.4,-2.6703537555513246,0.010968453081824467
0.4,-2.5132741228718345,0.010607335009433286
0.4,-2.356194490192345,0.011240685646259869
0.4,-2.199114857512855,0.013369010719826449
0.4,-2.0420352248333655,0.01424431278617386
0.4,-1.884955592153876,0.015488999372990187
0.4,-1.7278759594743864,0.01667808889565719
0.4,-1.5707963267948966,0.018439965634165334
0.4,-1.413716694115407,0.023891860980440386
0.4,-1.2566370614359172,0.026028711791598862
0.4,-1.0995574287564276,0.028899356404152133
0.4,-0.942477796076938,0.035422380034158096
0.4,-0.7853981633974483,0.04392100181056349
0.4,-0.6283185307179586,0.061124170315692186
0.4,-0.471238898038469,0.07770407025306456
0.4,-0.3141592653589793,0.1069474550394215
0.4,-0.15707963267948966,0.1017397176397949
0.4,0.0,0.03747257971764077
0.4,0.15707963267948966,0.1017397176397949
0.4,0.3141592653589793,0.1069474550394215
0.4,0.471238898038469,0.07770407025306456
0.4,0.6283185307179586,0.061124170315692186
0.4,0.7853981633974483,0.04392100181056349
0.4,0.942477796076938,0.035422380034158096
0.4,1.0995574287564276,0.028899356404152133
0.4,1.2566370614359172,0.026028711791598862
0.4,1.413716694115407,0.023891860980440386
0.4,1.5707963267948966,0.018439965634165334
0.4,1.7278759594743864,0.01667808889565719
0.4,1.884955592153876,0.015488999372990187
0.4,2.0420352248333655,0.01424431278617386
0.4,2.199114857512855,0.013369010719826449
0.4,2.356194490192345,0.011240685646259869
0.4,2.5132741228718345,0.010607335009433286
0.4,2.6703537555513246,0.010968453081824467
0.4,2.827433388230814,0.010649940646156994
0.4,2.9845130209103035,0.009896123861650275
0.4,3.141592653589793,0.01042267169569075
0.45,-3.141592653589793,0.012128103681414485
0.45,-2.9845130209103035,0.011502627278261608
0.45,-2.827433388230814,0.012350761212504514
0.45,-2.6703537555513246,0.012680033905312563
0.45,-2.5132741228718345,0.01224867206640282
0.45,-2.356194490192345,0.012955559724089866
0.45,-2.199114857512855,0.015396308234181803
0.45,-2.0420352248333655,0.016377803231197394
0.45,-1.884955592153876,0.017748855104173913
0.45,-1.7278759594743864,0.019054196081942802
0.45,-1.5707963267948966,0.02095443576015835
0.45,-1.413716694115407,0.026959219111203407
0.45,-1.2566370614359172,0.029126902710483717
0.45,-1.0995574287564276,0.03185622335465608
0.45,-0.942477796076938,0.038388493879483995
0.45,-0.7853981633974483,0.046424999465568266
0.45,-0.6283185307179586,0.062383257156832066
0.45,-0.471238898038469,0.07583929636119016
0.45,-0.3141592653589793,0.0989386134357092
0.45,-0.15707963267948966,0.09048833870531656
0.45,0.0,0.03325435331108514
0.45,0.15707963267948966,0.09048833870531656
0.45,0.3141592653589793,0.0989386134357092
0.45,0.471238898038469,0.07583929636119016
0.45,0.6283185307179586,0.062383257156832066
0.45,0.7853981633974483,0.046424999465568266
0.45,0.942477796076938,0.038388493879483995
0.45,1.0995574287564276,0.03185622335465608
0.45,1.2566370614359172,0.029126902710483717
0.45,1.413716694115407,0.026959219111203407
0.45,1.5707963267948966,0.02095443576015835
0.45,1.7278759594743864,0.019054196081942802
0.45,1.884955592153876,0.017748855104173913
0.45,2.0420352248333655,0.016377803231197394
0.45,2.199114857512855,0.015396308234181803
0.45,2.356194490192345,0.012955559724089866
0.45,2.5132741228718345,0.01224867206640282
0.45,2.6703537555513246,0.012680033905312563
0.45,2.827433388230814,0.012350761212504514
0.45,2.9845130209103035,0.011502627278261608
0.45,3.141592653589793,0.012128103681414485
0.5,-3.141592653589793,0.01393681043421582
0.5,-2.9845130209103035,0.013204277976507292
0.5,-2.827433388230814,0.014148762926601771
0.5,-2.6703537555513246,0.014483066075235165
0.5,-2.5132741228718345,0.01397058511121872
0.5,-2.356194490192345,0.014744198381231088
0.5,-2.199114857512855,0.017500189364342666
0.5,-2.0420352248333655,0.018575657647155425
0.5,-1.884955592153876,0.020049296171947693
0.5,-1.7278759594743864,0.021438620597466214
0.5,-1.5707963267948966,0.02342778696973469
0.5,-1.413716694115407,0.029895016808944366
0.5,-1.2566370614359172,0.031989737014968114
0.5,-1.0995574287564276,0.034416575810084525
0.5,-0.942477796076938,0.04072055965051296
0.5,-0.7853981633974483,0.04799533379288025
0.5,-0.6283185307179586,0.06234520970921119
0.5,-0.471238898038469,0.07282357849951962
0.5,-0.3141592653589793,0.09088631372960924
0.5,-0.15707963267948966,0.08060239952968484
0.5,0.0,0.029599323481630132
0.5,0.15707963267948966,0.08060239952968484
0.5,0.3141592653589793,0.09088631372960924
0.5,0.471238898038469,0.07282357849951962
0.5,0.6283185307179586,0.06234520970921119
0.5,0.7853981633974483,0.04799533379288025
0.5,0.942477796076938,0.04072055965051296
0.5,1.0995574287564276,0.034416575810084525
0.5,1.2566370614359172,0.031989737014968114
0.5,1.413716694115407,0.029895016808944366
0.5,1.5707963267948966,0.02342778696973469
0.5,1.7278759594743864,0.021438620597466214
0.5,1.884955592153876,0.020049296171947693
0.5,2.0420352248333655,0.018575657647155425
0.5,2.199114857512855,0.017500189364342666
0.5,2.356194490192345,0.014744198381231088
0.5,2.5132741228718345,0.01397058511121872
0.5,2.6703537555513246,0.014483066075235165
0.5,2.827433388230814,0.014148762926601771
0.5,2.9845130209103035,0.013204277976507292
0.5,3.141592653589793,0.01393681043421582
0.55,-3.141592653589793,0.01585884830439594
0.55,-2.9845130209103035,0.01501015536771677
0.55,-2.827433388230814,0.016052566214607017
0.55,-2.6703537555513246,0.01638491152505088
0.55,-2.5132741228718345,0.01577790647702848
0.55,-2.356194490192345,0.016608558165175986
0.55,-2.199114857512855,0.019678872489284738
0.55,-2.0420352248333655,0.020830606927872117
0.55,-1.884955592153876,0.0223757516076909
0.55,-1.7278759594743864,0.023807808173700522
0.55,-1.5707963267948966,0.02582550480261457
0.55,-1.413716694115407,0.032646551174270365
0.55,-1.2566370614359172,0.034558012462505665
0.55,-1.0995574287564276,0.036528850070132436
0.55,-0.942477796076938,0.04239330207079797
0.55,-0.7853981633974483,0.04869602274616324
0.55,-0.6283185307179586,0.06126267085564871
0.55,-0.471238898038469,0.06908190917703191
0.55,-0.3141592653589793,0.08311768240823651
0.55,-0.15707963267948966,0.07194986475289425
0.55,0.0,0.026430256308874037
0.55,0.15707963267948966,0.07194986475289425
0.55,0.3141592653589793,0.08311768240823651
0.55,0.471238898038469,0.06908190917703191
0.55,0.6283185307179586,0.06126267085564871
0.55,0.7853981633974483,0.04869602274616324
0.55,0.942477796076938,0.04239330207079797
0.55,1.0995574287564276,0.036528850070132436
0.55,1.2566370614359172,0.034558012462505665
0.55,1.413716694115407,0.032646551174270365
0.55,1.5707963267948966,0.02582550480261457
0.55,1.7278759594743864,0.023807808173700522
0.55,1.884955592153876,0.0223757516076909
0.55,2.0420352248333655,0.020830606927872117
0.55,2.199114857512855,0.019678872489284738
0.55,2.356194490192345,0.016608558165175986
0.55,2.5132741228718345,0.01577790647702848
0.55,2.6703537555513246,0.01638491152505088
0.55,2.827433388230814,0.016052566214607017
0.55,2.9845130209103035,0.01501015536771677
0.55,3.141592653589793,0.01585884830439594
0.6,-3.141592653589793,0.01790671012502803
0.6,-2.9845130209103035,0.016931563335181952
0.6,-2.827433388230814,0.01807275718694301
0.6,-2.6703537555513246,0.018394466555169475
0.6,-2.5132741228718345,0.017676336911032174
0.6,-2.356194490192345,0.01855074129871324
0.6,-2.199114857512855,0.02192979529203948
0.6,-2.0420352248333655,0.02313360340669662
0.6,-1.884955592153876,0.02471107595336359
0.6,-1.7278759594743864,0.026135360605558187
0.6,-1.5707963267948966,0.02811088689700576
0.6,-1.413716694115407,0.03516162221146151
0.6,-1.2566370614359172,0.03677930207864528
0.6,-1.0995574287564276,0.038159212496499256
0.6,-0.942477796076938,0.043412917777799674
0.6,-0.7853981633974483,0.04862498860626138
0.6,-0.6283185307179586,0.05938343753087852
0.6,-0.471238898038469,0.06493757202309662
0.6,-0.3141592653589793,0.07580469014705313
0.6,-0.15707963267948966,0.06437720824022294
0.6,0.0,0.023673690043812035
0.6,0.15707963267948966,0.06437720824022294
0.6,0.3141592653589793,0.07580469014705313
0.6,0.471238898038469,0.06493757202309662
0.6,0.6283185307179586,0.05938343753087852
0.6,0.7853981633974483,0.04862498860626138
0.6,0.942477796076938,0.043412917777799674
0.6,1.0995574287564276,0.038159212496499256
0.6,1.2566370614359172,0.03677930207864528
0.6,1.413716694115407,0.03516162221146151
0.6,1.5707963267948966,0.02811088689700576
0.6,1.7278759594743864,0.026135360605558187
0.6,1.884955592153876,0.02471107595336359
0.6,2.0420352248333655,0.02313360340669662
0.6,2.199114857512855,0.02192979529203948
0.6,2.356194490192345,0.01855074129871324
0.6,2.5132741228718345,0.017676336911032174
0.6,2.6703537555513246,0.018394466555169475
0.6,2.827433388230814,0.01807275718694301
0.6,2.9845130209103035,0.016931563335181952
0.6,3.141592653589793,0.01790671012502803
0.65,-3.141592653589793,0.020094453911433868
0.65,-2.9845130209103035,0.018981178915802328
0.65,-2.827433388230814,0.02022088592506928
0.65,-2.6703537555513246,0.020521026006021955
0.65,-2.5132741228718345,0.019671185200562543
0.65,-2.356194490192345,0.020571495457823344
0.65,-2.199114857512855,0.024247685015258678
0.65,-2.0420352248333655,0.025471721185192288
0.65,-1.884955592153876,0.02703345362665786
0.65,-1.7278759594743864,0.028390261802185582
0.65,-1.5707963267948966,0.030243978624634252
0.65,-1.413716694115407,0.03738845977238658
0.65,-1.2566370614359172,0.03860841294228017
0.65,-1.0995574287564276,0.03929059845385954
0.65,-0.942477796076938,0.04381039771245942
0.65,-0.7853981633974483,0.04789642045232557
0.65,-0.6283185307179586,0.05692772871312563
0.65,-0.471238898038469,0.06062152695910842
0.65,-0.3141592653589793,0.06901971325543688
0.65,-0.15707963267948966,0.0577329052198673
0.65,0.0,0.02126419382057187
0.65,0.15707963267948966,0.0577329052198673
0.65,0.3141592653589793,0.06901971325543688
0.65,0.471238898038469,0.06062152695910842
0.65,0.6283185307179586,0.05692772871312563
0.65,0.7853981633974483,0.04789642045232557
0.65,0.942477796076938,0.04381039771245942
0.65,1.0995574287564276,0.03929059845385954
0.65,1.2566370614359172,0.03860841294228017
0.65,1.413716694115407,0.03738845977238658
0.65,1.5707963267948966,0.030243978624634252
0.65,1.7278759594743864,0.028390261802185582
0.65,1.884955592153876,0.02703345362665786
0.65,2.0420352248333655,0.025471721185192288
0.65,2.199114857512855,0.024247685015258678
0.65,2.356194490192345,0.020571495457823344
0.65,2.5132741228718345,0.019671185200562543
0.65,2.6703537555513246,0.020521026006021955
0.65,2.827433388230814,0.02022088592506928
0.65,2.9845130209103035,0.018981178915802328
0.65,3.141592653589793,0.020094453911433868
0.7,-3.141592653589793,0.022438966731503786
0.7,-2.9845130209103035,0.021174214170791936
0.7,-2.827433388230814,0.022510579232041
0.7,-2.6703537555513246,0.022775262561362336
0.7,-2.5132741228718345,0.021768107904143793
0.7,-2.356194490192345,0.022670793028446604
0.7,-2.199114857512855,0.026625101013280528
0.7,-2.0420352248333655,0.027828739527870742
0.7,-1.884955592153876,0.029317314860752553
0.7,-1.7278759594743864,0.03053846867613974
0.7,-1.5707963267948966,0.032184267503762985
0.7,-1.413716694115407,0.03928021143627732
0.7,-1.2566370614359172,0.04001201981297782
0.7,-1.0995574287564276,0.03992500199478935
0.7,-0.942477796076938,0.04363854592110325
0.7,-0.7853981633974483,0.0466314752529586
0.7,-0.6283185307179586,0.05408331012226743
0.7,-0.471238898038469,0.05629476576328491
0.7,-0.3141592653589793,0.0627803899288723
0.7,-0.15707963267948966,0.05188273886414391
0.7,0.0,0.01914709983196853
0.7,0.15707963267948966,0.05188273886414391
0.7,0.3141592653589793,0.0627803899288723
0.7,0.471238898038469,0.05629476576328491
0.7,0.6283185307179586,0.05408331012226743
0.7,0.7853981633974483,0.0466314752529586
0.7,0.942477796076938,0.04363854592110325
0.7,1.0995574287564276,0.03992500199478935
0.7,1.2566370614359172,0.04001201981297782
0.7,1.413716694115407,0.03928021143627732
0.7,1.5707963267948966,0.032184267503762985
0.7,1.7278759594743864,0.03053846867613974
0.7,1.884955592153876,0.029317314860752553
0.7,2.0420352248333655,0.027828739527870742
0.7,2.199114857512855,0.026625101013280528
0.7,2.356194490192345,0.022670793028446604
0.7,2.5132741228718345,0.021768107904143793
0.7,2.6703537555513246,0.022775262561362336
0.7,2.827433388230814,0.022510579232041
0.7,2.9845130209103035,0.021174214170791936
0.7,3.141592653589793,0.022438966731503786
0.75,-3.141592653589793,0.024959844834540036
0.75,-2.9845130209103035,0.023528256160015904
0.75,-2.827433388230814,0.024957188593672186
0.75,-2.6703537555513246,0.025168655139267183
0.75,-2.5132741228718345,0.023972306043572086
0.75,-2.356194490192345,0.024846764830610376
0.75,-2.199114857512855,0.02905105534037259
0.75,-2.0420352248333655,0.03018378964472778
0.75,-1.884955592153876,0.03153233988413317
0.75,-1.7278759594743864,0.03254261612725238
0.75,-1.5707963267948966,0.033891349146786674
0.75,-1.413716694115407,0.04079647615663261
0.75,-1.2566370614359172,0.040969441878820664
0.75,-1.0995574287564276,0.04008090671771202
0.75,-0.942477796076938,0.04296419733902011
0.75,-0.7853981633974483,0.04494735990347293
0.75,-0.6283185307179586,0.05100172671975161
0.75,-0.471238898038469,0.05206346324139399
0.75,-0.3141592653589793,0.05707191584471187
0.75,-0.15707963267948966,0.046710345425834035
0.75,0.0,0.01727688961233094
0.75,0.15707963267948966,0.046710345425834035
0.75,0.3141592653589793,0.05707191584471187
0.75,0.471238898038469,0.05206346324139399
0.75,0.6283185307179586,0.05100172671975161
0.75,0.7853981633974483,0.04494735990347293
0.75,0.942477796076938,0.04296419733902011
0.75,1.0995574287564276,0.04008090671771202
0.75,1.2566370614359172,0.040969441878820664
0.75,1.413716694115407,0.04079647615663261
0.75,1.5707963267948966,0.033891349146786674
0.75,1.7278759594743864,0.03254261612725238
0.75,1.884955592153876,0.03153233988413317
0.75,2.0420352248333655,0.03018378964472778
0.75,2.199114857512855,0.02905105534037259
0.75,2.356194490192345,0.024846764830610376
0.75,2.5132741228718345,0.023972306043572086
0.75,2.6703537555513246,0.025168655139267183
0.75,2.827433388230814,0.024957188593672186
0.75,2.9845130209103035,0.023528256160015904
0.75,3.141592653589793,0.024959844834540036
0.8,-3.141592653589793,0.027680491251248312
0.8,-2.9845130209103035,0.02606423766919279
0.8,-2.827433388230814,0.027578573146513616
0.8,-2.6703537555513246,0.02771399568353572
0.8,-2.5132741228718345,0.026288691891976433
0.8,-2.356194490192345,0.02709563180434245
0.8,-2.199114857512855,0.0315108626476317
0.8,-2.0420352248333655,0.03251142602364654
0.8,-1.884955592153876,0.0336441677931911
0.8,-1.7278759594743864,0.03436362359256211
0.8,-1.5707963267948966,0.035327510453060464
0.8,-1.413716694115407,0.04190664812895296
0.8,-1.2566370614359172,0.041474601947899245
0.8,-1.0995574287564276,0.03979164983949637
0.8,-0.942477796076938,0.041862847173112505
0.8,-0.7853981633974483,0.04295213673945293
0.8,-0.6283185307179586,0.047801820228653286
0.8,-0.471238898038469,0.047994947733887704
0.8,-0.3141592653589793,0.0518637657809643
0.8,-0.15707963267948966,0.04211777911751234
0.8,0.0,0.01561630781031124
0.8,0.15707963267948966,0.04211777911751234
0.8,0.3141592653589793,0.0518637657809643
0.8,0.471238898038469,0.047994947733887704
0.8,0.6283185307179586,0.047801820228653286
0.8,0.7853981633974483,0.04295213673945293
0.8,0.942477796076938,0.041862847173112505
0.8,1.0995574287564276,0.03979164983949637
0.8,1.2566370614359172,0.041474601947899245
0.8,1.413716694115407,0.04190664812895296
0.8,1.5707963267948966,0.035327510453060464
0.8,1.7278759594743864,0.03436362359256211
0.8,1.884955592153876,0.0336441677931911
0.8,2.0420352248333655,0.03251142602364654
0.8,2.199114857512855,0.0315108626476317
0.8,2.356194490192345,0.02709563180434245
0.8,2.5132741228718345,0.026288691891976433
0.8,2.6703537555513246,0.02771399568353572
0.8,2.827433388230814,0.027578573146513616
0.8,2.9845130209103035,0.02606423766919279
0.8,3.141592653589793,0.027680491251248312
0.85,-3.141592653589793,0.030627830008603692
0.85,-2.9845130209103035,0.028806074784864282
0.85,-2.827433388230814,0.03039437339120199
0.85,-2.6703537555513246,0.03042427800487148
0.85,-2.5132741228718345,0.02872043935765274
0.85,-2.356194490192345,0.029409959142976422
0.85,-2.199114857512855,0.03398412317973897
0.85,-2.0420352248333655,0.03477993832361364
0.85,-1.884955592153876,0.035613472660399575
0.85,-1.7278759594743864,0.03596066818083478
0.85,-1.5707963267948966,0.036458362326215424
0.85,-1.413716694115407,0.04259023761671942
0.85,-1.2566370614359172,0.04153440708243766
0.85,-1.0995574287564276,0.03910049671480104
0.85,-0.942477796076938,0.040411286205067225
0.85,-0.7853981633974483,0.04073941633723806
0.85,-0.6283185307179586,0.04457201871127864
0.85,-0.471238898038469,0.04412720532092769
0.85,-0.3141592653589793,0.04711655473059699
0.85,-0.15707963267948966,0.03802170438703442
0.85,0.0,0.01413430283817678
0.85,0.15707963267948966,0.03802170438703442
0.85,0.3141592653589793,0.04711655473059699
0.85,0.471238898038469,0.04412720532092769
0.85,0.6283185307179586,0.04457201871127864
0.85,0.7853981633974483,0.04073941633723806
0.85,0.942477796076938,0.040411286205067225
0.85,1.0995574287564276,0.03910049671480104
0.85,1.2566370614359172,0.04153440708243766
0.85,1.413716694115407,0.04259023761671942
0.85,1.5707963267948966,0.036458362326215424
0.85,1.7278759594743864,0.03596066818083478
0.85,1.884955592153876,0.035613472660399575
0.85,2.0420352248333655,0.03477993832361364
0.85,2.199114857512855,0.03398412317973897
0.85,2.356194490192345,0.029409959142976422
0.85,2.5132741228718345,0.02872043935765274
0.85,2.6703537555513246,0.03042427800487148
0.85,2.827433388230814,0.03039437339120199
0.85,2.9845130209103035,0.028806074784864282
0.85,3.141592653589793,0.030627830008603692
0.9,-3.141592653589793,0.03383411119946872
0.9,-2.9845130209103035,0.031782232807029846
0.9,-2.827433388230814,0.033427199373302505
0.9,-2.6703537555513246,0.03331339337258737
0.9,-2.5132741228718345,0.031269171750064745
0.9,-2.356194490192345,0.03177863382048118
0.9,-2.199114857512855,0.03644487484996502
0.9,-2.0420352248333655,0.03695215216273731
0.9,-1.884955592153876,0.03739783258063982
0.9,-1.7278759594743864,0.03729399973889314
0.9,-1.5707963267948966,0.03725604276031789
0.9,-1.413716694115407,0.0428395977721267
0.9,-1.2566370614359172,0.041169266714280645
0.9,-1.0995574287564276,0.03805847736967242
0.9,-0.942477796076938,0.0386846568580569
0.9,-0.7853981633974483,0.03838867066743355
0.9,-0.6283185307179586,0.04137722721076428
0.9,-0.471238898038469,0.04047954721069143
0.9,-0.3141592653589793,0.04278949413829894
0.9,-0.15707963267948966,0.03435287551011043
0.9,0.0,0.012805452332306583
0.9,0.15707963267948966,0.03435287551011043
0.9,0.3141592653589793,0.04278949413829894
0.9,0.471238898038469,0.04047954721069143
0.9,0.6283185307179586,0.04137722721076428
0.9,0.7853981633974483,0.03838867066743355
0.9,0.942477796076938,0.0386846568580569
0.9,1.0995574287564276,0.03805847736967242
0.9,1.2566370614359172,0.041169266714280645
0.9,1.413716694115407,0.0428395977721267
0.9,1.5707963267948966,0.03725604276031789
0.9,1.7278759594743864,0.03729399973889314
0.9,1.884955592153876,0.03739783258063982
0.9,2.0420352248333655,0.03695215216273731
0.9,2.199114857512855,0.03644487484996502
0.9,2.356194490192345,0.03177863382048118
0.9,2.5132741228718345,0.031269171750064745
0.9,2.6703537555513246,0.03331339337258737
0.9,2.827433388230814,0.033427199373302505
0.9,2.9845130209103035,0.031782232807029846
0.9,3.141592653589793,0.03383411119946872
0.95,-3.141592653589793,0.03733737978541007
0.95,-2.9845130209103035,0.035025970941723085
0.95,-2.827433388230814,0.03670223551790035
0.95,-2.6703537555513246,0.03639507009775161
0.95,-2.5132741228718345,0.033933391803088804
0.95,-2.356194490192345,0.03418509585875078
0.95,-2.199114857512855,0.03885993713907435
0.95,-2.0420352248333655,0.038984640273134766
0.95,-1.884955592153876,0.03895208303143868
0.95,-1.7278759594743864,0.03832602919272369
0.95,-1.5707963267948966,0.037700124524575766
0.95,-1.413716694115407,0.04265929812317562
0.95,-1.2566370614359172,0.04041027204815568
0.95,-1.0995574287564276,0.03671989867017734
0.95,-0.942477796076938,0.03675220010667327
0.95,-0.7853981633974483,0.0359643721396705
0.95,-0.6283185307179586,0.0382625461923513
0.95,-0.471238898038469,0.03705782419744342
0.95,-0.3141592653589793,0.03884210526776315
0.95,-0.15707963267948966,0.031052933295700306
0.95,0.0,0.011608554000687716
0.95,0.15707963267948966,0.031052933295700306
0.95,0.3141592653589793,0.03884210526776315
0.95,0.471238898038469,0.03705782419744342
0.95,0.6283185307179586,0.0382625461923513
0.95,0.7853981633974483,0.0359643721396705
0.95,0.942477796076938,0.03675220010667327
0.95,1.0995574287564276,0.03671989867017734
0.95,1.2566370614359172,0.04041027204815568
0.95,1.413716694115407,0.04265929812317562
0.95,1.5707963267948966,0.037700124524575766
0.95,1.7278759594743864,0.03832602919272369
0.95,1.884955592153876,0.03895208303143868
0.95,2.0420352248333655,0.038984640273134766
0.95,2.199114857512855,0.03885993713907435
0.95,2.356194490192345,0.03418509585875078
0.95,2.5132741228718345,0.033933391803088804
0.95,2.6703537555513246,0.03639507009775161
0.95,2.827433388230814,0.03670223551790035
0.95,2.9845130209103035,0.035025970941723085
0.95,3.141592653589793,0.03733737978541007
1.0,-3.141592653589793,0.04118287275984867
1.0,-2.9845130209103035,0.03857637209590649
1.0,-2.827433388230814,0.04024742146356936
1.0,-2.6703537555513246,0.039682188133299476
1.0,-2.5132741228718345,0.03670719235922594
1.0,-2.356194490192345,0.0366060094297005
1.0,-2.199114857512855,0.041188096207886556
1.0,-2.0420352248333655,0.04082812958942007
1.0,-1.884955592153876,0.04022996130419467
1.0,-1.7278759594743864,0.03902343807968484
1.0,-1.5707963267948966,0.03777902780397115
1.0,-1.413716694115407,0.04206570277350455
1.0,-1.2566370614359172,0.039296882604935135
1.0,-1.0995574287564276,0.03513935295045044
1.0,-0.942477796076938,0.03467538440887525
1.0,-0.7853981633974483,0.03351729748679214
1.0,-0.6283185307179586,0.03525782558388203
1.0,-0.471238898038469,0.033859207398773836
1.0,-0.3141592653589793,0.035236042883002604
1.0,-0.15707963267948966,0.02807270179255316
1.0,0.0,0.010525867834683395
1.0,0.15707963267948966,0.02807270179255316
1.0,0.3141592653589793,0.035236042883002604
1.0,0.471238898038469,0.033859207398773836
1.0,0.6283185307179586,0.03525782558388203
1.0,0.7853981633974483,0.03351729748679214
1.0,0.942477796076938,0.03467538440887525
1.0,1.0995574287564276,0.03513935295045044
1.0,1.2566370614359172,0.039296882604935135
1.0,1.413716694115407,0.04206570277350455
1.0,1.5707963267948966,0.03777902780397115
1.0,1.7278759594743864,0.03902343807968484
1.0,1.884955592153876,0.04022996130419467
1.0,2.0420352248333655,0.04082812958942007
1.0,2.199114857512855,0.041188096207886556
1.0,2.356194490192345,0.0366060094297005
1.0,2.5132741228718345,0.03670719235922594
1.0,2.6703537555513246,0.039682188133299476
1.0,2.827433388230814,0.04024742146356936
1.0,2.9845130209103035,0.03857637209590649
1.0,3.141592653589793,0.04118287275984867
1.05,-3.141592653589793,0.04542513486064059
1.05,-2.9845130209103035,0.042479914080129764
1.05,-2.827433388230814,0.04409383246673475
1.05,-2.6703537555513246,0.04318602054123409
1.05,-2.5132741228718345,0.03957883696854419
1.05,-2.356194490192345,0.03901003912001105
1.05,-2.199114857512855,0.043379821832969165
1.05,-2.0420352248333655,0.04242875269500421
1.05,-1.884955592153876,0.0411864887798161
1.05,-1.7278759594743864,0.0393595615640934
1.05,-1.5707963267948966,0.03749114397966976
1.05,-1.413716694115407,0.041086018267167006
1.05,-1.2566370614359172,0.03787455534430795
1.05,-1.0995574287564276,0.03336952750617796
1.05,-0.942477796076938,0.03250725520965612
1.05,-0.7853981633974483,0.031086481822327795
1.05,-0.6283185307179586,0.032381663843165154
1.05,-0.471238898038469,0.030875712377186212
1.05,-0.3141592653589793,0.03193617406081109
1.05,-0.15707963267948966,0.025370846867544393
1.05,0.0,0.009542552573102795
1.05,0.15707963267948966,0.025370846867544393
1.05,0.3141592653589793,0.03193617406081109
1.05,0.471238898038469,0.030875712377186212
1.05,0.6283185307179586,0.032381663843165154
1.05,0.7853981633974483,0.031086481822327795
1.05,0.942477796076938,0.03250725520965612
1.05,1.0995574287564276,0.03336952750617796
1.05,1.2566370614359172,0.03787455534430795
1.05,1.413716694115407,0.041086018267167006
1.05,1.5707963267948966,0.03749114397966976
1.05,1.7278759594743864,0.0393595615640934
1.05,1.884955592153876,0.0411864887798161
1.05,2.0420352248333655,0.04242875269500421
1.05,2.199114857512855,0.043379821832969165
1.05,2.356194490192345,0.03901003912001105
1.05,2.5132741228718345,0.03957883696854419
1.05,2.6703537555513246,0.04318602054123409
1.05,2.827433388230814,0.04409383246673475
1.05,2.9845130209103035,0.042479914080129764
1.05,3.141592653589793,0.04542513486064059
1.1,-3.141592653589793,0.05013016231907162
1.1,-2.9845130209103035,0.04679186846252432
1.1,-2.827433388230814,0.04827535064438747
1.1,-2.6703537555513246,0.04691443243788376
1.1,-2.5132741228718345,0.04252837117956753
1.1,-2.356194490192345,0.04135603851485906
1.1,-2.199114857512855,0.04537682729709775
1.1,-2.0420352248333655,0.04372939279383438
1.1,-1.884955592153876,0.04178014949133191
1.1,-1.7278759594743864,0.039316010379129
1.1,-1.5707963267948966,0.036844761415476
1.1,-1.413716694115407,0.03975607681194696
1.1,-1.2566370614359172,0.03619175429451518
1.1,-1.0995574287564276,0.03145913199384437
1.1,-0.942477796076938,0.03029203100984958
1.1,-0.7853981633974483,0.02870079890800359
1.1,-0.6283185307179586,0.029644119336478005
1.1,-0.471238898038469,0.02809615310287197
1.1,-0.3141592653589793,0.028910559417829478
1.1,-0.15707963267948966,0.022912323828480147
1.1,0.0,0.008646060508624648
1.1,0.15707963267948966,0.022912323828480147
1.1,0.3141592653589793,0.028910559417829478
1.1,0.471238898038469,0.02809615310287197
1.1,0.6283185307179586,0.029644119336478005
1.1,0.7853981633974483,0.02870079890800359
1.1,0.942477796076938,0.03029203100984958
1.1,1.0995574287564276,0.03145913199384437
1.1,1.2566370614359172,0.03619175429451518
1.1,1.413716694115407,0.03975607681194696
1.1,1.5707963267948966,0.036844761415476
1.1,1.7278759594743864,0.039316010379129
1.1,1.884955592153876,0.04178014949133191
1.1,2.0420352248333655,0.04372939279383438
1.1,2.199114857512855,0.04537682729709775
1.1,2.356194490192345,0.04135603851485906
1.1,2.5132741228718345,0.04252837117956753
1.1,2.6703537555513246,0.04691443243788376
1.1,2.827433388230814,0.04827535064438747
1.1,2.9845130209103035,0.04679186846252432
1.1,3.141592653589793,0.05013016231907162
1.15,-3.141592653589793,0.05537809899250612
1.15,-2.9845130209103035,0.051577917280042296
1.15,-2.827433388230814,0.05282780974429523
1.15,-2.6703537555513246,0.05086916111765658
1.15,-2.5132741228718345,0.04552452756940969
1.15,-2.356194490192345,0.0435911444777383
1.15,-2.199114857512855,0.04711212424468188
1.15,-2.0420352248333655,0.04467165657358388
1.15,-1.884955592153876,0.04197520807535192
1.15,-1.7278759594743864,0.038883849592766064
1.15,-1.5707963267948966,0.035857314491563506
1.15,-1.413716694115407,0.03811773347012095
1.15,-1.2566370614359172,0.03429721422864871
1.15,-1.0995574287564276,0.029451522504498614
1.15,-0.942477796076938,0.02806532403292638
1.15,-0.7853981633974483,0.026380582190889033
1.15,-0.6283185307179586,0.027048875863870656
1.15,-0.471238898038469,0.025507475728008513
1.15,-0.3141592653589793,0.026130262042745833
1.15,-0.15707963267948966,0.02066715228313899
1.15,0.0,0.007825677352626348
1.15,0.15707963267948966,0.02066715228313899
1.15,0.3141592653589793,0.026130262042745833
1.15,0.471238898038469,0.025507475728008513
1.15,0.6283185307179586,0.027048875863870656
1.15,0.7853981633974483,0.026380582190889033
1.15,0.942477796076938,0.02806532403292638
1.15,1.0995574287564276,0.029451522504498614
1.15,1.2566370614359172,0.03429721422864871
1.15,1.413716694115407,0.03811773347012095
1.15,1.5707963267948966,0.035857314491563506
1.15,1.7278759594743864,0.038883849592766064
1.15,1.884955592153876,0.04197520807535192
1.15,2.0420352248333655,0.04467165657358388
1.15,2.199114857512855,0.04711212424468188
1.15,2.356194490192345,0.0435911444777383
1.15,2.5132741228718345,0.04552452756940969
1.15,2.6703537555513246,0.05086916111765658
1.15,2.827433388230814,0.05282780974429523
1.15,2.9845130209103035,0.051577917280042296
1.15,3.141592653589793,0.05537809899250612
1.2,-3.141592653589793,0.06126820610833717
1.2,-2.9845130209103035,0.05691742277985453
1.2,-2.827433388230814,0.05778873711515789
1.2,-2.6703537555513246,0.055043197483288
1.2,-2.5132741228718345,0.048522064573071635
1.2,-2.356194490192345,0.04565012755101843
1.2,-2.199114857512855,0.0485120376513875
1.2,-2.0420352248333655,0.04519962453001294
1.2,-1.884955592153876,0.04174503266201279
1.2,-1.7278759594743864,0.03806516013006466
1.2,-1.5707963267948966,0.03455492696627634
1.2,-1.413716694115407,0.03621708572133282
1.2,-1.2566370614359172,0.032238472863641086
1.2,-1.0995574287564276,0.02738465021410486
1.2,-0.942477796076938,0.025855434941859233
1.2,-0.7853981633974483,0.02413977453359009
1.2,-0.6283185307179586,0.02459556623943328
1.2,-0.471238898038469,0.02309624931874846
1.2,-0.3141592653589793,0.02356968724280272
1.2,-0.15707963267948966,0.018609931470461156
1.2,0.0,0.007072355590301619
1.2,0.15707963267948966,0.018609931470461156
1.2,0.3141592653589793,0.02356968724280272
1.2,0.471238898038469,0.02309624931874846
1.2,0.6283185307179586,0.02459556623943328
1.2,0.7853981633974483,0.02413977453359009
1.2,0.942477796076938,0.025855434941859233
1.2,1.0995574287564276,0.02738465021410486
1.2,1.2566370614359172,0.032238472863641086
1.2,1.413716694115407,0.03621708572133282
1.2,1.5707963267948966,0.03455492696627634
1.2,1.7278759594743864,0.03806516013006466
1.2,1.884955592153876,0.04174503266201279
1.2,2.0420352248333655,0.04519962453001294
1.2,2.199114857512855,0.0485120376513875
1.2,2.356194490192345,0.04565012755101843
1.2,2.5132741228718345,0.048522064573071635
1.2,2.6703537555513246,0.055043197483288
1.2,2.827433388230814,0.05778873711515789
1.2,2.9845130209103035,0.05691742277985453
1.2,3.141592653589793,0.06126820610833717
1.25,-3.141592653589793,0.06792424233028738
1.25,-2.9845130209103035,0.06290632740077017
1.25,-2.827433388230814,0.06319507203266826
1.25,-2.6703537555513246,0.05941569078084511
1.25,-2.5132741228718345,0.051457567809353885
1.25,-2.356194490192345,0.04745435008583453
1.25,-2.199114857512855,0.049498225793606
1.25,-2.0420352248333655,0.04526312753464073
1.25,-1.884955592153876,0.0410741030107134
1.25,-1.7278759594743864,0.03687292258580465
1.25,-1.5707963267948966,0.03297054466278366
1.25,-1.413716694115407,0.034101761554365034
1.25,-1.2566370614359172,0.0300599465141398
1.25,-1.0995574287564276,0.025290641845273246
1.25,-0.942477796076938,0.02368402364536836
1.25,-0.7853981633974483,0.021987104174546863
1.25,-0.6283185307179586,0.022280860894596907
1.25,-0.471238898038469,0.02084904729363984
1.25,-0.3141592653589793,0.021206063579134335
1.25,-0.15707963267948966,0.0167188952888626
1.25,0.0,0.006378384213907507
1.25,0.15707963267948966,0.0167188952888626
1.25,0.3141592653589793,0.021206063579134335
1.25,0.471238898038469,0.02084904729363984
1.25,0.6283185307179586,0.022280860894596907
1.25,0.7853981633974483,0.021987104174546863
1.25,0.942477796076938,0.02368402364536836
1.25,1.0995574287564276,0.025290641845273246
1.25,1.2566370614359172,0.0300599465141398
1.25,1.413716694115407,0.034101761554365034
1.25,1.5707963267948966,0.03297054466278366
1.25,1.7278759594743864,0.03687292258580465
1.25,1.884955592153876,0.0410741030107134
1.25,2.0420352248333655,0.04526312753464073
1.25,2.199114857512855,0.049498225793606
1.25,2.356194490192345,0.04745435008583453
1.25,2.5132741228718345,0.051457567809353885
1.25,2.6703537555513246,0.05941569078084511
1.25,2.827433388230814,0.06319507203266826
1.25,2.9845130209103035,0.06290632740077017
1.25,3.141592653589793,0.06792424233028738
1.3,-3.141592653589793,0.07550242586413329
1.3,-2.9845130209103035,0.0696612432023216
1.3,-2.827433388230814,0.06907970453959641
1.3,-2.6703537555513246,0.06394531512899114
1.3,-2.5132741228718345,0.05424519402284704
1.3,-2.356194490192345,0.04891205887036388
1.3,-2.199114857512855,0.04999131053170362
1.3,-2.0420352248333655,0.04482170291205376
1.3,-1.884955592153876,0.03995979486868947
1.3,-1.7278759594743864,0.035330504058158
1.3,-1.5707963267948966,0.031142091687673425
1.3,-1.413716694115407,0.031818847702523946
1.3,-1.2566370614359172,0.027801851345190715
1.3,-1.0995574287564276,0.023196022939401643
1.3,-0.942477796076938,0.02156713530481511
1.3,-0.7853981633974483,0.019927326405032423
1.3,-0.6283185307179586,0.020099511006746902
1.3,-0.471238898038469,0.018752878219784858
1.3,-0.3141592653589793,0.019019200890953804
1.3,-0.15707963267948966,0.014975343820464915
1.3,0.0,0.005737203439462847
1.3,0.15707963267948966,0.014975343820464915
1.3,0.3141592653589793,0.019019200890953804
1.3,0.471238898038469,0.018752878219784858
1.3,0.6283185307179586,0.020099511006746902
1.3,0.7853981633974483,0.019927326405032423
1.3,0.942477796076938,0.02156713530481511
1.3,1.0995574287564276,0.023196022939401643
1.3,1.2566370614359172,0.027801851345190715
1.3,1.413716694115407,0.031818847702523946
1.3,1.5707963267948966,0.031142091687673425
1.3,1.7278759594743864,0.035330504058158
1.3,1.884955592153876,0.03995979486868947
1.3,2.0420352248333655,0.04482170291205376
1.3,2.199114857512855,0.04999131053170362
1.3,2.356194490192345,0.04891205887036388
1.3,2.5132741228718345,0.05424519402284704
1.3,2.6703537555513246,0.06394531512899114
1.3,2.827433388230814,0.06907970453959641
1.3,2.9845130209103035,0.0696612432023216
1.3,3.141592653589793,0.07550242586413329
1.35,-3.141592653589793,0.08420353259416771
1.35,-2.9845130209103035,0.07732536172468212
1.35,-2.827433388230814,0.07546629742522135
1.35,-2.6703537555513246,0.06856189387007164
1.35,-2.5132741228718345,0.05677302742116081
1.35,-2.356194490192345,0.04992073484468002
1.35,-2.199114857512855,0.04991630202616598
1.35,-2.0420352248333655,0.04384893146717284
1.35,-1.884955592153876,0.03841372664041744
1.35,-1.7278759594743864,0.03347079457273061
1.35,-1.5707963267948966,0.02911080453036672
1.35,-1.413716694115407,0.029413508938929446
1.35,-1.2566370614359172,0.025499851914052494
1.35,-1.0995574287564276,0.021122381341317185
1.35,-0.942477796076938,0.019516394827451322
1.35,-0.7853981633974483,0.017962431569233907
1.35,-0.6283185307179586,0.01804530319708856
1.35,-0.471238898038469,0.016795621707043115
1.35,-0.3141592653589793,0.016991419588222208
1.35,-0.15707963267948966,0.013363319601212089
1.35,0.0,0.005143312356309711
1.35,0.15707963267948966,0.013363319601212089
1.35,0.3141592653589793,0.016991419588222208
1.35,0.471238898038469,0.016795621707043115
1.35,0.6283185307179586,0.01804530319708856
1.35,0.7853981633974483,0.017962431569233907
1.35,0.942477796076938,0.019516394827451322
1.35,1.0995574287564276,0.021122381341317185
1.35,1.2566370614359172,0.025499851914052494
1.35,1.413716694115407,0.029413508938929446
1.35,1.5707963267948966,0.02911080453036672
1.35,1.7278759594743864,0.03347079457273061
1.35,1.884955592153876,0.03841372664041744
1.35,2.0420352248333655,0.04384893146717284
1.35,2.199114857512855,0.04991630202616598
1.35,2.356194490192345,0.04992073484468002
1.35,2.5132741228718345,0.05677302742116081
1.35,2.6703537555513246,0.06856189387007164
1.35,2.827433388230814,0.07546629742522135
1.35,2.9845130209103035,0.07732536172468212
1.35,3.141592653589793,0.08420353259416771
1.4,-3.141592653589793,0.09428836368088796
1.4,-2.9845130209103035,0.08607408427239492
1.4,-2.827433388230814,0.08235864091184862
1.4,-2.6703537555513246,0.07315362597818864
1.4,-2.5132741228718345,0.05889901221593399
1.4,-2.356194490192345,0.050370426464312675
1.4,-2.199114857512855,0.049207963316455834
1.4,-2.0420352248333655,0.042335164118936675
1.4,-1.884955592153876,0.036461148990663814
1.4,-1.7278759594743864,0.03133392841060089
1.4,-1.5707963267948966,0.026918871411016208
1.4,-1.413716694115407,0.02692728020616314
1.4,-1.2566370614359172,0.023184431601425297
1.4,-1.0995574287564276,0.019086598453258084
1.4,-0.942477796076938,0.01753959476909895
1.4,-0.7853981633974483,0.0160921739751282
1.4,-0.6283185307179586,0.016111319325536194
1.4,-0.471238898038469,0.014965896177311096
1.4,-0.3141592653589793,0.015107026251277434
1.4,-0.15707963267948966,0.01186900314207902
1.4,0.0,0.004592066290257073
1.4,0.15707963267948966,0.01186900314207902
1.4,0.3141592653589793,0.015107026251277434
1.4,0.471238898038469,0.014965896177311096
1.4,0.6283185307179586,0.016111319325536194
1.4,0.7853981633974483,0.0160921739751282
1.4,0.942477796076938,0.01753959476909895
1.4,1.0995574287564276,0.019086598453258084
1.4,1.2566370614359172,0.023184431601425297
1.4,1.413716694115407,0.02692728020616314
1.4,1.5707963267948966,0.026918871411016208
1.4,1.7278759594743864,0.03133392841060089
1.4,1.884955592153876,0.036461148990663814
1.4,2.0420352248333655,0.042335164118936675
1.4,2.199114857512855,0.049207963316455834
1.4,2.356194490192345,0.050370426464312675
1.4,2.5132741228718345,0.05889901221593399
1.4,2.6703537555513246,0.07315362597818864
1.4,2.827433388230814,0.08235864091184862
1.4,2.9845130209103035,0.08607408427239492
1.4,3.141592653589793,0.09428836368088796
1.45,-3.141592653589793,0.10610322276017856
1.45,-2.9845130209103035,0.09612402364857067
1.45,-2.827433388230814,0.08972581773966475
1.45,-2.6703537555513246,0.07755287795215032
1.45,-2.5132741228718345,0.0604505094327583
1.45,-2.356194490192345,0.050151060632704914
1.45,-2.199114857512855,0.047818260550828905
1.45,-2.0420352248333655,0.04029047205500512
1.45,-1.884955592153876,0.0341404172908738
1.45,-1.7278759594743864,0.028965630129558276
1.45,-1.5707963267948966,0.02460815907519826
1.45,-1.413716694115407,0.02439770617881425
1.45,-1.2566370614359172,0.020881368421401123
1.45,-1.0995574287564276,0.017101800747271075
1.45,-0.942477796076938,0.015641794957107952
1.45,-0.7853981633974483,0.014315003106071204
1.45,-0.6283185307179586,0.014290616856549785
1.45,-0.471238898038469,0.013253393853624265
1.45,-0.3141592653589793,0.013352360315011934
1.45,-0.15707963267948966,0.010480616917260092
1.45,0.0,0.0040796621836497815
1.45,0.15707963267948966,0.010480616917260092
1.45,0.3141592653589793,0.013352360315011934
1.45,0.471238898038469,0.013253393853624265
1.45,0.6283185307179586,0.014290616856549785
1.45,0.7853981633974483,0.014315003106071204
1.45,0.942477796076938,0.015641794957107952
1.45,1.0995574287564276,0.017101800747271075
1.45,1.2566370614359172,0.020881368421401123
1.45,1.413716694115407,0.02439770617881425
1.45,1.5707963267948966,0.02460815907519826
1.45,1.7278759594743864,0.028965630129558276
1.45,1.884955592153876,0.0341404172908738
1.45,2.0420352248333655,0.04029047205500512
1.45,2.199114857512855,0.047818260550828905
1.45,2.356194490192345,0.050151060632704914
1.45,2.5132741228718345,0.0604505094327583
1.45,2.6703537555513246,0.07755287795215032
1.45,2.827433388230814,0.08972581773966475
1.45,2.9845130209103035,0.09612402364857067
1.45,3.141592653589793,0.10610322276017856
1.5,-3.141592653589793,0.12011705310208355
1.5,-2.9845130209103035,0.107742380118713
1.5,-2.827433388230814,0.09747701615931574
1.5,-2.6703537555513246,0.08151824398425807
1.5,-2.5132741228718345,0.06122702697279652
1.5,-2.356194490192345,0.049161818126925196
1.5,-2.199114857512855,0.04572300368152858
1.5,-2.0420352248333655,0.03774544506903956
1.5,-1.884955592153876,0.031500884685011894
1.5,-1.7278759594743864,0.02641483946929003
1.5,-1.5707963267948966,0.022218741283451773
1.5,-1.413716694115407,0.021857861570038727
1.5,-1.2566370614359172,0.018611981049901978
1.5,-1.0995574287564276,0.015177934729661393
1.5,-0.942477796076938,0.013825950006448524
1.5,-0.7853981633974483,0.012628522322619351
1.5,-0.6283185307179586,0.012576459132546436
1.5,-0.471238898038469,0.011648855926376739
1.5,-0.3141592653589793,0.01171554538356631
1.5,-0.15707963267948966,0.009188138399294894
1.5,0.0,0.0036030442915921525
1.5,0.15707963267948966,0.009188138399294894
1.5,0.3141592653589793,0.01171554538356631
1.5,0.471238898038469,0.011648855926376739
1.5,0.6283185307179586,0.012576459132546436
1.5,0.7853981633974483,0.012628522322619351
1.5,0.942477796076938,0.013825950006448524
1.5,1.0995574287564276,0.015177934729661393
1.5,1.2566370614359172,0.018611981049901978
1.5,1.413716694115407,0.021857861570038727
1.5,1.5707963267948966,0.022218741283451773
1.5,1.7278759594743864,0.02641483946929003
1.5,1.884955592153876,0.031500884685011894
1.5,2.0420352248333655,0.03774544506903956
1.5,2.199114857512855,0.04572300368152858
1.5,2.356194490192345,0.049161818126925196
1.5,2.5132741228718345,0.06122702697279652
1.5,2.6703537555513246,0.08151824398425807
1.5,2.827433388230814,0.09747701615931574
1.5,2.9845130209103035,0.107742380118713
1.5,3.141592653589793,0.12011705310208355
1.55,-3.141592653589793,0.13697952030926538
1.55,-2.9845130209103035,0.1212568792764197
1.55,-2.827433388230814,0.10542240318764039
1.55,-2.6703537555513246,0.0847157481432512
1.55,-2.5132741228718345,0.061009376740487405
1.55,-2.356194490192345,0.04732306295790005
1.55,-2.199114857512855,0.042927601213523
1.55,-2.0420352248333655,0.03475041932975574
1.55,-1.884955592153876,0.02860019171861156
1.55,-1.7278759594743864,0.023731504231219558
1.55,-1.5707963267948966,0.01978788327921524
1.55,-1.413716694115407,0.0193363061002066
1.55,-1.2566370614359172,0.016393614410135354
1.55,-1.0995574287564276,0.013322388596708925
1.55,-0.942477796076938,0.012093497516615443
1.55,-0.7853981633974483,0.011029896035240627
1.55,-0.6283185307179586,0.010962525110233818
1.55,-0.471238898038469,0.010144080173509486
1.55,-0.3141592653589793,0.010186329922860012
1.55,-0.15707963267948966,0.007983116038784032
1.55,0.0,0.003159839203062949
1.55,0.15707963267948966,0.007983116038784032
1.55,0.3141592653589793,0.010186329922860012
1.55,0.471238898038469,0.010144080173509486
1.55,0.6283185307179586,0.010962525110233818
1.55,0.7853981633974483,0.011029896035240627
1.55,0.942477796076938,0.012093497516615443
1.55,1.0995574287564276,0.013322388596708925
1.55,1.2566370614359172,0.016393614410135354
1.55,1.413716694115407,0.0193363061002066
1.55,1.5707963267948966,0.01978788327921524
1.55,1.7278759594743864,0.023731504231219558
1.55,1.884955592153876,0.02860019171861156
1.55,2.0420352248333655,0.03475041932975574
1.55,2.199114857512855,0.042927601213523
1.55,2.356194490192345,0.04732306295790005
1.55,2.5132741228718345,0.061009376740487405
1.55,2.6703537555513246,0.0847157481432512
1.55,2.827433388230814,0.10542240318764039
1.55,2.9845130209103035,0.1212568792764197
1.55,3.141592653589793,0.13697952030926538
1.6,-3.141592653589793,0.15761062106886015
1.6,-2.9845130209103035,0.13706030630445837
1.6,-2.827433388230814,0.11321130546027439
1.6,-2.6703537555513246,0.08670169090731754
1.6,-2.5132741228718345,0.05957625738029643
1.6,-2.356194490192345,0.044588597989965825
1.6,-2.199114857512855,0.03946988618168957
1.6,-2.0420352248333655,0.031372350875288876
1.6,-1.884955592153876,0.025500621614526518
1.6,-1.7278759594743864,0.02096418544587316
1.6,-1.5707963267948966,0.017349037338892963
1.6,-1.413716694115407,0.016856950229900053
1.6,-1.2566370614359172,0.014239918869813909
1.6,-1.0995574287564276,0.011540328024862583
1.6,-0.942477796076938,0.01044463168146749
1.6,-0.7853981633974483,0.009515966640773707
1.6,-0.6283185307179586,0.009442858275760531
1.6,-0.471238898038469,0.008731725964064952
1.6,-0.3141592653589793,0.008755768281397047
1.6,-0.15707963267948966,0.006858380521955262
1.6,0.0,0.0027482324236959305
1.6,0.15707963267948966,0.006858380521955262
1.6,0.3141592653589793,0.008755768281397047
1.6,0.471238898038469,0.008731725964064952
1.6,0.6283185307179586,0.009442858275760531
1.6,0.7853981633974483,0.009515966640773707
1.6,0.942477796076938,0.01044463168146749
1.6,1.0995574287564276,0.011540328024862583
1.6,1.2566370614359172,0.014239918869813909
1.6,1.413716694115407,0.016856950229900053
1.6,1.5707963267948966,0.017349037338892963
1.6,1.7278759594743864,0.02096418544587316
1.6,1.884955592153876,0.025500621614526518
1.6,2.0420352248333655,0.031372350875288876
1.6,2.199114857512855,0.03946988618168957
1.6,2.356194490192345,0.044588597989965825
1.6,2.5132741228718345,0.05957625738029643
1.6,2.6703537555513246,0.08670169090731754
1.6,2.827433388230814,0.11321130546027439
1.6,2.9845130209103035,0.13706030630445837
1.6,3.141592653589793,0.15761062106886015
1.65,-3.141592653589793,0.18334687254507084
1.65,-2.9845130209103035,0.15560247735272628
1.65,-2.827433388230814,0.12024230055931186
1.65,-2.6703537555513246,0.08691772522631241
1.65,-2.5132741228718345,0.056731326476697375
1.65,-2.356194490192345,0.04095753563158843
1.65,-2.199114857512855,0.035420341837842186
1.65,-2.0420352248333655,0.027690665714195692
1.65,-1.884955592153876,0.022265770138662024
1.65,-1.7278759594743864,0.018158367989620096
1.65,-1.5707963267948966,0.014931460717728393
1.65,-1.413716694115407,0.01443938449256967
1.65,-1.2566370614359172,0.012161409191839933
1.65,-1.0995574287564276,0.009835172789707537
1.65,-0.942477796076938,0.008878675947271776
1.65,-0.7853981633974483,0.00808346707901204
1.65,-0.6283185307179586,0.008011930164745823
1.65,-0.471238898038469,0.007405253273337134
1.65,-0.3141592653589793,0.007416077838859535
1.65,-0.15707963267948966,0.005807901788742535
1.65,0.0,0.0023668642779444905
1.65,0.15707963267948966,0.005807901788742535
1.65,0.3141592653589793,0.007416077838859535
1.65,0.471238898038469,0.007405253273337134
1.65,0.6283185307179586,0.008011930164745823
1.65,0.7853981633974483,0.00808346707901204
1.65,0.942477796076938,0.008878675947271776
1.65,1.0995574287564276,0.009835172789707537
1.65,1.2566370614359172,0.012161409191839933
1.65,1.413716694115407,0.01443938449256967
1.65,1.5707963267948966,0.014931460717728393
1.65,1.7278759594743864,0.018158367989620096
1.65,1.884955592153876,0.022265770138662024
1.65,2.0420352248333655,0.027690665714195692
1.65,2.199114857512855,0.035420341837842186
1.65,2.356194490192345,0.04095753563158843
1.65,2.5132741228718345,0.056731326476697375
1.65,2.6703537555513246,0.08691772522631241
1.65,2.827433388230814,0.12024230055931186
1.65,2.9845130209103035,0.15560247735272628
1.65,3.141592653589793,0.18334687254507084
1.7,-3.141592653589793,0.21617696074369552
1.7,-2.9845130209103035,0.17734185330361554
1.7,-2.827433388230814,0.12553654604291253
1.7,-2.6703537555513246,0.08471038880146169
1.7,-2.5132741228718345,0.05233822034194123
1.7,-2.356194490192345,0.036481796136585844
1.7,-2.199114857512855,0.030877991312245986
1.7,-2.0420352248333655,0.023791574534957866
1.7,-1.884955592153876,0.018957019618416112
1.7,-1.7278759594743864,0.01535485232177561
1.7,-1.5707963267948966,0.012559804277636286
1.7,-1.413716694115407,0.0120990139471845
1.7,-1.2566370614359172,0.010165763107489508
1.7,-1.0995574287564276,0.008208804526984045
1.7,-0.942477796076938,0.007394197346476591
1.7,-0.7853981633974483,0.006729016908651114
1.7,-0.6283185307179586,0.006664493972837552
1.7,-0.471238898038469,0.006158677462676713
1.7,-0.3141592653589793,0.0061603420244306034
1.7,-0.15707963267948966,0.004826502708752256
1.7,0.0,0.002014594362213625
1.7,0.15707963267948966,0.004826502708752256
1.7,0.3141592653589793,0.0061603420244306034
1.7,0.471238898038469,0.006158677462676713
1.7,0.6283185307179586,0.006664493972837552
1.7,0.7853981633974483,0.006729016908651114
1.7,0.942477796076938,0.007394197346476591
1.7,1.0995574287564276,0.008208804526984045
1.7,1.2566370614359172,0.010165763107489508
1.7,1.413716694115407,0.0120990139471845
1.7,1.5707963267948966,0.012559804277636286
1.7,1.7278759594743864,0.01535485232177561
1.7,1.884955592153876,0.018957019618416112
1.7,2.0420352248333655,0.023791574534957866
1.7,2.199114857512855,0.030877991312245986
1.7,2.356194490192345,0.036481796136585844
1.7,2.5132741228718345,0.05233822034194123
1.7,2.6703537555513246,0.08471038880146169
1.7,2.827433388230814,0.12553654604291253
1.7,2.9845130209103035,0.17734185330361554
1.7,3.141592653589793,0.21617696074369552
1.75,-3.141592653589793,0.25911621724298267
1.75,-2.9845130209103035,0.20259185229060558
1.75,-2.827433388230814,0.1275780868535075
1.75,-2.6703537555513246,0.07939524487557709
1.75,-2.5132741228718345,0.04635842763120277
1.75,-2.356194490192345,0.03126664414309335
1.75,-2.199114857512855,0.02596220474813913
1.75,-2.0420352248333655,0.01976160224034534
1.75,-1.884955592153876,0.015630198186908504
1.75,-1.7278759594743864,0.012588366807239605
1.75,-1.5707963267948966,0.010253686366257255
1.75,-1.413716694115407,0.00984702958402922
1.75,-1.2566370614359172,0.008257916130218626
1.75,-1.0995574287564276,0.006661585172813621
1.75,-0.942477796076938,0.005988947072678077
1.75,-0.7853981633974483,0.005449001482250576
1.75,-0.6283185307179586,0.005395313069613624
1.75,-0.471238898038469,0.00498620235205004
1.75,-0.3141592653589793,0.004982096363192708
1.75,-0.15707963267948966,0.003909406144538898
1.75,0.0,0.0016900592778660252
1.75,0.15707963267948966,0.003909406144538898
1.75,0.3141592653589793,0.004982096363192708
1.75,0.471238898038469,0.00498620235205004
1.75,0.6283185307179586,0.005395313069613624
1.75,0.7853981633974483,0.005449001482250576
1.75,0.942477796076938,0.005988947072678077
1.75,1.0995574287564276,0.006661585172813621
1.75,1.2566370614359172,0.008257916130218626
1.75,1.413716694115407,0.00984702958402922
1.75,1.5707963267948966,0.010253686366257255
1.75,1.7278759594743864,0.012588366807239605
1.75,1.884955592153876,0.015630198186908504
1.75,2.0420352248333655,0.01976160224034534
1.75,2.199114857512855,0.02596220474813913
1.75,2.356194490192345,0.03126664414309335
1.75,2.5132741228718345,0.04635842763120277
1.75,2.6703537555513246,0.07939524487557709
1.75,2.827433388230814,0.1275780868535075
1.75,2.9845130209103035,0.20259185229060558
1.75,3.141592653589793,0.25911621724298267
1.8,-3.141592653589793,0.3167883517019996
1.8,-2.9845130209103035,0.23112078392798174
1.8,-2.827433388230814,0.12417400877857168
1.8,-2.6703537555513246,0.07039689960590909
1.8,-2.5132741228718345,0.0388872023278072
1.8,-2.356194490192345,0.02546637025931151
1.8,-2.199114857512855,0.020804420152690586
1.8,-2.0420352248333655,0.015683305420920893
1.8,-1.884955592153876,0.012334419409078756
1.8,-1.7278759594743864,0.009887850960831123
1.8,-1.5707963267948966,0.008028329732173937
1.8,-1.413716694115407,0.0076912842501648164
1.8,-1.2566370614359172,0.0064408805226010765
1.8,-1.0995574287564276,0.00519296752053157
1.8,-0.942477796076938,0.004660339316585234
1.8,-0.7853981633974483,0.004239995515725415
1.8,-0.6283185307179586,0.004199414231608847
1.8,-0.471238898038469,0.0038823391102378825
1.8,-0.3141592653589793,0.003875343135615198
1.8,-0.15707963267948966,0.0030519729526054225
1.8,0.0,0.0013910823318436024
1.8,0.15707963267948966,0.0030519729526054225
1.8,0.3141592653589793,0.003875343135615198
1.8,0.471238898038469,0.0038823391102378825
1.8,0.6283185307179586,0.004199414231608847
1.8,0.7853981633974483,0.004239995515725415
1.8,0.942477796076938,0.004660339316585234
1.8,1.0995574287564276,0.00519296752053157
1.8,1.2566370614359172,0.0064408805226010765
1.8,1.413716694115407,0.0076912842501648164
1.8,1.5707963267948966,0.008028329732173937
1.8,1.7278759594743864,0.009887850960831123
1.8,1.884955592153876,0.012334419409078756
1.8,2.0420352248333655,0.015683305420920893
1.8,2.199114857512855,0.020804420152690586
1.8,2.356194490192345,0.02546637025931151
1.8,2.5132741228718345,0.0388872023278072
1.8,2.6703537555513246,0.07039689960590909
1.8,2.827433388230814,0.12417400877857168
1.8,2.9845130209103035,0.23112078392798174
1.8,3.141592653589793,0.3167883517019996
1.85,-3.141592653589793,0.39624218682962714
1.85,-2.9845130209103035,0.2611875541001557
1.85,-2.827433388230814,0.11251026516323719
1.85,-2.6703537555513246,0.05749803828659514
1.85,-2.5132741228718345,0.030185618140664425
1.85,-2.356194490192345,0.019283200407570717
1.85,-2.199114857512855,0.015547496282003439
1.85,-2.0420352248333655,0.011638160935686169
1.85,-1.884955592153876,0.009116492355900757
1.85,-1.7278759594743864,0.0072809567518266494
1.85,-1.5707963267948966,0.005898241390354744
1.85,-1.413716694115407,0.0056400168077678225
1.85,-1.2566370614359172,0.004718919207912187
1.85,-1.0995574287564276,0.003804062166755097
1.85,-0.942477796076938,0.003407713247443418
1.85,-0.7853981633974483,0.0031008206047658713
1.85,-0.6283185307179586,0.0030739649336598424
1.85,-0.471238898038469,0.0028435947860167895
1.85,-0.3141592653589793,0.0028359634006980806
1.85,-0.15707963267948966,0.0022503266218283475
1.85,0.0,0.001114074417404877
1.85,0.15707963267948966,0.0022503266218283475
1.85,0.3141592653589793,0.0028359634006980806
1.85,0.471238898038469,0.0028435947860167895
1.85,0.6283185307179586,0.0030739649336598424
1.85,0.7853981633974483,0.0031008206047658713
1.85,0.942477796076938,0.003407713247443418
1.85,1.0995574287564276,0.003804062166755097
1.85,1.2566370614359172,0.004718919207912187
1.85,1.413716694115407,0.0056400168077678225
1.85,1.5707963267948966,0.005898241390354744
1.85,1.7278759594743864,0.0072809567518266494
1.85,1.884955592153876,0.009116492355900757
1.85,2.0420352248333655,0.011638160935686169
1.85,2.199114857512855,0.015547496282003439
1.85,2.356194490192345,0.019283200407570717
1.85,2.5132741228718345,0.030185618140664425
1.85,2.6703537555513246,0.05749803828659514
1.85,2.827433388230814,0.11251026516323719
1.85,2.9845130209103035,0.2611875541001557
1.85,3.141592653589793,0.39624218682962714
1.9,-3.141592653589793,0.507801206912313
1.9,-2.9845130209103035,0.2874325320261711
1.9,-2.827433388230814,0.08988815289485433
1.9,-2.6703537555513246,0.041232232403329745
1.9,-2.5132741228718345,0.020732267123773972
1.9,-2.356194490192345,0.01299436320360792
1.9,-2.199114857512855,0.0103729802009886
1.9,-2.0420352248333655,0.007730504863279121
1.9,-1.884955592153876,0.006040783699858228
1.9,-1.7278759594743864,0.00481045410428219
1.9,-1.5707963267948966,0.003890306878492827
1.9,-1.413716694115407,0.0037146378879848838
1.9,-1.2566370614359172,0.0031080661534363236
1.9,-1.0995574287564276,0.002506309741070874
1.9,-0.942477796076938,0.002240222374535448
1.9,-0.7853981633974483,0.0020395212340897544
1.9,-0.6283185307179586,0.0020250807790772973
1.9,-0.471238898038469,0.001874888537509088
1.9,-0.3141592653589793,0.0018677673693296502
1.9,-0.15707963267948966,0.0015052153443642958
1.9,0.0,0.0008532068797786233
1.9,0.15707963267948966,0.0015052153443642958
1.9,0.3141592653589793,0.0018677673693296502
1.9,0.471238898038469,0.001874888537509088
1.9,0.6283185307179586,0.0020250807790772973
1.9,0.7853981633974483,0.0020395212340897544
1.9,0.942477796076938,0.002240222374535448
1.9,1.0995574287564276,0.002506309741070874
1.9,1.2566370614359172,0.0031080661534363236
1.9,1.413716694115407,0.0037146378879848838
1.9,1.5707963267948966,0.003890306878492827
1.9,1.7278759594743864,0.00481045410428219
1.9,1.884955592153876,0.006040783699858228
1.9,2.0420352248333655,0.007730504863279121
1.9,2.199114857512855,0.0103729802009886
1.9,2.356194490192345,0.01299436320360792
1.9,2.5132741228718345,0.020732267123773972
1.9,2.6703537555513246,0.041232232403329745
1.9,2.827433388230814,0.08988815289485433
1.9,2.9845130209103035,0.2874325320261711
1.9,3.141592653589793,0.507801206912313
1.95,-3.141592653589793,0.6641945404160218
1.95,-2.9845130209103035,0.297467848146593
1.95,-2.827433388230814,0.05618047880588243
1.95,-2.6703537555513246,0.02343656107546701
1.95,-2.5132741228718345,0.011377447710605351
1.95,-2.356194490192345,0.0070550659863729435
1.95,-2.199114857512855,0.005594548691736449
1.95,-2.0420352248333655,0.004161212114307921
1.95,-1.884955592153876,0.003245265279910974
1.95,-1.7278759594743864,0.002578561750937012
1.95,-1.5707963267948966,0.002080066726766528
1.95,-1.413716694115407,0.0019849035075430654
1.95,-1.2566370614359172,0.0016644545774835019
1.95,-1.0995574287564276,0.0013448901818349885
1.95,-0.942477796076938,0.0011983086336737094
1.95,-0.7853981633974483,0.0010918147515917792
1.95,-0.6283185307179586,0.0010866214710405606
1.95,-0.471238898038469,0.0010070285281139448
1.95,-0.3141592653589793,0.0010006112866395543
1.95,-0.15707963267948966,0.0008326538062590637
1.95,0.0,0.000591787510326177
1.95,0.15707963267948966,0.0008326538062590637
1.95,0.3141592653589793,0.0010006112866395543
1.95,0.471238898038469,0.0010070285281139448
1.95,0.6283185307179586,0.0010866214710405606
1.95,0.7853981633974483,0.0010918147515917792
1.95,0.942477796076938,0.0011983086336737094
1.95,1.0995574287564276,0.0013448901818349885
1.95,1.2566370614359172,0.0016644545774835019
1.95,1.413716694115407,0.0019849035075430654
1.95,1.5707963267948966,0.002080066726766528
1.95,1.7278759594743864,0.002578561750937012
1.95,1.884955592153876,0.003245265279910974
1.95,2.0420352248333655,0.004161212114307921
1.95,2.199114857512855,0.005594548691736449
1.95,2.356194490192345,0.0070550659863729435
1.95,2.5132741228718345,0.011377447710605351
1.95,2.6703537555513246,0.02343656107546701
1.95,2.827433388230814,0.05618047880588243
1.95,2.9845130209103035,0.297467848146593
1.95,3.141592653589793,0.6641945404160218
