r,Frequency,Empirical
0.05,-3.141592653589793,0.00010676179856603787
0.05,-2.9845130209103035,0.00010461847038515378
0.05,-2.827433388230814,0.0001193296441609794
0.05,-2.6703537555513246,0.0001319050881296004
0.05,-2.5132741228718345,0.00012863600498863454
0.05,-2.356194490192345,0.0001361109183175803
0.05,-2.199114857512855,0.0001592742055430441
0.05,-2.0420352248333655,0.00016927165337240278
0.05,-1.884955592153876,0.0001842309930943694
0.05,-1.7278759594743864,0.0001957550508888265
0.05,-1.5707963267948966,0.00022116814513850846
0.05,-1.413716694115407,0.000288983821530029
0.05,-1.2566370614359172,0.0003215439576256729
0.05,-1.0995574287564276,0.0003864769591736588
0.05,-0.942477796076938,0.0005154434186969955
0.05,-0.7853981633974483,0.0007025216835450475
0.05,-0.6283185307179586,0.001178414858343379
0.05,-0.471238898038469,0.002051479263563949
0.05,-0.3141592653589793,0.005866266117287559
0.05,-0.15707963267948966,0.012642018280303691
0.05,0.0,0.004686865893882514
0.05,0.15707963267948966,0.012642018280303691
0.05,0.3141592653589793,0.005866266117287559
0.05,0.471238898038469,0.002051479263563949
0.05,0.6283185307179586,0.001178414858343379
0.05,0.7853981633974483,0.0007025216835450475
0.05,0.942477796076938,0.0005154434186969955
0.05,1.0995574287564276,0.0003864769591736588
0.05,1.2566370614359172,0.0003215439576256729
0.05,1.413716694115407,0.000288983821530029
0.05,1.5707963267948966,0.00022116814513850846
0.05,1.7278759594743864,0.0001957550508888265
0.05,1.884955592153876,0.0001842309930943694
0.05,2.0420352248333655,0.00016927165337240278
0.05,2.199114857512855,0.0001592742055430441
0.05,2.356194490192345,0.0001361109183175803
0.05,2.5132741228718345,0.00012863600498863454
0.05,2.6703537555513246,0.0001319050881296004
0.05,2.827433388230814,0.0001193296441609794
0.05,2.9845130209103035,0.00010461847038515378
0.05,3.141592653589793,0.00010676179856603787
0.1,-3.141592653589793,0.00044394663684135414
0.1,-2.9845130209103035,0.00042869007245349325
0.1,-2.827433388230814,0.00047783333190945916
0.1,-2.6703537555513246,0.0005128448373130288
0.1,-2.5132741228718345,0.0004973445995722964
0.1,-2.356194490192345,0.0005293509919741367
0.1,-2.199114857512855,0.0006255152671522001
0.1,-2.0420352248333655,0.0006670729193638095
0.1,-1.884955592153876,0.0007304362352855455
0.1,-1.7278759594743864,0.0007823172315370451
0.1,-1.5707963267948966,0.0008802699293845569
0.1,-1.413716694115407,0.0011597208366505478
0.1,-1.2566370614359172,0.0012918554671484707
0.1,-1.0995574287564276,0.0015268711047398413
0.1,-0.942477796076938,0.0020052481227349887
0.1,-0.7853981633974483,0.002729753577433625
0.1,-0.6283185307179586,0.004516344803768687
0.1,-0.471238898038469,0.007705562279598051
0.1,-0.3141592653589793,0.01917913047290537
0.1,-0.15707963267948966,0.03351702975170087
0.1,0.0,0.013112073811760052
0.1,0.15707963267948966,0.03351702975170087
0.1,0.3141592653589793,0.01917913047290537
0.1,0.471238898038469,0.007705562279598051
0.1,0.6283185307179586,0.004516344803768687
0.1,0.7853981633974483,0.002729753577433625
0.1,0.942477796076938,0.0020052481227349887
0.1,1.0995574287564276,0.0015268711047398413
0.1,1.2566370614359172,0.0012918554671484707
0.1,1.413716694115407,0.0011597208366505478
0.1,1.5707963267948966,0.0008802699293845569
0.1,1.7278759594743864,0.0007823172315370451
0.1,1.884955592153876,0.0007304362352855455
0.1,2.0420352248333655,0.0006670729193638095
0.1,2.199114857512855,0.0006255152671522001
0.1,2.356194490192345,0.0005293509919741367
0.1,2.5132741228718345,0.0004973445995722964
0.1,2.6703537555513246,0.0005128448373130288
0.1,2.827433388230814,0.00047783333190945916
0.1,2.9845130209103035,0.00042869007245349325
0.1,3.141592653589793,0.00044394663684135414
0.15,-3.141592653589793,0.0010552004633625474
0.15,-2.9845130209103035,0.0010124135417261407
0.15,-2.827433388230814,0.0011147314667993408
0.15,-2.6703537555513246,0.001179866433392086
0.15,-2.5132741228718345,0.0011432698766222563
0.15,-2.356194490192345,0.0012179140690557338
0.15,-2.199114857512855,0.0014445197212590317
0.15,-2.0420352248333655,0.0015418107891228328
0.15,-1.884955592153876,0.0016899898996025932
0.15,-1.7278759594743864,0.0018188730901148146
0.15,-1.5707963267948966,0.0020426139637669564
0.15,-1.413716694115407,0.002694599805242302
0.15,-1.2566370614359172,0.003000058151496107
0.15,-1.0995574287564276,0.003513789747509461
0.15,-0.942477796076938,0.00457234268580016
0.15,-0.7853981633974483,0.0061891316441771895
0.15,-0.6283185307179586,0.010048012087073578
0.15,-0.471238898038469,0.016503418085674505
0.15,-0.3141592653589793,0.03598176552445162
0.15,-0.15707963267948966,0.05311705923467997
0.15,0.0,0.020600248338366305
0.15,0.15707963267948966,0.05311705923467997
0.15,0.3141592653589793,0.03598176552445162
0.15,0.471238898038469,0.016503418085674505
0.15,0.6283185307179586,0.010048012087073578
0.15,0.7853981633974483,0.0061891316441771895
0.15,0.942477796076938,0.00457234268580016
0.15,1.0995574287564276,0.003513789747509461
0.15,1.2566370614359172,0.003000058151496107
0.15,1.413716694115407,0.002694599805242302
0.15,1.5707963267948966,0.0020426139637669564
0.15,1.7278759594743864,0.0018188730901148146
0.15,1.884955592153876,0.0016899898996025932
0.15,2.0420352248333655,0.0015418107891228328
0.15,2.199114857512855,0.0014445197212590317
0.15,2.356194490192345,0.0012179140690557338
0.15,2.5132741228718345,0.0011432698766222563
0.15,2.6703537555513246,0.001179866433392086
0.15,2.827433388230814,0.0011147314667993408
0.15,2.9845130209103035,0.0010124135417261407
0.15,3.141592653589793,0.0010552004633625474
0.2,-3.141592653589793,0.0019876558272542005
0.2,-2.9845130209103035,0.0019001447908385217
0.2,-2.827433388230814,0.0020761016985604225
0.2,-2.6703537555513246,0.002178371342596311
0.2,-2.5132741228718345,0.0021107161284329855
0.2,-2.356194490192345,0.0022477216597007327
0.2,-2.199114857512855,0.0026706868124245914
0.2,-2.0420352248333655,0.00285158938299656
0.2,-1.884955592153876,0.0031245922854493927
0.2,-1.7278759594743864,0.0033716315653964947
0.2,-1.5707963267948966,0.0037787953463766233
0.2,-1.413716694115407,0.004979775164871826
0.2,-1.2566370614359172,0.0055344654522151765
0.2,-1.0995574287564276,0.006428289815384931
0.2,-0.942477796076938,0.00829013830303149
0.2,-0.7853981633974483,0.011106490836185704
0.2,-0.6283185307179586,0.01760656837668163
0.2,-0.471238898038469,0.02756315559264371
0.2,-0.3141592653589793,0.05324831006994386
0.2,-0.15707963267948966,0.06870050540250444
0.2,0.0,0.026221847325853864
0.2,0.15707963267948966,0.06870050540250444
0.2,0.3141592653589793,0.05324831006994386
0.2,0.471238898038469,0.02756315559264371
0.2,0.6283185307179586,0.01760656837668163
0.2,0.7853981633974483,0.011106490836185704
0.2,0.942477796076938,0.00829013830303149
0.2,1.0995574287564276,0.006428289815384931
0.2,1.2566370614359172,0.0055344654522151765
0.2,1.413716694115407,0.004979775164871826
0.2,1.5707963267948966,0.0037787953463766233
0.2,1.7278759594743864,0.0033716315653964947
0.2,1.884955592153876,0.0031245922854493927
0.2,2.0420352248333655,0.00285158938299656
0.2,2.199114857512855,0.0026706868124245914
0.2,2.356194490192345,0.0022477216597007327
0.2,2.5132741228718345,0.0021107161284329855
0.2,2.6703537555513246,0.002178371342596311
0.2,2.827433388230814,0.0020761016985604225
0.2,2.9845130209103035,0.0019001447908385217
0.2,3.141592653589793,0.0019876558272542005
0.25,-3.141592653589793,0.0032955488720356925
0.25,-2.9845130209103035,0.0031429157251648904
0.25,-2.827433388230814,0.0034155720058674697
0.25,-2.6703537555513246,0.0035615402516026512
0.25,-2.5132741228718345,0.003450555221293056
0.25,-2.356194490192345,0.003671481011793084
0.25,-2.199114857512855,0.004366461511887549
0.25,-2.0420352248333655,0.004662373709584646
0.25,-1.884955592153876,0.005103288050313986
0.25,-1.7278759594743864,0.005512770663652082
0.25,-1.5707963267948966,0.006163535033924447
0.25,-1.413716694115407,0.008101992874173609
0.25,-1.2566370614359172,0.008977401785529804
0.25,-1.0995574287564276,0.010332380030172643
0.25,-0.942477796076938,0.013190943121000331
0.25,-0.7853981633974483,0.01741729832903076
0.25,-0.6283185307179586,0.02683544234134796
0.25,-0.471238898038469,0.039846639002655115
0.25,-0.3141592653589793,0.0692147526620906
0.25,-0.15707963267948966,0.0802953363266876
0.25,0.0,0.030221690339574662
0.25,0.15707963267948966,0.0802953363266876
0.25,0.3141592653589793,0.0692147526620906
0.25,0.471238898038469,0.039846639002655115
0.25,0.6283185307179586,0.02683544234134796
0.25,0.7853981633974483,0.01741729832903076
0.25,0.942477796076938,0.013190943121000331
0.25,1.0995574287564276,0.010332380030172643
0.25,1.2566370614359172,0.008977401785529804
0.25,1.413716694115407,0.008101992874173609
0.25,1.5707963267948966,0.006163535033924447
0.25,1.7278759594743864,0.005512770663652082
0.25,1.884955592153876,0.005103288050313986
0.25,2.0420352248333655,0.004662373709584646
0.25,2.199114857512855,0.004366461511887549
0.25,2.356194490192345,0.003671481011793084
0.25,2.5132741228718345,0.003450555221293056
0.25,2.6703537555513246,0.0035615402516026512
0.25,2.827433388230814,0.0034155720058674697
0.25,2.9845130209103035,0.0031429157251648904
0.25,3.141592653589793,0.0032955488720356925
0.3,-3.141592653589793,0.005042229199011437
0.3,-2.9845130209103035,0.0048002019524389285
0.3,-2.827433388230814,0.005195778571960002
0.3,-2.6703537555513246,0.00539155110816669
0.3,-2.5132741228718345,0.00522173809915853
0.3,-2.356194490192345,0.0055498983930171554
0.3,-2.199114857512855,0.006603238243495552
0.3,-2.0420352248333655,0.007048513362694473
0.3,-1.884955592153876,0.0077024406290139855
0.3,-1.7278759594743864,0.008319846254602513
0.3,-1.5707963267948966,0.00927412609336653
0.3,-1.413716694115407,0.012145702848138823
0.3,-1.2566370614359172,0.01340021583028355
0.3,-1.0995574287564276,0.01526233288360395
0.3,-0.942477796076938,0.019257067980780675
0.3,-0.7853981633974483,0.024968401429842142
0.3,-0.6283185307179586,0.037254848897458386
0.3,-0.471238898038469,0.0524113523195341
0.3,-0.3141592653589793,0.08310275193731428
0.3,-0.15707963267948966,0.08871353981030444
0.3,0.0,0.03304517005049898
0.3,0.15707963267948966,0.08871353981030444
0.3,0.3141592653589793,0.08310275193731428
0.3,0.471238898038469,0.0524113523195341
0.3,0.6283185307179586,0.037254848897458386
0.3,0.7853981633974483,0.024968401429842142
0.3,0.942477796076938,0.019257067980780675
0.3,1.0995574287564276,0.01526233288360395
0.3,1.2566370614359172,0.01340021583028355
0.3,1.413716694115407,0.012145702848138823
0.3,1.5707963267948966,0.00927412609336653
0.3,1.7278759594743864,0.008319846254602513
0.3,1.884955592153876,0.0077024406290139855
0.3,2.0420352248333655,0.007048513362694473
0.3,2.199114857512855,0.006603238243495552
0.3,2.356194490192345,0.0055498983930171554
0.3,2.5132741228718345,0.00522173809915853
0.3,2.6703537555513246,0.00539155110816669
0.3,2.827433388230814,0.005195778571960002
0.3,2.9845130209103035,0.0048002019524389285
0.3,3.141592653589793,0.005042229199011437
0.35,-3.141592653589793,0.0073022355135703015
0.35,-2.9845130209103035,0.006941835115848583
0.35,-2.827433388230814,0.007490193584343016
0.35,-2.6703537555513246,0.007741203751141076
0.35,-2.5132741228718345,0.007492838488713168
0.35,-2.356194490192345,0.007952969106304528
0.35,-2.199114857512855,0.009462463129850981
0.35,-2.0420352248333655,0.01009345068446334
0.35,-1.884955592153876,0.011005767140542458
0.35,-1.7278759594743864,0.01187499415187333
0.35,-1.5707963267948966,0.013188358453263507
0.35,-1.413716694115407,0.017188939680657156
0.35,-1.2566370614359172,0.018857672702983424
0.35,-1.0995574287564276,0.021222653818386464
0.35,-0.942477796076938,0.02641614659384181
0.35,-0.7853981633974483,0.03353197398405004
0.35,-0.6283185307179586,0.04834245666841633
0.35,-0.471238898038469,0.06454121504404293
0.35,-0.3141592653589793,0.09474483415909042
0.35,-0.15707963267948966,0.09479571456969377
0.35,0.0,0.03506450797880782
0.35,0.15707963267948966,0.09479571456969377
0.35,0.3141592653589793,0.09474483415909042
0.35,0.471238898038469,0.06454121504404293
0.35,0.6283185307179586,0.04834245666841633
0.35,0.7853981633974483,0.03353197398405004
0.35,0.942477796076938,0.02641614659384181
0.35,1.0995574287564276,0.021222653818386464
0.35,1.2566370614359172,0.018857672702983424
0.35,1.413716694115407,0.017188939680657156
0.35,1.5707963267948966,0.013188358453263507
0.35,1.7278759594743864,0.01187499415187333
0.35,1.884955592153876,0.011005767140542458
0.35,2.0420352248333655,0.01009345068446334
0.35,2.199114857512855,0.009462463129850981
0.35,2.356194490192345,0.007952969106304528
0.35,2.5132741228718345,0.007492838488713168
0.35,2.6703537555513246,0.007741203751141076
0.35,2.827433388230814,0.007490193584343016
0.35,2.9845130209103035,0.006941835115848583
0.35,3.141592653589793,0.0073022355135703015
0.4,-3.141592653589793,0.010163706321675407
0.4,-2.9845130209103035,0.009650241280680753
0.4,-2.827433388230814,0.010385328467706286
0.4,-2.6703537555513246,0.010695927031149877
0.4,-2.5132741228718345,0.010343781425647312
0.4,-2.356194490192345,0.010961395609351566
0.4,-2.199114857512855,0.013036839568095131
0.4,-2.0420352248333655,0.013890393570835994
0.4,-1.884955592153876,0.015104154236075031
0.4,-1.7278759594743864,0.016263699221413616
0.4,-1.5707963267948966,0.017981799749572033
0.4,-1.413716694115407,0.023298235382765615
0.4,-1.2566370614359172,0.025381993245620304
0.4,-1.0995574287564276,0.028181312810483323
0.4,-0.942477796076938,0.03454226309659284
0.4,-0.7853981633974483,0.042829725121333824
0.4,-0.6283185307179586,0.05960545763919818
0.4,-0.471238898038469,0.0757734075397874
0.4,-0.3141592653589793,0.10429020088205188
0.4,-0.15707963267948966,0.09921185676112038
0.4,0.0,0.03654152279622678
0.4,0.15707963267948966,0.09921185676112038
0.4,0.3141592653589793,0.10429020088205188
0.4,0.471238898038469,0.0757734075397874
0.4,0.6283185307179586,0.05960545763919818
0.4,0.7853981633974483,0.042829725121333824
0.4,0.942477796076938,0.03454226309659284
0.4,1.0995574287564276,0.028181312810483323
0.4,1.2566370614359172,0.025381993245620304
0.4,1.413716694115407,0.023298235382765615
0.4,1.5707963267948966,0.017981799749572033
0.4,1.7278759594743864,0.016263699221413616
0.4,1.884955592153876,0.015104154236075031
0.4,2.0420352248333655,0.013890393570835994
0.4,2.199114857512855,0.013036839568095131
0.4,2.356194490192345,0.010961395609351566
0.4,2.5132741228718345,0.010343781425647312
0.4,2.6703537555513246,0.010695927031149877
0.4,2.827433388230814,0.010385328467706286
0.4,2.9845130209103035,0.009650241280680753
0.4,3.141592653589793,0.010163706321675407
0.45,-3.141592653589793,0.01373132918578478
0.45,-2.9845130209103035,0.013023170464912836
0.45,-2.827433388230814,0.013983420026645297
0.45,-2.6703537555513246,0.014356219588357963
0.45,-2.5132741228718345,0.013867835619697469
0.45,-2.356194490192345,0.014668167425892676
0.45,-2.199114857512855,0.01743156079159627
0.45,-2.0420352248333655,0.018542800541209797
0.45,-1.884955592153876,0.020095093058916217
0.45,-1.7278759594743864,0.021572988295984995
0.45,-1.5707963267948966,0.023724422455758294
0.45,-1.413716694115407,0.030522983801244997
0.45,-1.2566370614359172,0.032977215547132684
0.45,-1.0995574287564276,0.0360673276704418
0.45,-0.942477796076938,0.043463105218457455
0.45,-0.7853981633974483,0.05256196408417018
0.45,-0.6283185307179586,0.07062975896344091
0.45,-0.471238898038469,0.08586456472578059
0.45,-0.3141592653589793,0.11201740238688204
0.45,-0.15707963267948966,0.10245007784206027
0.45,0.0,0.037650277749080585
0.45,0.15707963267948966,0.10245007784206027
0.45,0.3141592653589793,0.11201740238688204
0.45,0.471238898038469,0.08586456472578059
0.45,0.6283185307179586,0.07062975896344091
0.45,0.7853981633974483,0.05256196408417018
0.45,0.942477796076938,0.043463105218457455
0.45,1.0995574287564276,0.0360673276704418
0.45,1.2566370614359172,0.032977215547132684
0.45,1.413716694115407,0.030522983801244997
0.45,1.5707963267948966,0.023724422455758294
0.45,1.7278759594743864,0.021572988295984995
0.45,1.884955592153876,0.020095093058916217
0.45,2.0420352248333655,0.018542800541209797
0.45,2.199114857512855,0.01743156079159627
0.45,2.356194490192345,0.014668167425892676
0.45,2.5132741228718345,0.013867835619697469
0.45,2.6703537555513246,0.014356219588357963
0.45,2.827433388230814,0.013983420026645297
0.45,2.9845130209103035,0.013023170464912836
0.45,3.141592653589793,0.01373132918578478
0.5,-3.141592653589793,0.018130021432696555
0.5,-2.9845130209103035,0.0171770896825598
0.5,-2.827433388230814,0.018405744723029662
0.5,-2.6703537555513246,0.018840630687673436
0.5,-2.5132741228718345,0.018173958000596027
0.5,-2.356194490192345,0.019180330673320974
0.5,-2.199114857512855,0.02276552513571109
0.5,-2.0420352248333655,0.024164572866869946
0.5,-1.884955592153876,0.026081589544727515
0.5,-1.7278759594743864,0.02788892428107294
0.5,-1.5707963267948966,0.030476577254660648
0.5,-1.413716694115407,0.038889622416499604
0.5,-1.2566370614359172,0.04161458753028749
0.5,-1.0995574287564276,0.04477159677403385
0.5,-0.942477796076938,0.052972279611603855
0.5,-0.7853981633974483,0.062435837413562775
0.5,-0.6283185307179586,0.08110320460978271
0.5,-0.471238898038469,0.09473423242957667
0.5,-0.3141592653589793,0.11823155833498382
0.5,-0.15707963267948966,0.10485349125595544
0.5,0.0,0.03850496292880571
0.5,0.15707963267948966,0.10485349125595544
0.5,0.3141592653589793,0.11823155833498382
0.5,0.471238898038469,0.09473423242957667
0.5,0.6283185307179586,0.08110320460978271
0.5,0.7853981633974483,0.062435837413562775
0.5,0.942477796076938,0.052972279611603855
0.5,1.0995574287564276,0.04477159677403385
0.5,1.2566370614359172,0.04161458753028749
0.5,1.413716694115407,0.038889622416499604
0.5,1.5707963267948966,0.030476577254660648
0.5,1.7278759594743864,0.02788892428107294
0.5,1.884955592153876,0.026081589544727515
0.5,2.0420352248333655,0.024164572866869946
0.5,2.199114857512855,0.02276552513571109
0.5,2.356194490192345,0.019180330673320974
0.5,2.5132741228718345,0.018173958000596027
0.5,2.6703537555513246,0.018840630687673436
0.5,2.827433388230814,0.018405744723029662
0.5,2.9845130209103035,0.0171770896825598
0.5,3.141592653589793,0.018130021432696555
0.55,-3.141592653589793,0.023509566415247853
0.55,-2.9845130209103035,0.02225144208124561
0.55,-2.827433388230814,0.02379673884974727
0.55,-2.6703537555513246,0.02428941612357619
0.55,-2.5132741228718345,0.02338957615935144
0.55,-2.356194490192345,0.024620955680462596
0.55,-2.199114857512855,0.029172468951342005
0.55,-2.0420352248333655,0.030879829836381354
0.55,-1.884955592153876,0.033170392226167085
0.55,-1.7278759594743864,0.03529330987458565
0.55,-1.5707963267948966,0.038284395481358736
0.55,-1.413716694115407,0.04839609083388171
0.55,-1.2566370614359172,0.05122969042720695
0.55,-1.0995574287564276,0.05415131101029346
0.55,-0.942477796076938,0.06284492615512481
0.55,-0.7853981633974483,0.07218824210532424
0.55,-0.6283185307179586,0.090817365902738
0.55,-0.471238898038469,0.10240880678828165
0.55,-0.3141592653589793,0.12321579961870655
0.55,-0.15707963267948966,0.10666033822313536
0.55,0.0,0.03918089473705735
0.55,0.15707963267948966,0.10666033822313536
0.55,0.3141592653589793,0.12321579961870655
0.55,0.471238898038469,0.10240880678828165
0.55,0.6283185307179586,0.090817365902738
0.55,0.7853981633974483,0.07218824210532424
0.55,0.942477796076938,0.06284492615512481
0.55,1.0995574287564276,0.05415131101029346
0.55,1.2566370614359172,0.05122969042720695
0.55,1.413716694115407,0.04839609083388171
0.55,1.5707963267948966,0.038284395481358736
0.55,1.7278759594743864,0.03529330987458565
0.55,1.884955592153876,0.033170392226167085
0.55,2.0420352248333655,0.030879829836381354
0.55,2.199114857512855,0.029172468951342005
0.55,2.356194490192345,0.024620955680462596
0.55,2.5132741228718345,0.02338957615935144
0.55,2.6703537555513246,0.02428941612357619
0.55,2.827433388230814,0.02379673884974727
0.55,2.9845130209103035,0.02225144208124561
0.55,3.141592653589793,0.023509566415247853
0.6,-3.141592653589793,0.03005049362452917
0.6,-2.9845130209103035,0.02841403208655563
0.6,-2.827433388230814,0.030329148728711248
0.6,-2.6703537555513246,0.030869031557625107
0.6,-2.5132741228718345,0.029663888338013204
0.6,-2.356194490192345,0.031131287055801354
0.6,-2.199114857512855,0.03680191218874889
0.6,-2.0420352248333655,0.038822106173131275
0.6,-1.884955592153876,0.04146937238649504
0.6,-1.7278759594743864,0.04385956335744658
0.6,-1.5707963267948966,0.04717483119903968
0.6,-1.413716694115407,0.05900715970248462
0.6,-1.2566370614359172,0.0617219006122283
0.6,-1.0995574287564276,0.06403762409937988
0.6,-0.942477796076938,0.07285423172627227
0.6,-0.7853981633974483,0.08160096968694153
0.6,-0.6283185307179586,0.09965546984703298
0.6,-0.471238898038469,0.10897624859325823
0.6,-0.3141592653589793,0.12721311408227554
0.6,-0.15707963267948966,0.10803586322000495
0.6,0.0,0.03972846306013118
0.6,0.15707963267948966,0.10803586322000495
0.6,0.3141592653589793,0.12721311408227554
0.6,0.471238898038469,0.10897624859325823
0.6,0.6283185307179586,0.09965546984703298
0.6,0.7853981633974483,0.08160096968694153
0.6,0.942477796076938,0.07285423172627227
0.6,1.0995574287564276,0.06403762409937988
0.6,1.2566370614359172,0.0617219006122283
0.6,1.413716694115407,0.05900715970248462
0.6,1.5707963267948966,0.04717483119903968
0.6,1.7278759594743864,0.04385956335744658
0.6,1.884955592153876,0.04146937238649504
0.6,2.0420352248333655,0.038822106173131275
0.6,2.199114857512855,0.03680191218874889
0.6,2.356194490192345,0.031131287055801354
0.6,2.5132741228718345,0.029663888338013204
0.6,2.6703537555513246,0.030869031557625107
0.6,2.827433388230814,0.030329148728711248
0.6,2.9845130209103035,0.02841403208655563
0.6,3.141592653589793,0.03005049362452917
0.65,-3.141592653589793,0.037971587052512676
0.65,-2.9845130209103035,0.03586788129388267
0.65,-2.827433388230814,0.03821049995022769
0.65,-2.6703537555513246,0.03877766118098689
0.65,-2.5132741228718345,0.03717175517988288
0.65,-2.356194490192345,0.03887303103731717
0.65,-2.199114857512855,0.04581976133498731
0.65,-2.0420352248333655,0.04813276751006986
0.65,-1.884955592153876,0.051083903162484894
0.65,-1.7278759594743864,0.05364780263333822
0.65,-1.5707963267948966,0.057150688056577574
0.65,-1.413716694115407,0.07065129320079347
0.65,-1.2566370614359172,0.07295658391408053
0.65,-1.0995574287564276,0.07424567923625595
0.65,-0.942477796076938,0.08278654089710219
0.65,-0.7853981633974483,0.09050771455273914
0.65,-0.6283185307179586,0.10757377214925413
0.65,-0.471238898038469,0.11455377679481187
0.65,-0.3141592653589793,0.1304234522505257
0.65,-0.15707963267948966,0.10909527803108268
0.65,0.0,0.04018199202218237
0.65,0.15707963267948966,0.10909527803108268
0.65,0.3141592653589793,0.1304234522505257
0.65,0.471238898038469,0.11455377679481187
0.65,0.6283185307179586,0.10757377214925413
0.65,0.7853981633974483,0.09050771455273914
0.65,0.942477796076938,0.08278654089710219
0.65,1.0995574287564276,0.07424567923625595
0.65,1.2566370614359172,0.07295658391408053
0.65,1.413716694115407,0.07065129320079347
0.65,1.5707963267948966,0.057150688056577574
0.65,1.7278759594743864,0.05364780263333822
0.65,1.884955592153876,0.051083903162484894
0.65,2.0420352248333655,0.04813276751006986
0.65,2.199114857512855,0.04581976133498731
0.65,2.356194490192345,0.03887303103731717
0.65,2.5132741228718345,0.03717175517988288
0.65,2.6703537555513246,0.03877766118098689
0.65,2.827433388230814,0.03821049995022769
0.65,2.9845130209103035,0.03586788129388267
0.65,3.141592653589793,0.037971587052512676
0.7,-3.141592653589793,0.04753954397677583
0.7,-2.9845130209103035,0.04486001952722595
0.7,-2.827433388230814,0.04769126333441435
0.7,-2.6703537555513246,0.04825202555331478
0.7,-2.5132741228718345,0.04611825202928555
0.7,-2.356194490192345,0.04803069477575683
0.7,-2.199114857512855,0.056408353185437535
0.7,-2.0420352248333655,0.05895840046618716
0.7,-1.884955592153876,0.06211211932263185
0.7,-1.7278759594743864,0.06469927479211707
0.7,-1.5707963267948966,0.06818608979028155
0.7,-1.413716694115407,0.08321966698984513
0.7,-1.2566370614359172,0.08477008760069626
0.7,-1.0995574287564276,0.08458573029743746
0.7,-0.942477796076938,0.09245330222742433
0.7,-0.7853981633974483,0.09879416886774776
0.7,-0.6283185307179586,0.11458174214222526
0.7,-0.471238898038469,0.11926696646457506
0.7,-0.3141592653589793,0.13300751071182432
0.7,-0.15707963267948966,0.1099195776427915
0.7,0.0,0.040565343555308324
0.7,0.15707963267948966,0.1099195776427915
0.7,0.3141592653589793,0.13300751071182432
0.7,0.471238898038469,0.11926696646457506
0.7,0.6283185307179586,0.11458174214222526
0.7,0.7853981633974483,0.09879416886774776
0.7,0.942477796076938,0.09245330222742433
0.7,1.0995574287564276,0.08458573029743746
0.7,1.2566370614359172,0.08477008760069626
0.7,1.413716694115407,0.08321966698984513
0.7,1.5707963267948966,0.06818608979028155
0.7,1.7278759594743864,0.06469927479211707
0.7,1.884955592153876,0.06211211932263185
0.7,2.0420352248333655,0.05895840046618716
0.7,2.199114857512855,0.056408353185437535
0.7,2.356194490192345,0.04803069477575683
0.7,2.5132741228718345,0.04611825202928555
0.7,2.6703537555513246,0.04825202555331478
0.7,2.827433388230814,0.04769126333441435
0.7,2.9845130209103035,0.04486001952722595
0.7,3.141592653589793,0.04753954397677583
0.75,-3.141592653589793,0.05908150328946554
0.75,-2.9845130209103035,0.055692843963105684
0.75,-2.827433388230814,0.05907521580231922
0.75,-2.6703537555513246,0.059575770252557364
0.75,-2.5132741228718345,0.05674393762293911
0.75,-2.356194490192345,0.05881383589535988
0.75,-2.199114857512855,0.06876565271269237
0.75,-2.0420352248333655,0.07144690517930391
0.75,-1.884955592153876,0.07463900737118867
0.75,-1.7278759594743864,0.07703039399946282
0.75,-1.5707963267948966,0.08022292884326745
0.75,-1.413716694115407,0.09656779343881325
0.75,-1.2566370614359172,0.09697721404828262
0.75,-1.0995574287564276,0.09487399612397883
0.75,-0.942477796076938,0.10169892414162282
0.75,-0.7853981633974483,0.10639319313055194
0.75,-0.6283185307179586,0.12072425549663703
0.75,-0.471238898038469,0.12323745180101287
0.75,-0.3141592653589793,0.13509277025029162
0.75,-0.15707963267948966,0.11056628938291803
0.75,0.0,0.04089547099468072
0.75,0.15707963267948966,0.11056628938291803
0.75,0.3141592653589793,0.13509277025029162
0.75,0.471238898038469,0.12323745180101287
0.75,0.6283185307179586,0.12072425549663703
0.75,0.7853981633974483,0.10639319313055194
0.75,0.942477796076938,0.10169892414162282
0.75,1.0995574287564276,0.09487399612397883
0.75,1.2566370614359172,0.09697721404828262
0.75,1.413716694115407,0.09656779343881325
0.75,1.5707963267948966,0.08022292884326745
0.75,1.7278759594743864,0.07703039399946282
0.75,1.884955592153876,0.07463900737118867
0.75,2.0420352248333655,0.07144690517930391
0.75,2.199114857512855,0.06876565271269237
0.75,2.356194490192345,0.05881383589535988
0.75,2.5132741228718345,0.05674393762293911
0.75,2.6703537555513246,0.059575770252557364
0.75,2.827433388230814,0.05907521580231922
0.75,2.9845130209103035,0.055692843963105684
0.75,3.141592653589793,0.05908150328946554
0.8,-3.141592653589793,0.07300144529002273
0.8,-2.9845130209103035,0.06873891806916249
0.8,-2.827433388230814,0.07273265782959364
0.8,-2.6703537555513246,0.07308980614888184
0.8,-2.5132741228718345,0.0693308686424355
0.8,-2.356194490192345,0.07145900211124692
0.8,-2.199114857512855,0.08310324028330847
0.8,-2.0420352248333655,0.08574201471438198
0.8,-1.884955592153876,0.08872938172194551
0.8,-1.7278759594743864,0.09062679433285806
0.8,-1.5707963267948966,0.09316884220598852
0.8,-1.413716694115407,0.1105199272984734
0.8,-1.2566370614359172,0.10938049681067333
0.8,-1.0995574287564276,0.10494206632357854
0.8,-0.942477796076938,0.11040441153495555
0.8,-0.7853981633974483,0.11327718254036923
0.8,-0.6283185307179586,0.12606719774267602
0.8,-0.471238898038469,0.12657653071944294
0.8,-0.3141592653589793,0.136779720628075
0.8,-0.15707963267948966,0.11107674065740003
0.8,0.0,0.04118471127910995
0.8,0.15707963267948966,0.11107674065740003
0.8,0.3141592653589793,0.136779720628075
0.8,0.471238898038469,0.12657653071944294
0.8,0.6283185307179586,0.12606719774267602
0.8,0.7853981633974483,0.11327718254036923
0.8,0.942477796076938,0.11040441153495555
0.8,1.0995574287564276,0.10494206632357854
0.8,1.2566370614359172,0.10938049681067333
0.8,1.413716694115407,0.1105199272984734
0.8,1.5707963267948966,0.09316884220598852
0.8,1.7278759594743864,0.09062679433285806
0.8,1.884955592153876,0.08872938172194551
0.8,2.0420352248333655,0.08574201471438198
0.8,2.199114857512855,0.08310324028330847
0.8,2.356194490192345,0.07145900211124692
0.8,2.5132741228718345,0.0693308686424355
0.8,2.6703537555513246,0.07308980614888184
0.8,2.827433388230814,0.07273265782959364
0.8,2.9845130209103035,0.06873891806916249
0.8,3.141592653589793,0.07300144529002273
0.85,-3.141592653589793,0.08980187439587646
0.85,-2.9845130209103035,0.08446042403075682
0.85,-2.827433388230814,0.0891173713858067
0.85,-2.6703537555513246,0.08920505276446952
0.85,-2.5132741228718345,0.0842093379474095
0.85,-2.356194490192345,0.08623103420005668
0.85,-2.199114857512855,0.09964264397391581
0.85,-2.0420352248333655,0.10197600195495769
0.85,-1.884955592153876,0.10441995393574359
0.85,-1.7278759594743864,0.10543794340833028
0.85,-1.5707963267948966,0.1068972001404749
0.85,-1.413716694115407,0.12487607407618413
0.85,-1.2566370614359172,0.12178034182886963
0.85,-1.0995574287564276,0.11464403105974473
0.85,-0.942477796076938,0.11848731192983092
0.85,-0.7853981633974483,0.11944940101372718
0.85,-0.6283185307179586,0.13068672592072345
0.85,-0.471238898038469,0.129382517421503
0.85,-0.3141592653589793,0.13814739498994646
0.85,-0.15707963267948966,0.11148097402664381
0.85,0.0,0.04144227285415502
0.85,0.15707963267948966,0.11148097402664381
0.85,0.3141592653589793,0.13814739498994646
0.85,0.471238898038469,0.129382517421503
0.85,0.6283185307179586,0.13068672592072345
0.85,0.7853981633974483,0.11944940101372718
0.85,0.942477796076938,0.11848731192983092
0.85,1.0995574287564276,0.11464403105974473
0.85,1.2566370614359172,0.12178034182886963
0.85,1.413716694115407,0.12487607407618413
0.85,1.5707963267948966,0.1068972001404749
0.85,1.7278759594743864,0.10543794340833028
0.85,1.884955592153876,0.10441995393574359
0.85,2.0420352248333655,0.10197600195495769
0.85,2.199114857512855,0.09964264397391581
0.85,2.356194490192345,0.08623103420005668
0.85,2.5132741228718345,0.0842093379474095
0.85,2.6703537555513246,0.08920505276446952
0.85,2.827433388230814,0.0891173713858067
0.85,2.9845130209103035,0.08446042403075682
0.85,3.141592653589793,0.08980187439587646
0.9,-3.141592653589793,0.11011279628138868
0.9,-2.9845130209103035,0.10343497737582355
0.9,-2.827433388230814,0.10878850557503693
0.9,-2.6703537555513246,0.10841812501742552
0.9,-2.5132741228718345,0.10176522499744871
0.9,-2.356194490192345,0.10342326450799273
0.9,-2.199114857512855,0.11860950199625514
0.9,-2.0420352248333655,0.12026043123362028
0.9,-1.884955592153876,0.1217108939566923
0.9,-1.7278759594743864,0.12137297095102609
0.9,-1.5707963267948966,0.12124944032169542
0.9,-1.413716694115407,0.1394210675270492
0.9,-1.2566370614359172,0.13398499082886872
0.9,-1.0995574287564276,0.12386095620127846
0.9,-0.942477796076938,0.12589885144946655
0.9,-0.7853981633974483,0.12493556717939756
0.9,-0.6283185307179586,0.13466179630630173
0.9,-0.471238898038469,0.13174030519955587
0.9,-0.3141592653589793,0.13925800572258482
0.9,-0.15707963267948966,0.11180110984514627
0.9,0.0,0.04167522402599568
0.9,0.15707963267948966,0.11180110984514627
0.9,0.3141592653589793,0.13925800572258482
0.9,0.471238898038469,0.13174030519955587
0.9,0.6283185307179586,0.13466179630630173
0.9,0.7853981633974483,0.12493556717939756
0.9,0.942477796076938,0.12589885144946655
0.9,1.0995574287564276,0.12386095620127846
0.9,1.2566370614359172,0.13398499082886872
0.9,1.413716694115407,0.1394210675270492
0.9,1.5707963267948966,0.12124944032169542
0.9,1.7278759594743864,0.12137297095102609
0.9,1.884955592153876,0.1217108939566923
0.9,2.0420352248333655,0.12026043123362028
0.9,2.199114857512855,0.11860950199625514
0.9,2.356194490192345,0.10342326450799273
0.9,2.5132741228718345,0.10176522499744871
0.9,2.6703537555513246,0.10841812501742552
0.9,2.827433388230814,0.10878850557503693
0.9,2.9845130209103035,0.10343497737582355
0.9,3.141592653589793,0.11011279628138868
0.95,-3.141592653589793,0.13473089260564206
0.95,-2.9845130209103035,0.12639023832094554
0.95,-2.827433388230814,0.13243899224769623
0.95,-2.6703537555513246,0.1313305944042461
0.95,-2.5132741228718345,0.12244769700078514
0.95,-2.356194490192345,0.12335596405880322
0.95,-2.199114857512855,0.140224998311009
0.95,-2.0420352248333655,0.14067498608892065
0.95,-1.884955592153876,0.14055750419116295
0.95,-1.7278759594743864,0.1382984063917448
0.95,-1.5707963267948966,0.1360398468701535
0.95,-1.413716694115407,0.15393488635513577
0.95,-1.2566370614359172,0.14581933854963053
0.95,-1.0995574287564276,0.1325027292395844
0.95,-0.942477796076938,0.1326192880714187
0.95,-0.7853981633974483,0.12977643284633275
0.95,-0.6283185307179586,0.13806932975716
0.95,-0.471238898038469,0.13372212407083559
0.95,-0.3141592653589793,0.140160652501196
0.95,-0.15707963267948966,0.11205364289081741
0.95,0.0,0.04188914303474003
0.95,0.15707963267948966,0.11205364289081741
0.95,0.3141592653589793,0.140160652501196
0.95,0.471238898038469,0.13372212407083559
0.95,0.6283185307179586,0.13806932975716
0.95,0.7853981633974483,0.12977643284633275
0.95,0.942477796076938,0.1326192880714187
0.95,1.0995574287564276,0.1325027292395844
0.95,1.2566370614359172,0.14581933854963053
0.95,1.413716694115407,0.15393488635513577
0.95,1.5707963267948966,0.1360398468701535
0.95,1.7278759594743864,0.1382984063917448
0.95,1.884955592153876,0.14055750419116295
0.95,2.0420352248333655,0.14067498608892065
0.95,2.199114857512855,0.140224998311009
0.95,2.356194490192345,0.12335596405880322
0.95,2.5132741228718345,0.12244769700078514
0.95,2.6703537555513246,0.1313305944042461
0.95,2.827433388230814,0.13243899224769623
0.95,2.9845130209103035,0.12639023832094554
0.95,3.141592653589793,0.13473089260564206
1.0,-3.141592653589793,0.1646731426582143
1.0,-2.9845130209103035,0.15425083292341235
1.0,-2.827433388230814,0.16093266283155686
1.0,-2.6703537555513246,0.15867253033974446
1.0,-2.5132741228718345,0.14677676225264716
1.0,-2.356194490192345,0.1463721738917166
1.0,-2.199114857512855,0.16469402904972288
1.0,-2.0420352248333655,0.1632546725808192
1.0,-1.884955592153876,0.1608628469318184
1.0,-1.7278759594743864,0.15603846345015265
1.0,-1.5707963267948966,0.1510625854424937
1.0,-1.413716694115407,0.16820321190883358
1.0,-1.2566370614359172,0.15713185413171654
1.0,-1.0995574287564276,0.14050762595096175
1.0,-0.942477796076938,0.13865240914077787
1.0,-0.7853981633974483,0.13402170224369292
1.0,-0.6283185307179586,0.14098134863125994
1.0,-0.471238898038469,0.13538885746961274
1.0,-0.3141592653589793,0.14089424868973047
1.0,-0.15707963267948966,0.11225103343430776
1.0,0.0,0.04208855816469995
1.0,0.15707963267948966,0.11225103343430776
1.0,0.3141592653589793,0.14089424868973047
1.0,0.471238898038469,0.13538885746961274
1.0,0.6283185307179586,0.14098134863125994
1.0,0.7853981633974483,0.13402170224369292
1.0,0.942477796076938,0.13865240914077787
1.0,1.0995574287564276,0.14050762595096175
1.0,1.2566370614359172,0.15713185413171654
1.0,1.413716694115407,0.16820321190883358
1.0,1.5707963267948966,0.1510625854424937
1.0,1.7278759594743864,0.15603846345015265
1.0,1.884955592153876,0.1608628469318184
1.0,2.0420352248333655,0.1632546725808192
1.0,2.199114857512855,0.16469402904972288
1.0,2.356194490192345,0.1463721738917166
1.0,2.5132741228718345,0.14677676225264716
1.0,2.6703537555513246,0.15867253033974446
1.0,2.827433388230814,0.16093266283155686
1.0,2.9845130209103035,0.15425083292341235
1.0,3.141592653589793,0.1646731426582143
1.05,-3.141592653589793,0.20125120952096753
1.05,-2.9845130209103035,0.1882027233425
1.05,-2.827433388230814,0.19535301642074493
1.05,-2.6703537555513246,0.19133105262063593
1.05,-2.5132741228718345,0.17534981097556115
1.05,-2.356194490192345,0.172829812843659
1.05,-2.199114857512855,0.19218966854963793
1.05,-2.0420352248333655,0.18797605828869499
1.05,-1.884955592153876,0.1824723406609355
1.05,-1.7278759594743864,0.17437833471028852
1.05,-1.5707963267948966,0.16610051011143825
1.05,-1.413716694115407,0.1820272167828479
1.05,-1.2566370614359172,0.16779917322194401
1.05,-1.0995574287564276,0.14784012843031555
1.05,-0.942477796076938,0.14401992309369246
1.05,-0.7853981633974483,0.13772533831079117
1.05,-0.6283185307179586,0.14346350395505392
1.05,-0.471238898038469,0.1367915467899748
1.05,-0.3141592653589793,0.14148980904356842
1.05,-0.15707963267948966,0.11240282795700994
1.05,0.0,0.04227726022489735
1.05,0.15707963267948966,0.11240282795700994
1.05,0.3141592653589793,0.14148980904356842
1.05,0.471238898038469,0.1367915467899748
1.05,0.6283185307179586,0.14346350395505392
1.05,0.7853981633974483,0.13772533831079117
1.05,0.942477796076938,0.14401992309369246
1.05,1.0995574287564276,0.14784012843031555
1.05,1.2566370614359172,0.16779917322194401
1.05,1.413716694115407,0.1820272167828479
1.05,1.5707963267948966,0.16610051011143825
1.05,1.7278759594743864,0.17437833471028852
1.05,1.884955592153876,0.1824723406609355
1.05,2.0420352248333655,0.18797605828869499
1.05,2.199114857512855,0.19218966854963793
1.05,2.356194490192345,0.172829812843659
1.05,2.5132741228718345,0.17534981097556115
1.05,2.6703537555513246,0.19133105262063593
1.05,2.827433388230814,0.19535301642074493
1.05,2.9845130209103035,0.1882027233425
1.05,3.141592653589793,0.20125120952096753
1.1,-3.141592653589793,0.24617614705583948
1.1,-2.9845130209103035,0.2297826569627036
1.1,-2.827433388230814,0.237067650883781
1.1,-2.6703537555513246,0.2303845366659807
1.1,-2.5132741228718345,0.2088457342489696
1.1,-2.356194490192345,0.2030887144206927
1.1,-2.199114857512855,0.22283375901553718
1.1,-2.0420352248333655,0.21474363802293195
1.1,-1.884955592153876,0.20517141276600515
1.1,-1.7278759594743864,0.1930706685356014
1.1,-1.5707963267948966,0.1809350096798473
1.1,-1.413716694115407,0.1952317199638853
1.1,-1.2566370614359172,0.17772826209313536
1.1,-1.0995574287564276,0.15448758882273492
1.1,-0.942477796076938,0.14875626041337905
1.1,-0.7853981633974483,0.14094213474965697
1.1,-0.6283185307179586,0.14557453524026037
1.1,-0.471238898038469,0.13797287696642116
1.1,-0.3141592653589793,0.14197221388215084
1.1,-0.15707963267948966,0.11251644397818103
1.1,0.0,0.042458547205124736
1.1,0.15707963267948966,0.11251644397818103
1.1,0.3141592653589793,0.14197221388215084
1.1,0.471238898038469,0.13797287696642116
1.1,0.6283185307179586,0.14557453524026037
1.1,0.7853981633974483,0.14094213474965697
1.1,0.942477796076938,0.14875626041337905
1.1,1.0995574287564276,0.15448758882273492
1.1,1.2566370614359172,0.17772826209313536
1.1,1.413716694115407,0.1952317199638853
1.1,1.5707963267948966,0.1809350096798473
1.1,1.7278759594743864,0.1930706685356014
1.1,1.884955592153876,0.20517141276600515
1.1,2.0420352248333655,0.21474363802293195
1.1,2.199114857512855,0.22283375901553718
1.1,2.356194490192345,0.2030887144206927
1.1,2.5132741228718345,0.2088457342489696
1.1,2.6703537555513246,0.2303845366659807
1.1,2.827433388230814,0.237067650883781
1.1,2.9845130209103035,0.2297826569627036
1.1,3.141592653589793,0.24617614705583948
1.15,-3.141592653589793,0.3017081607606524
1.15,-2.9845130209103035,0.28100420277215443
1.15,-2.827433388230814,0.28781380374075005
1.15,-2.6703537555513246,0.2771427932606053
1.15,-2.5132741228718345,0.2480244308191741
1.15,-2.356194490192345,0.2374910707500093
1.15,-2.199114857512855,0.2566738948065695
1.15,-2.0420352248333655,0.24337786215397791
1.15,-1.884955592153876,0.22868720769331327
1.15,-1.7278759594743864,0.21184502461008695
1.15,-1.5707963267948966,0.19535600899788716
1.15,-1.413716694115407,0.2076711094613633
1.15,-1.2566370614359172,0.18685634957494582
1.15,-1.0995574287564276,0.16045629676879444
1.15,-0.942477796076938,0.15290408029845512
1.15,-0.7853981633974483,0.14372535492208593
1.15,-0.6283185307179586,0.14736631874337114
1.15,-0.471238898038469,0.13896854040774936
1.15,-0.3141592653589793,0.1423615733392649
1.15,-0.15707963267948966,0.11259773478952348
1.15,0.0,0.04263545993311709
1.15,0.15707963267948966,0.11259773478952348
1.15,0.3141592653589793,0.1423615733392649
1.15,0.471238898038469,0.13896854040774936
1.15,0.6283185307179586,0.14736631874337114
1.15,0.7853981633974483,0.14372535492208593
1.15,0.942477796076938,0.15290408029845512
1.15,1.0995574287564276,0.16045629676879444
1.15,1.2566370614359172,0.18685634957494582
1.15,1.413716694115407,0.2076711094613633
1.15,1.5707963267948966,0.19535600899788716
1.15,1.7278759594743864,0.21184502461008695
1.15,1.884955592153876,0.22868720769331327
1.15,2.0420352248333655,0.24337786215397791
1.15,2.199114857512855,0.2566738948065695
1.15,2.356194490192345,0.2374910707500093
1.15,2.5132741228718345,0.2480244308191741
1.15,2.6703537555513246,0.2771427932606053
1.15,2.827433388230814,0.28781380374075005
1.15,2.9845130209103035,0.28100420277215443
1.15,3.141592653589793,0.3017081607606524
1.2,-3.141592653589793,0.37087461586805537
1.2,-2.9845130209103035,0.3445380344962602
1.2,-2.827433388230814,0.34981235848796577
1.2,-2.6703537555513246,0.33319279312122807
1.2,-2.5132741228718345,0.293718442283789
1.2,-2.356194490192345,0.2763337560410121
1.2,-2.199114857512855,0.2936577463541356
1.2,-2.0420352248333655,0.2736067276934321
1.2,-1.884955592153876,0.25269505892741745
1.2,-1.7278759594743864,0.23041969951316557
1.2,-1.5707963267948966,0.209171217487671
1.2,-1.413716694115407,0.21923275721519717
1.2,-1.2566370614359172,0.19514903404114234
1.2,-1.0995574287564276,0.1657674065220455
1.2,-0.942477796076938,0.15651061310996478
1.2,-0.7853981633974483,0.14612521201381184
1.2,-0.6283185307179586,0.14888425433866026
1.2,-0.471238898038469,0.13980844451259467
1.2,-0.3141592653589793,0.14267430462788047
1.2,-0.15707963267948966,0.11265143251026118
1.2,0.0,0.042811065141965754
1.2,0.15707963267948966,0.11265143251026118
1.2,0.3141592653589793,0.14267430462788047
1.2,0.471238898038469,0.13980844451259467
1.2,0.6283185307179586,0.14888425433866026
1.2,0.7853981633974483,0.14612521201381184
1.2,0.942477796076938,0.15651061310996478
1.2,1.0995574287564276,0.1657674065220455
1.2,1.2566370614359172,0.19514903404114234
1.2,1.413716694115407,0.21923275721519717
1.2,1.5707963267948966,0.209171217487671
1.2,1.7278759594743864,0.23041969951316557
1.2,1.884955592153876,0.25269505892741745
1.2,2.0420352248333655,0.2736067276934321
1.2,2.199114857512855,0.2936577463541356
1.2,2.356194490192345,0.2763337560410121
1.2,2.5132741228718345,0.293718442283789
1.2,2.6703537555513246,0.33319279312122807
1.2,2.827433388230814,0.34981235848796577
1.2,2.9845130209103035,0.3445380344962602
1.2,3.141592653589793,0.37087461586805537
1.25,-3.141592653589793,0.45779365171680464
1.25,-2.9845130209103035,0.4239740680044421
1.25,-2.827433388230814,0.42592013990624544
1.25,-2.6703537555513246,0.4004479861486957
1.25,-2.5132741228718345,0.3468120816329693
1.25,-2.356194490192345,0.31983132193077113
1.25,-2.199114857512855,0.33360657052855713
1.25,-2.0420352248333655,0.3050629897562666
1.25,-1.884955592153876,0.2768299352804446
1.25,-1.7278759594743864,0.24851495284916397
1.25,-1.5707963267948966,0.22221383003248402
1.25,-1.413716694115407,0.2298379697197935
1.25,-1.2566370614359172,0.20259707304800895
1.25,-1.0995574287564276,0.17045306487646886
1.25,-0.942477796076938,0.1596248305463352
1.25,-0.7853981633974483,0.1481879865777374
1.25,-0.6283185307179586,0.15016783879212267
1.25,-0.471238898038469,0.1405177469475553
1.25,-0.3141592653589793,0.14292395397249574
1.25,-0.15707963267948966,0.11268147960697186
1.25,0.0,0.04298883139746881
1.25,0.15707963267948966,0.11268147960697186
1.25,0.3141592653589793,0.14292395397249574
1.25,0.471238898038469,0.1405177469475553
1.25,0.6283185307179586,0.15016783879212267
1.25,0.7853981633974483,0.1481879865777374
1.25,0.942477796076938,0.1596248305463352
1.25,1.0995574287564276,0.17045306487646886
1.25,1.2566370614359172,0.20259707304800895
1.25,1.413716694115407,0.2298379697197935
1.25,1.5707963267948966,0.22221383003248402
1.25,1.7278759594743864,0.24851495284916397
1.25,1.884955592153876,0.2768299352804446
1.25,2.0420352248333655,0.3050629897562666
1.25,2.199114857512855,0.33360657052855713
1.25,2.356194490192345,0.31983132193077113
1.25,2.5132741228718345,0.3468120816329693
1.25,2.6703537555513246,0.4004479861486957
1.25,2.827433388230814,0.42592013990624544
1.25,2.9845130209103035,0.4239740680044421
1.25,3.141592653589793,0.45779365171680464
1.3,-3.141592653589793,0.5681651203862172
1.3,-2.9845130209103035,0.5242094962819239
1.3,-2.827433388230814,0.5198333457074897
1.3,-2.6703537555513246,0.481196428493257
1.3,-2.5132741228718345,0.40820181391026616
1.3,-2.356194490192345,0.36806931033482826
1.3,-2.199114857512855,0.37619081296304263
1.3,-2.0420352248333655,0.3372888743570785
1.3,-1.884955592153876,0.3007024132315026
1.3,-1.7278759594743864,0.2658664256381838
1.3,-1.5707963267948966,0.23434810299533546
1.3,-1.413716694115407,0.23944077595582505
1.3,-1.2566370614359172,0.20921238007537662
1.3,-1.0995574287564276,0.17455294998815704
1.3,-0.942477796076938,0.16229536848122803
1.3,-0.7853981633974483,0.14995560309896092
1.3,-0.6283185307179586,0.15125131358563856
1.3,-0.471238898038469,0.14111773481961146
1.3,-0.3141592653589793,0.14312184595636587
1.3,-0.15707963267948966,0.11269131987746252
1.3,0.0,0.04317316755793284
1.3,0.15707963267948966,0.11269131987746252
1.3,0.3141592653589793,0.14312184595636587
1.3,0.471238898038469,0.14111773481961146
1.3,0.6283185307179586,0.15125131358563856
1.3,0.7853981633974483,0.14995560309896092
1.3,0.942477796076938,0.16229536848122803
1.3,1.0995574287564276,0.17455294998815704
1.3,1.2566370614359172,0.20921238007537662
1.3,1.413716694115407,0.23944077595582505
1.3,1.5707963267948966,0.23434810299533546
1.3,1.7278759594743864,0.2658664256381838
1.3,1.884955592153876,0.3007024132315026
1.3,2.0420352248333655,0.3372888743570785
1.3,2.199114857512855,0.37619081296304263
1.3,2.356194490192345,0.36806931033482826
1.3,2.5132741228718345,0.40820181391026616
1.3,2.6703537555513246,0.481196428493257
1.3,2.827433388230814,0.5198333457074897
1.3,2.9845130209103035,0.5242094962819239
1.3,3.141592653589793,0.5681651203862172
1.35,-3.141592653589793,0.7100337121857585
1.35,-2.9845130209103035,0.6520345636340377
1.35,-2.827433388230814,0.6363582815937094
1.35,-2.6703537555513246,0.5781379298381697
1.35,-2.5132741228718345,0.4787300742613115
1.35,-2.356194490192345,0.42094914055024096
1.35,-2.199114857512855,0.42091176147019527
1.35,-2.0420352248333655,0.36974956543773485
1.35,-1.884955592153876,0.32391801252378505
1.35,-1.7278759594743864,0.28223747612613753
1.35,-1.5707963267948966,0.24547251129036296
1.35,-1.413716694115407,0.2480250210044468
1.35,-1.2566370614359172,0.21502369267552432
1.35,-1.0995574287564276,0.17811132587823802
1.35,-0.942477796076938,0.1645690844659172
1.35,-0.7853981633974483,0.1514655213867975
1.35,-0.6283185307179586,0.15216432401119703
1.35,-0.471238898038469,0.14162657149547592
1.35,-0.3141592653589793,0.14327760788467042
1.35,-0.15707963267948966,0.11268419662752412
1.35,0.0,0.04337021325319565
1.35,0.15707963267948966,0.11268419662752412
1.35,0.3141592653589793,0.14327760788467042
1.35,0.471238898038469,0.14162657149547592
1.35,0.6283185307179586,0.15216432401119703
1.35,0.7853981633974483,0.1514655213867975
1.35,0.942477796076938,0.1645690844659172
1.35,1.0995574287564276,0.17811132587823802
1.35,1.2566370614359172,0.21502369267552432
1.35,1.413716694115407,0.2480250210044468
1.35,1.5707963267948966,0.24547251129036296
1.35,1.7278759594743864,0.28223747612613753
1.35,1.884955592153876,0.32391801252378505
1.35,2.0420352248333655,0.36974956543773485
1.35,2.199114857512855,0.42091176147019527
1.35,2.356194490192345,0.42094914055024096
1.35,2.5132741228718345,0.4787300742613115
1.35,2.6703537555513246,0.5781379298381697
1.35,2.827433388230814,0.6363582815937094
1.35,2.9845130209103035,0.6520345636340377
1.35,3.141592653589793,0.7100337121857585
1.4,-3.141592653589793,0.8950081181588416
1.4,-2.9845130209103035,0.8170361768882511
1.4,-2.827433388230814,0.7817682833706299
1.4,-2.6703537555513246,0.694392039136698
1.4,-2.5132741228718345,0.5590837726615775
1.4,-2.356194490192345,0.47812835901213985
1.4,-2.199114857512855,0.4670939756187281
1.4,-2.0420352248333655,0.40185569131597426
1.4,-1.884955592153876,0.34609810871771246
1.4,-1.7278759594743864,0.29742928190173107
1.4,-1.5707963267948966,0.255520485285683
1.4,-1.413716694115407,0.2556003036177299
1.4,-1.2566370614359172,0.22007227284590225
1.4,-1.0995574287564276,0.18117464230813238
1.4,-0.942477796076938,0.16649010646413284
1.4,-0.7853981633974483,0.15275083567372968
1.4,-0.6283185307179586,0.15293256800390503
1.4,-0.471238898038469,0.14205993243820458
1.4,-0.3141592653589793,0.1433995734817561
1.4,-0.15707963267948966,0.1126634692968667
1.4,0.0,0.043589011925304115
1.4,0.15707963267948966,0.1126634692968667
1.4,0.3141592653589793,0.1433995734817561
1.4,0.471238898038469,0.14205993243820458
1.4,0.6283185307179586,0.15293256800390503
1.4,0.7853981633974483,0.15275083567372968
1.4,0.942477796076938,0.16649010646413284
1.4,1.0995574287564276,0.18117464230813238
1.4,1.2566370614359172,0.22007227284590225
1.4,1.413716694115407,0.2556003036177299
1.4,1.5707963267948966,0.255520485285683
1.4,1.7278759594743864,0.29742928190173107
1.4,1.884955592153876,0.34609810871771246
1.4,2.0420352248333655,0.40185569131597426
1.4,2.199114857512855,0.4670939756187281
1.4,2.356194490192345,0.47812835901213985
1.4,2.5132741228718345,0.5590837726615775
1.4,2.6703537555513246,0.694392039136698
1.4,2.827433388230814,0.7817682833706299
1.4,2.9845130209103035,0.8170361768882511
1.4,3.141592653589793,0.8950081181588416
1.45,-3.141592653589793,1.1402701754488664
1.45,-2.9845130209103035,1.033025712690635
1.45,-2.827433388230814,0.9642654697449866
1.45,-2.6703537555513246,0.8334453134278591
1.45,-2.5132741228718345,0.6496495695768314
1.45,-2.356194490192345,0.5389634472824276
1.45,-2.199114857512855,0.5138933100193942
1.45,-2.0420352248333655,0.4329936682782907
1.45,-1.884955592153876,0.36690025619818095
1.45,-1.7278759594743864,0.3112878505535302
1.45,-1.5707963267948966,0.26445897811768515
1.45,-1.413716694115407,0.26219728280965554
1.45,-1.2566370614359172,0.22440790217372855
1.45,-1.0995574287564276,0.18378964211727142
1.45,-0.942477796076938,0.16809925105093634
1.45,-0.7853981633974483,0.1538404836223036
1.45,-0.6283185307179586,0.15357840946190623
1.45,-0.471238898038469,0.1424315806968768
1.45,-0.3141592653589793,0.14349515352109854
1.45,-0.15707963267948966,0.11263309992070981
1.45,0.0,0.04384331590414562
1.45,0.15707963267948966,0.11263309992070981
1.45,0.3141592653589793,0.14349515352109854
1.45,0.471238898038469,0.1424315806968768
1.45,0.6283185307179586,0.15357840946190623
1.45,0.7853981633974483,0.1538404836223036
1.45,0.942477796076938,0.16809925105093634
1.45,1.0995574287564276,0.18378964211727142
1.45,1.2566370614359172,0.22440790217372855
1.45,1.413716694115407,0.26219728280965554
1.45,1.5707963267948966,0.26445897811768515
1.45,1.7278759594743864,0.3112878505535302
1.45,1.884955592153876,0.36690025619818095
1.45,2.0420352248333655,0.4329936682782907
1.45,2.199114857512855,0.5138933100193942
1.45,2.356194490192345,0.5389634472824276
1.45,2.5132741228718345,0.6496495695768314
1.45,2.6703537555513246,0.8334453134278591
1.45,2.827433388230814,0.9642654697449866
1.45,2.9845130209103035,1.033025712690635
1.45,3.141592653589793,1.1402701754488664
1.5,-3.141592653589793,1.472005478702906
1.5,-2.9845130209103035,1.3203568496510638
1.5,-2.827433388230814,1.194557293311049
1.5,-2.6703537555513246,0.998986394189075
1.5,-2.5132741228718345,0.7503224298389297
1.5,-2.356194490192345,0.6024662090596564
1.5,-2.199114857512855,0.5603243684705062
1.5,-2.0420352248333655,0.46256131417481516
1.5,-1.884955592153876,0.38603573466723395
1.5,-1.7278759594743864,0.32370747877745115
1.5,-1.5707963267948966,0.2722853088256136
1.5,-1.413716694115407,0.2678628150865666
1.5,-1.2566370614359172,0.22808533315986876
1.5,-1.0995574287564276,0.1860019247930512
1.5,-0.942477796076938,0.16943367850082297
1.5,-0.7853981633974483,0.1547594914022677
1.5,-0.6283185307179586,0.15412146958066214
1.5,-0.471238898038469,0.14275391629591969
1.5,-0.3141592653589793,0.1435711794889431
1.5,-0.15707963267948966,0.11259841724012482
1.5,0.0,0.044154437694416605
1.5,0.15707963267948966,0.11259841724012482
1.5,0.3141592653589793,0.1435711794889431
1.5,0.471238898038469,0.14275391629591969
1.5,0.6283185307179586,0.15412146958066214
1.5,0.7853981633974483,0.1547594914022677
1.5,0.942477796076938,0.16943367850082297
1.5,1.0995574287564276,0.1860019247930512
1.5,1.2566370614359172,0.22808533315986876
1.5,1.413716694115407,0.2678628150865666
1.5,1.5707963267948966,0.2722853088256136
1.5,1.7278759594743864,0.32370747877745115
1.5,1.884955592153876,0.38603573466723395
1.5,2.0420352248333655,0.46256131417481516
1.5,2.199114857512855,0.5603243684705062
1.5,2.356194490192345,0.6024662090596564
1.5,2.5132741228718345,0.7503224298389297
1.5,2.6703537555513246,0.998986394189075
1.5,2.827433388230814,1.194557293311049
1.5,2.9845130209103035,1.3203568496510638
1.5,3.141592653589793,1.472005478702906
1.55,-3.141592653589793,1.9315060477956731
1.55,-2.9845130209103035,1.7098059266848846
1.55,-2.827433388230814,1.4865288538779324
1.55,-2.6703537555513246,1.1945506854805126
1.55,-2.5132741228718345,0.8602744401531192
1.55,-2.356194490192345,0.667287942730638
1.55,-2.199114857512855,0.6053088897820599
1.55,-2.0420352248333655,0.49000496532121957
1.55,-1.884955592153876,0.40328249907645053
1.55,-1.7278759594743864,0.3346306356045014
1.55,-1.5707963267948966,0.2790228505734799
1.55,-1.413716694115407,0.272655299786819
1.55,-1.2566370614359172,0.2311613101499884
1.55,-1.0995574287564276,0.18785490040796157
1.55,-0.942477796076938,0.17052668559217232
1.55,-0.7853981633974483,0.15552916852479115
1.55,-0.6283185307179586,0.15457919185088803
1.55,-0.471238898038469,0.14303855175007826
1.55,-0.3141592653589793,0.14363430245941164
1.55,-0.15707963267948966,0.11256746172240036
1.55,0.0,0.04455591987034516
1.55,0.15707963267948966,0.11256746172240036
1.55,0.3141592653589793,0.14363430245941164
1.55,0.471238898038469,0.14303855175007826
1.55,0.6283185307179586,0.15457919185088803
1.55,0.7853981633974483,0.15552916852479115
1.55,0.942477796076938,0.17052668559217232
1.55,1.0995574287564276,0.18785490040796157
1.55,1.2566370614359172,0.2311613101499884
1.55,1.413716694115407,0.272655299786819
1.55,1.5707963267948966,0.2790228505734799
1.55,1.7278759594743864,0.3346306356045014
1.55,1.884955592153876,0.40328249907645053
1.55,2.0420352248333655,0.49000496532121957
1.55,2.199114857512855,0.6053088897820599
1.55,2.356194490192345,0.667287942730638
1.55,2.5132741228718345,0.8602744401531192
1.55,2.6703537555513246,1.1945506854805126
1.55,2.827433388230814,1.4865288538779324
1.55,2.9845130209103035,1.7098059266848846
1.55,3.141592653589793,1.9315060477956731
1.6,-3.141592653589793,2.586558423459744
1.6,-2.9845130209103035,2.249305836050744
1.6,-2.827433388230814,1.8579182911867995
1.6,-2.6703537555513246,1.4228672371422637
1.6,-2.5132741228718345,0.9777099368061383
1.6,-2.356194490192345,0.7317464580690799
1.6,-2.199114857512855,0.6477429368902926
1.6,-2.0420352248333655,0.514853744436171
1.6,-1.884955592153876,0.41849240357790185
1.6,-1.7278759594743864,0.3440446467900436
1.6,-1.5707963267948966,0.28471620988172885
1.6,-1.413716694115407,0.2766405354873904
1.6,-1.2566370614359172,0.23369225914038141
1.6,-1.0995574287564276,0.18938909357609537
1.6,-0.942477796076938,0.17140754774280786
1.6,-0.7853981633974483,0.156167163768116
1.6,-0.6283185307179586,0.15496737750962786
1.6,-0.471238898038469,0.14329693767164908
1.6,-0.3141592653589793,0.14369149774630074
1.6,-0.15707963267948966,0.1125533405683693
1.6,0.0,0.045101425760071125
1.6,0.15707963267948966,0.1125533405683693
1.6,0.3141592653589793,0.14369149774630074
1.6,0.471238898038469,0.14329693767164908
1.6,0.6283185307179586,0.15496737750962786
1.6,0.7853981633974483,0.156167163768116
1.6,0.942477796076938,0.17140754774280786
1.6,1.0995574287564276,0.18938909357609537
1.6,1.2566370614359172,0.23369225914038141
1.6,1.413716694115407,0.2766405354873904
1.6,1.5707963267948966,0.28471620988172885
1.6,1.7278759594743864,0.3440446467900436
1.6,1.884955592153876,0.41849240357790185
1.6,2.0420352248333655,0.514853744436171
1.6,2.199114857512855,0.6477429368902926
1.6,2.356194490192345,0.7317464580690799
1.6,2.5132741228718345,0.9777099368061383
1.6,2.6703537555513246,1.4228672371422637
1.6,2.827433388230814,1.8579182911867995
1.6,2.9845130209103035,2.249305836050744
1.6,3.141592653589793,2.586558423459744
1.65,-3.141592653589793,3.553936235277132
1.65,-2.9845130209103035,3.01614788889733
1.65,-2.827433388230814,2.3307377051974196
1.65,-2.6703537555513246,1.6847849591419581
1.65,-2.5132741228718345,1.0996616088518723
1.65,-2.356194490192345,0.7939075696694762
1.65,-2.199114857512855,0.6865764033824214
1.65,-2.0420352248333655,0.5367468716240827
1.65,-1.884955592153876,0.4315924575298674
1.65,-1.7278759594743864,0.3519759081570556
1.65,-1.5707963267948966,0.28942658554106143
1.65,-1.413716694115407,0.27988833979498207
1.65,-1.2566370614359172,0.23573280634109342
1.65,-1.0995574287564276,0.19064179537047138
1.65,-0.942477796076938,0.17210137120029645
1.65,-0.7853981633974483,0.1566873007430692
1.65,-0.6283185307179586,0.15530065242863925
1.65,-0.471238898038469,0.1435410245846867
1.65,-0.3141592653589793,0.14375084444748112
1.65,-0.15707963267948966,0.1125784821492876
1.65,0.0,0.0458785285214079
1.65,0.15707963267948966,0.1125784821492876
1.65,0.3141592653589793,0.14375084444748112
1.65,0.471238898038469,0.1435410245846867
1.65,0.6283185307179586,0.15530065242863925
1.65,0.7853981633974483,0.1566873007430692
1.65,0.942477796076938,0.17210137120029645
1.65,1.0995574287564276,0.19064179537047138
1.65,1.2566370614359172,0.23573280634109342
1.65,1.413716694115407,0.27988833979498207
1.65,1.5707963267948966,0.28942658554106143
1.65,1.7278759594743864,0.3519759081570556
1.65,1.884955592153876,0.4315924575298674
1.65,2.0420352248333655,0.5367468716240827
1.65,2.199114857512855,0.6865764033824214
1.65,2.356194490192345,0.7939075696694762
1.65,2.5132741228718345,1.0996616088518723
1.65,2.6703537555513246,1.6847849591419581
1.65,2.827433388230814,2.3307377051974196
1.65,2.9845130209103035,3.01614788889733
1.65,3.141592653589793,3.553936235277132
1.7,-3.141592653589793,5.046985271455564
1.7,-2.9845130209103035,4.140319664763736
1.7,-2.827433388230814,2.9308446965316133
1.7,-2.6703537555513246,1.9776949548622045
1.7,-2.5132741228718345,1.221916647783554
1.7,-2.356194490192345,0.8517239170361632
1.7,-2.199114857512855,0.7208944321768258
1.7,-2.0420352248333655,0.5554510797523617
1.7,-1.884955592153876,0.4425809229424581
1.7,-1.7278759594743864,0.35848275989621997
1.7,-1.5707963267948966,0.2932280432823301
1.7,-1.413716694115407,0.28247018082085995
1.7,-1.2566370614359172,0.23733545193761899
1.7,-1.0995574287564276,0.1916472292024971
1.7,-0.942477796076938,0.17262896551750834
1.7,-0.7853981633974483,0.15709930009425416
1.7,-0.6283185307179586,0.1555929124311016
1.7,-0.471238898038469,0.14378384421190535
1.7,-0.3141592653589793,0.1438227059787949
1.7,-0.15707963267948966,0.1126821655735736
1.7,0.0,0.047033819140905396
1.7,0.15707963267948966,0.1126821655735736
1.7,0.3141592653589793,0.1438227059787949
1.7,0.471238898038469,0.14378384421190535
1.7,0.6283185307179586,0.1555929124311016
1.7,0.7853981633974483,0.15709930009425416
1.7,0.942477796076938,0.17262896551750834
1.7,1.0995574287564276,0.1916472292024971
1.7,1.2566370614359172,0.23733545193761899
1.7,1.413716694115407,0.28247018082085995
1.7,1.5707963267948966,0.2932280432823301
1.7,1.7278759594743864,0.35848275989621997
1.7,1.884955592153876,0.4425809229424581
1.7,2.0420352248333655,0.5554510797523617
1.7,2.199114857512855,0.7208944321768258
1.7,2.356194490192345,0.8517239170361632
1.7,2.5132741228718345,1.221916647783554
1.7,2.6703537555513246,1.9776949548622045
1.7,2.827433388230814,2.9308446965316133
1.7,2.9845130209103035,4.140319664763736
1.7,3.141592653589793,5.046985271455564
1.75,-3.141592653589793,7.48527586450494
1.75,-2.9845130209103035,5.852416025640665
1.75,-2.827433388230814,3.6854396244476533
1.75,-2.6703537555513246,2.2935473377427567
1.75,-2.5132741228718345,1.3391891219947891
1.75,-2.356194490192345,0.9032219567673533
1.75,-2.199114857512855,0.7499888145107765
1.75,-2.0420352248333655,0.5708675661735707
1.75,-1.884955592153876,0.45152073648938534
1.75,-1.7278759594743864,0.36364917348035103
1.75,-1.5707963267948966,0.2962055864206136
1.75,-1.413716694115407,0.2844582005196596
1.75,-1.2566370614359172,0.23855234133287548
1.75,-1.0995574287564276,0.1924379849472975
1.75,-0.942477796076938,0.1730070060990317
1.75,-0.7853981633974483,0.15740921087349066
1.75,-0.6283185307179586,0.15585827522156231
1.75,-0.471238898038469,0.14404000073194453
1.75,-0.3141592653589793,0.14392138808924418
1.75,-0.15707963267948966,0.11293381699387563
1.75,0.0,0.048821953549631814
1.75,0.15707963267948966,0.11293381699387563
1.75,0.3141592653589793,0.14392138808924418
1.75,0.471238898038469,0.14404000073194453
1.75,0.6283185307179586,0.15585827522156231
1.75,0.7853981633974483,0.15740921087349066
1.75,0.942477796076938,0.1730070060990317
1.75,1.0995574287564276,0.1924379849472975
1.75,1.2566370614359172,0.23855234133287548
1.75,1.413716694115407,0.2844582005196596
1.75,1.5707963267948966,0.2962055864206136
1.75,1.7278759594743864,0.36364917348035103
1.75,1.884955592153876,0.45152073648938534
1.75,2.0420352248333655,0.5708675661735707
1.75,2.199114857512855,0.7499888145107765
1.75,2.356194490192345,0.9032219567673533
1.75,2.5132741228718345,1.3391891219947891
1.75,2.6703537555513246,2.2935473377427567
1.75,2.827433388230814,3.6854396244476533
1.75,2.9845130209103035,5.852416025640665
1.75,3.141592653589793,7.48527586450494
1.8,-3.141592653589793,11.776742753531481
1.8,-2.9845130209103035,8.592014203460353
1.8,-2.827433388230814,4.616221998704153
1.8,-2.6703537555513246,2.617034915743526
1.8,-2.5132741228718345,1.4456484140235049
1.8,-2.356194490192345,0.946723229559338
1.8,-2.199114857512855,0.773413236182057
1.8,-2.0420352248333655,0.5830336010618073
1.8,-1.884955592153876,0.4585373282017977
1.8,-1.7278759594743864,0.3675850975117536
1.8,-1.5707963267948966,0.2984565988249496
1.8,-1.413716694115407,0.2859267885698197
1.8,-1.2566370614359172,0.2394424940606978
1.8,-1.0995574287564276,0.19305079333937672
1.8,-0.942477796076938,0.1732501115673016
1.8,-0.7853981633974483,0.15762365060631137
1.8,-0.6283185307179586,0.15611502397568836
1.8,-0.471238898038469,0.14432762043680045
1.8,-0.3141592653589793,0.14406754208164965
1.8,-0.15707963267948966,0.11345840262264643
1.8,0.0,0.05171408191963964
1.8,0.15707963267948966,0.11345840262264643
1.8,0.3141592653589793,0.14406754208164965
1.8,0.471238898038469,0.14432762043680045
1.8,0.6283185307179586,0.15611502397568836
1.8,0.7853981633974483,0.15762365060631137
1.8,0.942477796076938,0.1732501115673016
1.8,1.0995574287564276,0.19305079333937672
1.8,1.2566370614359172,0.2394424940606978
1.8,1.413716694115407,0.2859267885698197
1.8,1.5707963267948966,0.2984565988249496
1.8,1.7278759594743864,0.3675850975117536
1.8,1.884955592153876,0.4585373282017977
1.8,2.0420352248333655,0.5830336010618073
1.8,2.199114857512855,0.773413236182057
1.8,2.356194490192345,0.946723229559338
1.8,2.5132741228718345,1.4456484140235049
1.8,2.6703537555513246,2.617034915743526
1.8,2.827433388230814,4.616221998704153
1.8,2.9845130209103035,8.592014203460353
1.8,3.141592653589793,11.776742753531481
1.85,-3.141592653589793,20.16067475274065
1.85,-2.9845130209103035,13.289138569036822
1.85,-2.827433388230814,5.724486028227805
1.85,-2.6703537555513246,2.925481655781131
1.85,-2.5132741228718345,1.5358345218451663
1.85,-2.356194490192345,0.9811230215527402
1.85,-2.199114857512855,0.7910515997017995
1.85,-2.0420352248333655,0.5921458773023233
1.85,-1.884955592153876,0.4638441927239514
1.85,-1.7278759594743864,0.3704527328016772
1.85,-1.5707963267948966,0.3001006208741317
1.85,-1.413716694115407,0.28696223734069043
1.85,-1.2566370614359172,0.24009708833977378
1.85,-1.0995574287564276,0.19354945695403947
1.85,-0.942477796076938,0.17338335168701305
1.85,-0.7853981633974483,0.15776875294240392
1.85,-0.6283185307179586,0.156402345052403
1.85,-0.471238898038469,0.1446811861911195
1.85,-0.3141592653589793,0.14429290376578177
1.85,-0.15707963267948966,0.11449589321396997
1.85,0.0,0.056683747279302504
1.85,0.15707963267948966,0.11449589321396997
1.85,0.3141592653589793,0.14429290376578177
1.85,0.471238898038469,0.1446811861911195
1.85,0.6283185307179586,0.156402345052403
1.85,0.7853981633974483,0.15776875294240392
1.85,0.942477796076938,0.17338335168701305
1.85,1.0995574287564276,0.19354945695403947
1.85,1.2566370614359172,0.24009708833977378
1.85,1.413716694115407,0.28696223734069043
1.85,1.5707963267948966,0.3001006208741317
1.85,1.7278759594743864,0.3704527328016772
1.85,1.884955592153876,0.4638441927239514
1.85,2.0420352248333655,0.5921458773023233
1.85,2.199114857512855,0.7910515997017995
1.85,2.356194490192345,0.9811230215527402
1.85,2.5132741228718345,1.5358345218451663
1.85,2.6703537555513246,2.925481655781131
1.85,2.827433388230814,5.724486028227805
1.85,2.9845130209103035,13.289138569036822
1.85,3.141592653589793,20.16067475274065
1.9,-3.141592653589793,39.331043335812815
1.9,-2.9845130209103035,22.262691028215475
1.9,-2.827433388230814,6.962163123598434
1.9,-2.6703537555513246,3.1935857918661927
1.9,-2.5132741228718345,1.6057892056873513
1.9,-2.356194490192345,1.0064605111713492
1.9,-2.199114857512855,0.8034248998487726
1.9,-2.0420352248333655,0.5987556107519175
1.9,-1.884955592153876,0.46788058446348413
1.9,-1.7278759594743864,0.3725870995677497
1.9,-1.5707963267948966,0.3013183630617754
1.9,-1.413716694115407,0.28771216326473653
1.9,-1.2566370614359172,0.24073098469906956
1.9,-1.0995574287564276,0.1941227702833136
1.9,-0.942477796076938,0.17351333965995486
1.9,-0.7853981633974483,0.1579683091539921
1.9,-0.6283185307179586,0.1568498435927594
1.9,-0.471238898038469,0.14521691030821493
1.9,-0.3141592653589793,0.14466535003136935
1.9,-0.15707963267948966,0.11658438210278901
1.9,0.0,0.06608396416982398
1.9,0.15707963267948966,0.11658438210278901
1.9,0.3141592653589793,0.14466535003136935
1.9,0.471238898038469,0.14521691030821493
1.9,0.6283185307179586,0.1568498435927594
1.9,0.7853981633974483,0.1579683091539921
1.9,0.942477796076938,0.17351333965995486
1.9,1.0995574287564276,0.1941227702833136
1.9,1.2566370614359172,0.24073098469906956
1.9,1.413716694115407,0.28771216326473653
1.9,1.5707963267948966,0.3013183630617754
1.9,1.7278759594743864,0.3725870995677497
1.9,1.884955592153876,0.46788058446348413
1.9,2.0420352248333655,0.5987556107519175
1.9,2.199114857512855,0.8034248998487726
1.9,2.356194490192345,1.0064605111713492
1.9,2.5132741228718345,1.6057892056873513
1.9,2.6703537555513246,3.1935857918661927
1.9,2.827433388230814,6.962163123598434
1.9,2.9845130209103035,22.262691028215475
1.9,3.141592653589793,39.331043335812815
1.95,-3.141592653589793,96.60284628671425
1.95,-2.9845130209103035,43.264795268786585
1.95,-2.827433388230814,8.17109119114306
1.95,-2.6703537555513246,3.408697857775882
1.95,-2.5132741228718345,1.6547769748819592
1.95,-2.356194490192345,1.026114208342221
1.95,-2.199114857512855,0.8136913124471652
1.95,-2.0420352248333655,0.605221677963682
1.95,-1.884955592153876,0.47200307126657043
1.95,-1.7278759594743864,0.37503530864699075
1.95,-1.5707963267948966,0.30253239682770605
1.95,-1.413716694115407,0.28869151546027577
1.95,-1.2566370614359172,0.24208426886367407
1.95,-1.0995574287564276,0.1956056721377751
1.95,-0.942477796076938,0.17428632380855918
1.95,-0.7853981633974483,0.15879747002365383
1.95,-0.6283185307179586,0.15804214059487093
1.95,-0.471238898038469,0.14646585629384207
1.95,-0.3141592653589793,0.1455325095798703
1.95,-0.15707963267948966,0.1211041686758068
1.95,0.0,0.08607170703124012
1.95,0.15707963267948966,0.1211041686758068
1.95,0.3141592653589793,0.1455325095798703
1.95,0.471238898038469,0.14646585629384207
1.95,0.6283185307179586,0.15804214059487093
1.95,0.7853981633974483,0.15879747002365383
1.95,0.942477796076938,0.17428632380855918
1.95,1.0995574287564276,0.1956056721377751
1.95,1.2566370614359172,0.24208426886367407
1.95,1.413716694115407,0.28869151546027577
1.95,1.5707963267948966,0.30253239682770605
1.95,1.7278759594743864,0.37503530864699075
1.95,1.884955592153876,0.47200307126657043
1.95,2.0420352248333655,0.605221677963682
1.95,2.199114857512855,0.8136913124471652
1.95,2.356194490192345,1.026114208342221
1.95,2.5132741228718345,1.6547769748819592
1.95,2.6703537555513246,3.408697857775882
1.95,2.827433388230814,8.17109119114306
1.95,2.9845130209103035,43.264795268786585
1.95,3.141592653589793,96.60284628671425
