Realisation number,Variable,Time,Frequency,Empirical
1,x,159.0,-3.141592653589793,1.9106592350807872
1,x,159.0,-2.9845130209103035,1.6219050407174957
1,x,159.0,-2.827433388230814,1.2449877095679807
1,x,159.0,-2.6703537555513246,1.357255900994182
1,x,159.0,-2.5132741228718345,1.1524382747198803
1,x,159.0,-2.356194490192345,1.2790657323747312
1,x,159.0,-2.199114857512855,1.6085297377736498
1,x,159.0,-2.0420352248333655,4.148835397736211
1,x,159.0,-1.884955592153876,5.3533057209121875
1,x,159.0,-1.7278759594743864,2.2952638847177584
1,x,159.0,-1.5707963267948966,1.3463119739194038
1,x,159.0,-1.413716694115407,2.2434280773753623
1,x,159.0,-1.2566370614359172,2.6418949266945795
1,x,159.0,-1.0995574287564276,1.862601738755976
1,x,159.0,-0.942477796076938,1.9341367124790254
1,x,159.0,-0.7853981633974483,3.8759737627030426
1,x,159.0,-0.6283185307179586,3.4603588977062443
1,x,159.0,-0.471238898038469,2.219774481490858
1,x,159.0,-0.3141592653589793,3.4364909199015017
1,x,159.0,-0.15707963267948966,2.2485071582028797
1,x,159.0,0.0,0.8929413919772758
1,x,159.0,0.15707963267948966,2.2485071582028797
1,x,159.0,0.3141592653589793,3.4364909199015017
1,x,159.0,0.471238898038469,2.219774481490858
1,x,159.0,0.6283185307179586,3.4603588977062443
1,x,159.0,0.7853981633974483,3.8759737627030426
1,x,159.0,0.942477796076938,1.9341367124790254
1,x,159.0,1.0995574287564276,1.862601738755976
1,x,159.0,1.2566370614359172,2.6418949266945795
1,x,159.0,1.413716694115407,2.2434280773753623
1,x,159.0,1.5707963267948966,1.3463119739194038
1,x,159.0,1.7278759594743864,2.2952638847177584
1,x,159.0,1.884955592153876,5.3533057209121875
1,x,159.0,2.0420352248333655,4.148835397736211
1,x,159.0,2.199114857512855,1.6085297377736498
1,x,159.0,2.356194490192345,1.2790657323747312
1,x,159.0,2.5132741228718345,1.1524382747198803
1,x,159.0,2.6703537555513246,1.357255900994182
1,x,159.0,2.827433388230814,1.2449877095679807
1,x,159.0,2.9845130209103035,1.6219050407174957
1,x,159.0,3.141592653589793,1.9106592350807872
1,x,179.0,-3.141592653589793,0.4722376382244451
1,x,179.0,-2.9845130209103035,1.0891817555261354
1,x,179.0,-2.827433388230814,1.2428676106301564
1,x,179.0,-2.6703537555513246,1.0545313030629722
1,x,179.0,-2.5132741228718345,1.1140629908007473
1,x,179.0,-2.356194490192345,1.2237437237106548
1,x,179.0,-2.199114857512855,1.6673729630116514
1,x,179.0,-2.0420352248333655,2.73694443103792
1,x,179.0,-1.884955592153876,3.2521153631432727
1,x,179.0,-1.7278759594743864,1.096275441195438
1,x,179.0,-1.5707963267948966,0.607256624197239
1,x,179.0,-1.413716694115407,2.091087859238101
1,x,179.0,-1.2566370614359172,2.3618279649979868
1,x,179.0,-1.0995574287564276,1.653995383188801
1,x,179.0,-0.942477796076938,1.963786957720878
1,x,179.0,-0.7853981633974483,4.122146350307694
1,x,179.0,-0.6283185307179586,3.758502561440465
1,x,179.0,-0.471238898038469,1.8876856726233904
1,x,179.0,-0.3141592653589793,3.4898640073173266
1,x,179.0,-0.15707963267948966,2.355829382057753
1,x,179.0,0.0,0.9814278124231348
1,x,179.0,0.15707963267948966,2.355829382057753
1,x,179.0,0.3141592653589793,3.4898640073173266
1,x,179.0,0.471238898038469,1.8876856726233904
1,x,179.0,0.6283185307179586,3.758502561440465
1,x,179.0,0.7853981633974483,4.122146350307694
1,x,179.0,0.942477796076938,1.963786957720878
1,x,179.0,1.0995574287564276,1.653995383188801
1,x,179.0,1.2566370614359172,2.3618279649979868
1,x,179.0,1.413716694115407,2.091087859238101
1,x,179.0,1.5707963267948966,0.607256624197239
1,x,179.0,1.7278759594743864,1.096275441195438
1,x,179.0,1.884955592153876,3.2521153631432727
1,x,179.0,2.0420352248333655,2.73694443103792
1,x,179.0,2.199114857512855,1.6673729630116514
1,x,179.0,2.356194490192345,1.2237437237106548
1,x,179.0,2.5132741228718345,1.1140629908007473
1,x,179.0,2.6703537555513246,1.0545313030629722
1,x,179.0,2.827433388230814,1.2428676106301564
1,x,179.0,2.9845130209103035,1.0891817555261354
1,x,179.0,3.141592653589793,0.4722376382244451
1,x,199.0,-3.141592653589793,0.4693416647428349
1,x,199.0,-2.9845130209103035,1.0153944287061354
1,x,199.0,-2.827433388230814,1.3635045008635822
1,x,199.0,-2.6703537555513246,1.079647890879853
1,x,199.0,-2.5132741228718345,0.9160772562124199
1,x,199.0,-2.356194490192345,0.8906546442949567
1,x,199.0,-2.199114857512855,1.4391278236349088
1,x,199.0,-2.0420352248333655,1.8748954206376178
1,x,199.0,-1.884955592153876,1.413474477539785
1,x,199.0,-1.7278759594743864,1.027489446335053
1,x,199.0,-1.5707963267948966,0.6866784553273296
1,x,199.0,-1.413716694115407,2.3512734747995445
1,x,199.0,-1.2566370614359172,2.5451096163742686
1,x,199.0,-1.0995574287564276,1.6411696133437184
1,x,199.0,-0.942477796076938,1.8454655743316788
1,x,199.0,-0.7853981633974483,4.088496220954568
1,x,199.0,-0.6283185307179586,3.9257701115063446
1,x,199.0,-0.471238898038469,2.3038884001244786
1,x,199.0,-0.3141592653589793,5.1343568994952
1,x,199.0,-0.15707963267948966,3.187979315476816
1,x,199.0,0.0,0.7665549049413161
1,x,199.0,0.15707963267948966,3.187979315476816
1,x,199.0,0.3141592653589793,5.1343568994952
1,x,199.0,0.471238898038469,2.3038884001244786
1,x,199.0,0.6283185307179586,3.9257701115063446
1,x,199.0,0.7853981633974483,4.088496220954568
1,x,199.0,0.942477796076938,1.8454655743316788
1,x,199.0,1.0995574287564276,1.6411696133437184
1,x,199.0,1.2566370614359172,2.5451096163742686
1,x,199.0,1.413716694115407,2.3512734747995445
1,x,199.0,1.5707963267948966,0.6866784553273296
1,x,199.0,1.7278759594743864,1.027489446335053
1,x,199.0,1.884955592153876,1.413474477539785
1,x,199.0,2.0420352248333655,1.8748954206376178
1,x,199.0,2.199114857512855,1.4391278236349088
1,x,199.0,2.356194490192345,0.8906546442949567
1,x,199.0,2.5132741228718345,0.9160772562124199
1,x,199.0,2.6703537555513246,1.079647890879853
1,x,199.0,2.827433388230814,1.3635045008635822
1,x,199.0,2.9845130209103035,1.0153944287061354
1,x,199.0,3.141592653589793,0.4693416647428349
1,x,219.0,-3.141592653589793,0.4805160937586927
1,x,219.0,-2.9845130209103035,1.0122933261609401
1,x,219.0,-2.827433388230814,1.3608167076101394
1,x,219.0,-2.6703537555513246,1.0175961922090173
1,x,219.0,-2.5132741228718345,0.48876562679345703
1,x,219.0,-2.356194490192345,0.45632996187700714
1,x,219.0,-2.199114857512855,1.3435516987660605
1,x,219.0,-2.0420352248333655,1.619748441489717
1,x,219.0,-1.884955592153876,1.387560260759356
1,x,219.0,-1.7278759594743864,0.9352674103868788
1,x,219.0,-1.5707963267948966,0.7727012270223363
1,x,219.0,-1.413716694115407,1.9381534417144886
1,x,219.0,-1.2566370614359172,2.3339225478292542
1,x,219.0,-1.0995574287564276,1.5862153367366274
1,x,219.0,-0.942477796076938,1.6085481878216648
1,x,219.0,-0.7853981633974483,3.177452254758034
1,x,219.0,-0.6283185307179586,3.256067651047539
1,x,219.0,-0.471238898038469,2.578318288240916
1,x,219.0,-0.3141592653589793,5.4886052609693055
1,x,219.0,-0.15707963267948966,3.235002106664076
1,x,219.0,0.0,0.7876150021933286
1,x,219.0,0.15707963267948966,3.235002106664076
1,x,219.0,0.3141592653589793,5.4886052609693055
1,x,219.0,0.471238898038469,2.578318288240916
1,x,219.0,0.6283185307179586,3.256067651047539
1,x,219.0,0.7853981633974483,3.177452254758034
1,x,219.0,0.942477796076938,1.6085481878216648
1,x,219.0,1.0995574287564276,1.5862153367366274
1,x,219.0,1.2566370614359172,2.3339225478292542
1,x,219.0,1.413716694115407,1.9381534417144886
1,x,219.0,1.5707963267948966,0.7727012270223363
1,x,219.0,1.7278759594743864,0.9352674103868788
1,x,219.0,1.884955592153876,1.387560260759356
1,x,219.0,2.0420352248333655,1.619748441489717
1,x,219.0,2.199114857512855,1.3435516987660605
1,x,219.0,2.356194490192345,0.45632996187700714
1,x,219.0,2.5132741228718345,0.48876562679345703
1,x,219.0,2.6703537555513246,1.0175961922090173
1,x,219.0,2.827433388230814,1.3608167076101394
1,x,219.0,2.9845130209103035,1.0122933261609401
1,x,219.0,3.141592653589793,0.4805160937586927
1,x,239.0,-3.141592653589793,0.29361545924357363
1,x,239.0,-2.9845130209103035,0.7730212476327137
1,x,239.0,-2.827433388230814,1.0932280033414614
1,x,239.0,-2.6703537555513246,0.674052453943774
1,x,239.0,-2.5132741228718345,0.32702255978768957
1,x,239.0,-2.356194490192345,0.3537800647844248
1,x,239.0,-2.199114857512855,0.8886086762570438
1,x,239.0,-2.0420352248333655,1.497638998684158
1,x,239.0,-1.884955592153876,1.3925102504555287
1,x,239.0,-1.7278759594743864,0.8957964831130141
1,x,239.0,-1.5707963267948966,0.8300693112592222
1,x,239.0,-1.413716694115407,1.5167982169952956
1,x,239.0,-1.2566370614359172,1.2497383418150807
1,x,239.0,-1.0995574287564276,1.0777961815400579
1,x,239.0,-0.942477796076938,1.724063110941657
1,x,239.0,-0.7853981633974483,2.72522298947009
1,x,239.0,-0.6283185307179586,3.3090958625974145
1,x,239.0,-0.471238898038469,2.1101170656805377
1,x,239.0,-0.3141592653589793,5.903226302853511
1,x,239.0,-0.15707963267948966,3.4017943723870903
1,x,239.0,0.0,0.6274998173074092
1,x,239.0,0.15707963267948966,3.4017943723870903
1,x,239.0,0.3141592653589793,5.903226302853511
1,x,239.0,0.471238898038469,2.1101170656805377
1,x,239.0,0.6283185307179586,3.3090958625974145
1,x,239.0,0.7853981633974483,2.72522298947009
1,x,239.0,0.942477796076938,1.724063110941657
1,x,239.0,1.0995574287564276,1.0777961815400579
1,x,239.0,1.2566370614359172,1.2497383418150807
1,x,239.0,1.413716694115407,1.5167982169952956
1,x,239.0,1.5707963267948966,0.8300693112592222
1,x,239.0,1.7278759594743864,0.8957964831130141
1,x,239.0,1.884955592153876,1.3925102504555287
1,x,239.0,2.0420352248333655,1.497638998684158
1,x,239.0,2.199114857512855,0.8886086762570438
1,x,239.0,2.356194490192345,0.3537800647844248
1,x,239.0,2.5132741228718345,0.32702255978768957
1,x,239.0,2.6703537555513246,0.674052453943774
1,x,239.0,2.827433388230814,1.0932280033414614
1,x,239.0,2.9845130209103035,0.7730212476327137
1,x,239.0,3.141592653589793,0.29361545924357363
1,x,259.0,-3.141592653589793,0.2699369188981416
1,x,259.0,-2.9845130209103035,0.471243438210601
1,x,259.0,-2.827433388230814,0.7541942654428455
1,x,259.0,-2.6703537555513246,0.5538890899529283
1,x,259.0,-2.5132741228718345,0.37987877214891874
1,x,259.0,-2.356194490192345,0.3546013992946109
1,x,259.0,-2.199114857512855,0.5788920530863699
1,x,259.0,-2.0420352248333655,0.9224106818366348
1,x,259.0,-1.884955592153876,0.9704751390279517
1,x,259.0,-1.7278759594743864,0.7761610527081092
1,x,259.0,-1.5707963267948966,0.7716141807735998
1,x,259.0,-1.413716694115407,1.298896174682275
1,x,259.0,-1.2566370614359172,0.8061978082254843
1,x,259.0,-1.0995574287564276,0.746637019613589
1,x,259.0,-0.942477796076938,1.534351473548545
1,x,259.0,-0.7853981633974483,2.409622047563068
1,x,259.0,-0.6283185307179586,3.206216054910544
1,x,259.0,-0.471238898038469,2.0382967405877968
1,x,259.0,-0.3141592653589793,5.018141249213154
1,x,259.0,-0.15707963267948966,2.9260718037049522
1,x,259.0,0.0,0.3162350854907144
1,x,259.0,0.15707963267948966,2.9260718037049522
1,x,259.0,0.3141592653589793,5.018141249213154
1,x,259.0,0.471238898038469,2.0382967405877968
1,x,259.0,0.6283185307179586,3.206216054910544
1,x,259.0,0.7853981633974483,2.409622047563068
1,x,259.0,0.942477796076938,1.534351473548545
1,x,259.0,1.0995574287564276,0.746637019613589
1,x,259.0,1.2566370614359172,0.8061978082254843
1,x,259.0,1.413716694115407,1.298896174682275
1,x,259.0,1.5707963267948966,0.7716141807735998
1,x,259.0,1.7278759594743864,0.7761610527081092
1,x,259.0,1.884955592153876,0.9704751390279517
1,x,259.0,2.0420352248333655,0.9224106818366348
1,x,259.0,2.199114857512855,0.5788920530863699
1,x,259.0,2.356194490192345,0.3546013992946109
1,x,259.0,2.5132741228718345,0.37987877214891874
1,x,259.0,2.6703537555513246,0.5538890899529283
1,x,259.0,2.827433388230814,0.7541942654428455
1,x,259.0,2.9845130209103035,0.471243438210601
1,x,259.0,3.141592653589793,0.2699369188981416
1,x,279.0,-3.141592653589793,0.18072412519079276
1,x,279.0,-2.9845130209103035,0.17064429706799042
1,x,279.0,-2.827433388230814,0.36555196735459944
1,x,279.0,-2.6703537555513246,0.4169509327479684
1,x,279.0,-2.5132741228718345,0.33450988304904467
1,x,279.0,-2.356194490192345,0.1994535449913694
1,x,279.0,-2.199114857512855,0.20388792704264389
1,x,279.0,-2.0420352248333655,0.5658690604240033
1,x,279.0,-1.884955592153876,0.519383295064272
1,x,279.0,-1.7278759594743864,0.6769791027117286
1,x,279.0,-1.5707963267948966,0.7807755957992468
1,x,279.0,-1.413716694115407,1.003837905849261
1,x,279.0,-1.2566370614359172,0.5872751346480621
1,x,279.0,-1.0995574287564276,0.570026454905079
1,x,279.0,-0.942477796076938,1.2433626770737634
1,x,279.0,-0.7853981633974483,2.3763125256922124
1,x,279.0,-0.6283185307179586,2.8948746164947727
1,x,279.0,-0.471238898038469,2.33756377360424
1,x,279.0,-0.3141592653589793,4.489926424271774
1,x,279.0,-0.15707963267948966,2.7310336801780912
1,x,279.0,0.0,0.3470164528549499
1,x,279.0,0.15707963267948966,2.7310336801780912
1,x,279.0,0.3141592653589793,4.489926424271774
1,x,279.0,0.471238898038469,2.33756377360424
1,x,279.0,0.6283185307179586,2.8948746164947727
1,x,279.0,0.7853981633974483,2.3763125256922124
1,x,279.0,0.942477796076938,1.2433626770737634
1,x,279.0,1.0995574287564276,0.570026454905079
1,x,279.0,1.2566370614359172,0.5872751346480621
1,x,279.0,1.413716694115407,1.003837905849261
1,x,279.0,1.5707963267948966,0.7807755957992468
1,x,279.0,1.7278759594743864,0.6769791027117286
1,x,279.0,1.884955592153876,0.519383295064272
1,x,279.0,2.0420352248333655,0.5658690604240033
1,x,279.0,2.199114857512855,0.20388792704264389
1,x,279.0,2.356194490192345,0.1994535449913694
1,x,279.0,2.5132741228718345,0.33450988304904467
1,x,279.0,2.6703537555513246,0.4169509327479684
1,x,279.0,2.827433388230814,0.36555196735459944
1,x,279.0,2.9845130209103035,0.17064429706799042
1,x,279.0,3.141592653589793,0.18072412519079276
1,x,299.0,-3.141592653589793,0.045758202754756165
1,x,299.0,-2.9845130209103035,0.12202551898997731
1,x,299.0,-2.827433388230814,0.35070342132473514
1,x,299.0,-2.6703537555513246,0.3032882191127994
1,x,299.0,-2.5132741228718345,0.19450630056182708
1,x,299.0,-2.356194490192345,0.11178843928178775
1,x,299.0,-2.199114857512855,0.12918617991615505
1,x,299.0,-2.0420352248333655,0.3095156082620239
1,x,299.0,-1.884955592153876,0.2131409078230562
1,x,299.0,-1.7278759594743864,0.41644771234266614
1,x,299.0,-1.5707963267948966,0.7611336058299133
1,x,299.0,-1.413716694115407,0.7115568457855727
1,x,299.0,-1.2566370614359172,0.44058466180925027
1,x,299.0,-1.0995574287564276,0.4709502723588147
1,x,299.0,-0.942477796076938,1.096141039155193
1,x,299.0,-0.7853981633974483,1.6630266380889573
1,x,299.0,-0.6283185307179586,1.1985731955906063
1,x,299.0,-0.471238898038469,1.9712466447381305
1,x,299.0,-0.3141592653589793,4.509511782828656
1,x,299.0,-0.15707963267948966,2.7057483134783276
1,x,299.0,0.0,0.3699290245805861
1,x,299.0,0.15707963267948966,2.7057483134783276
1,x,299.0,0.3141592653589793,4.509511782828656
1,x,299.0,0.471238898038469,1.9712466447381305
1,x,299.0,0.6283185307179586,1.1985731955906063
1,x,299.0,0.7853981633974483,1.6630266380889573
1,x,299.0,0.942477796076938,1.096141039155193
1,x,299.0,1.0995574287564276,0.4709502723588147
1,x,299.0,1.2566370614359172,0.44058466180925027
1,x,299.0,1.413716694115407,0.7115568457855727
1,x,299.0,1.5707963267948966,0.7611336058299133
1,x,299.0,1.7278759594743864,0.41644771234266614
1,x,299.0,1.884955592153876,0.2131409078230562
1,x,299.0,2.0420352248333655,0.3095156082620239
1,x,299.0,2.199114857512855,0.12918617991615505
1,x,299.0,2.356194490192345,0.11178843928178775
1,x,299.0,2.5132741228718345,0.19450630056182708
1,x,299.0,2.6703537555513246,0.3032882191127994
1,x,299.0,2.827433388230814,0.35070342132473514
1,x,299.0,2.9845130209103035,0.12202551898997731
1,x,299.0,3.141592653589793,0.045758202754756165
1,x,319.0,-3.141592653589793,0.03417064711248039
1,x,319.0,-2.9845130209103035,0.11692106064745275
1,x,319.0,-2.827433388230814,0.29424007823577203
1,x,319.0,-2.6703537555513246,0.13141541107550994
1,x,319.0,-2.5132741228718345,0.10217862942938864
1,x,319.0,-2.356194490192345,0.08079775302770968
1,x,319.0,-2.199114857512855,0.06131516666120496
1,x,319.0,-2.0420352248333655,0.12955206601563882
1,x,319.0,-1.884955592153876,0.1701160750724304
1,x,319.0,-1.7278759594743864,0.366233471690561
1,x,319.0,-1.5707963267948966,0.6737632152256132
1,x,319.0,-1.413716694115407,0.6744858316826189
1,x,319.0,-1.2566370614359172,0.4032422865814074
1,x,319.0,-1.0995574287564276,0.4536985981171375
1,x,319.0,-0.942477796076938,1.0279324553063873
1,x,319.0,-0.7853981633974483,1.3276821593176058
1,x,319.0,-0.6283185307179586,0.8495231092807602
1,x,319.0,-0.471238898038469,1.9101195286596213
1,x,319.0,-0.3141592653589793,3.8820779140985264
1,x,319.0,-0.15707963267948966,2.3043841002349117
1,x,319.0,0.0,0.17394346203093577
1,x,319.0,0.15707963267948966,2.3043841002349117
1,x,319.0,0.3141592653589793,3.8820779140985264
1,x,319.0,0.471238898038469,1.9101195286596213
1,x,319.0,0.6283185307179586,0.8495231092807602
1,x,319.0,0.7853981633974483,1.3276821593176058
1,x,319.0,0.942477796076938,1.0279324553063873
1,x,319.0,1.0995574287564276,0.4536985981171375
1,x,319.0,1.2566370614359172,0.4032422865814074
1,x,319.0,1.413716694115407,0.6744858316826189
1,x,319.0,1.5707963267948966,0.6737632152256132
1,x,319.0,1.7278759594743864,0.366233471690561
1,x,319.0,1.884955592153876,0.1701160750724304
1,x,319.0,2.0420352248333655,0.12955206601563882
1,x,319.0,2.199114857512855,0.06131516666120496
1,x,319.0,2.356194490192345,0.08079775302770968
1,x,319.0,2.5132741228718345,0.10217862942938864
1,x,319.0,2.6703537555513246,0.13141541107550994
1,x,319.0,2.827433388230814,0.29424007823577203
1,x,319.0,2.9845130209103035,0.11692106064745275
1,x,319.0,3.141592653589793,0.03417064711248039
2,x,159.0,-3.141592653589793,1.5084661769449423
2,x,159.0,-2.9845130209103035,1.8828221682120911
2,x,159.0,-2.827433388230814,1.1873657887355944
2,x,159.0,-2.6703537555513246,0.6667744987769498
2,x,159.0,-2.5132741228718345,1.491507514279767
2,x,159.0,-2.356194490192345,4.533204792202425
2,x,159.0,-2.199114857512855,2.6238681596921487
2,x,159.0,-2.0420352248333655,1.3150762231719617
2,x,159.0,-1.884955592153876,1.6304836658038888
2,x,159.0,-1.7278759594743864,1.8049558573951163
2,x,159.0,-1.5707963267948966,1.4147101330749907
2,x,159.0,-1.413716694115407,3.004975576594074
2,x,159.0,-1.2566370614359172,3.253800564695227
2,x,159.0,-1.0995574287564276,1.2398083760048755
2,x,159.0,-0.942477796076938,2.982843958695941
2,x,159.0,-0.7853981633974483,4.833441349746377
2,x,159.0,-0.6283185307179586,4.142912404258934
2,x,159.0,-0.471238898038469,4.514595356976131
2,x,159.0,-0.3141592653589793,2.911394948049544
2,x,159.0,-0.15707963267948966,2.288747541420139
2,x,159.0,0.0,1.2957399824734424
2,x,159.0,0.15707963267948966,2.288747541420139
2,x,159.0,0.3141592653589793,2.911394948049544
2,x,159.0,0.471238898038469,4.514595356976131
2,x,159.0,0.6283185307179586,4.142912404258934
2,x,159.0,0.7853981633974483,4.833441349746377
2,x,159.0,0.942477796076938,2.982843958695941
2,x,159.0,1.0995574287564276,1.2398083760048755
2,x,159.0,1.2566370614359172,3.253800564695227
2,x,159.0,1.413716694115407,3.004975576594074
2,x,159.0,1.5707963267948966,1.4147101330749907
2,x,159.0,1.7278759594743864,1.8049558573951163
2,x,159.0,1.884955592153876,1.6304836658038888
2,x,159.0,2.0420352248333655,1.3150762231719617
2,x,159.0,2.199114857512855,2.6238681596921487
2,x,159.0,2.356194490192345,4.533204792202425
2,x,159.0,2.5132741228718345,1.491507514279767
2,x,159.0,2.6703537555513246,0.6667744987769498
2,x,159.0,2.827433388230814,1.1873657887355944
2,x,159.0,2.9845130209103035,1.8828221682120911
2,x,159.0,3.141592653589793,1.5084661769449423
2,x,179.0,-3.141592653589793,1.5049645576851292
2,x,179.0,-2.9845130209103035,1.8272906635021733
2,x,179.0,-2.827433388230814,1.1322130829110473
2,x,179.0,-2.6703537555513246,0.5697596044172979
2,x,179.0,-2.5132741228718345,1.4602166504756247
2,x,179.0,-2.356194490192345,3.628207412865024
2,x,179.0,-2.199114857512855,1.8434426617293356
2,x,179.0,-2.0420352248333655,1.0424514528031212
2,x,179.0,-1.884955592153876,1.6352858326085362
2,x,179.0,-1.7278759594743864,1.5672687281593307
2,x,179.0,-1.5707963267948966,1.2726769767232469
2,x,179.0,-1.413716694115407,2.797462842089773
2,x,179.0,-1.2566370614359172,3.011599355934736
2,x,179.0,-1.0995574287564276,1.5855920706541153
2,x,179.0,-0.942477796076938,2.1398030386695903
2,x,179.0,-0.7853981633974483,3.4697992930765547
2,x,179.0,-0.6283185307179586,2.357918739191496
2,x,179.0,-0.471238898038469,2.680325179758154
2,x,179.0,-0.3141592653589793,2.1238540043631557
2,x,179.0,-0.15707963267948966,2.2884378796961253
2,x,179.0,0.0,1.3002078347158812
2,x,179.0,0.15707963267948966,2.2884378796961253
2,x,179.0,0.3141592653589793,2.1238540043631557
2,x,179.0,0.471238898038469,2.680325179758154
2,x,179.0,0.6283185307179586,2.357918739191496
2,x,179.0,0.7853981633974483,3.4697992930765547
2,x,179.0,0.942477796076938,2.1398030386695903
2,x,179.0,1.0995574287564276,1.5855920706541153
2,x,179.0,1.2566370614359172,3.011599355934736
2,x,179.0,1.413716694115407,2.797462842089773
2,x,179.0,1.5707963267948966,1.2726769767232469
2,x,179.0,1.7278759594743864,1.5672687281593307
2,x,179.0,1.884955592153876,1.6352858326085362
2,x,179.0,2.0420352248333655,1.0424514528031212
2,x,179.0,2.199114857512855,1.8434426617293356
2,x,179.0,2.356194490192345,3.628207412865024
2,x,179.0,2.5132741228718345,1.4602166504756247
2,x,179.0,2.6703537555513246,0.5697596044172979
2,x,179.0,2.827433388230814,1.1322130829110473
2,x,179.0,2.9845130209103035,1.8272906635021733
2,x,179.0,3.141592653589793,1.5049645576851292
2,x,199.0,-3.141592653589793,0.5412095603123515
2,x,199.0,-2.9845130209103035,1.299137466382954
2,x,199.0,-2.827433388230814,1.190533782987163
2,x,199.0,-2.6703537555513246,0.5998472049216469
2,x,199.0,-2.5132741228718345,1.481503495598398
2,x,199.0,-2.356194490192345,2.7646199292465314
2,x,199.0,-2.199114857512855,1.0834192395236664
2,x,199.0,-2.0420352248333655,0.8900743492443876
2,x,199.0,-1.884955592153876,1.4540852211702924
2,x,199.0,-1.7278759594743864,1.0695918886406937
2,x,199.0,-1.5707963267948966,0.8672808206006929
2,x,199.0,-1.413716694115407,2.493632337667048
2,x,199.0,-1.2566370614359172,2.06055733820243
2,x,199.0,-1.0995574287564276,0.9961718992922021
2,x,199.0,-0.942477796076938,1.7032097513792976
2,x,199.0,-0.7853981633974483,2.7664265339390224
2,x,199.0,-0.6283185307179586,2.5966499290389495
2,x,199.0,-0.471238898038469,3.221693803100657
2,x,199.0,-0.3141592653589793,2.880424465790944
2,x,199.0,-0.15707963267948966,2.6337064834972694
2,x,199.0,0.0,1.4035426054545437
2,x,199.0,0.15707963267948966,2.6337064834972694
2,x,199.0,0.3141592653589793,2.880424465790944
2,x,199.0,0.471238898038469,3.221693803100657
2,x,199.0,0.6283185307179586,2.5966499290389495
2,x,199.0,0.7853981633974483,2.7664265339390224
2,x,199.0,0.942477796076938,1.7032097513792976
2,x,199.0,1.0995574287564276,0.9961718992922021
2,x,199.0,1.2566370614359172,2.06055733820243
2,x,199.0,1.413716694115407,2.493632337667048
2,x,199.0,1.5707963267948966,0.8672808206006929
2,x,199.0,1.7278759594743864,1.0695918886406937
2,x,199.0,1.884955592153876,1.4540852211702924
2,x,199.0,2.0420352248333655,0.8900743492443876
2,x,199.0,2.199114857512855,1.0834192395236664
2,x,199.0,2.356194490192345,2.7646199292465314
2,x,199.0,2.5132741228718345,1.481503495598398
2,x,199.0,2.6703537555513246,0.5998472049216469
2,x,199.0,2.827433388230814,1.190533782987163
2,x,199.0,2.9845130209103035,1.299137466382954
2,x,199.0,3.141592653589793,0.5412095603123515
2,x,219.0,-3.141592653589793,0.3887427728163228
2,x,219.0,-2.9845130209103035,0.6796817246920425
2,x,219.0,-2.827433388230814,1.1018139891503844
2,x,219.0,-2.6703537555513246,0.5869713762874671
2,x,219.0,-2.5132741228718345,1.1460593632897675
2,x,219.0,-2.356194490192345,2.0494641250932673
2,x,219.0,-2.199114857512855,1.0303424161611328
2,x,219.0,-2.0420352248333655,0.8317099739481487
2,x,219.0,-1.884955592153876,1.2013558460316318
2,x,219.0,-1.7278759594743864,0.9816805867500359
2,x,219.0,-1.5707963267948966,0.5260964805050543
2,x,219.0,-1.413716694115407,2.1773174910182913
2,x,219.0,-1.2566370614359172,2.1120912308642787
2,x,219.0,-1.0995574287564276,1.018002442880307
2,x,219.0,-0.942477796076938,1.6201182305038475
2,x,219.0,-0.7853981633974483,2.5266273315594785
2,x,219.0,-0.6283185307179586,2.7046010482455918
2,x,219.0,-0.471238898038469,2.8904690329710663
2,x,219.0,-0.3141592653589793,2.779985033509406
2,x,219.0,-0.15707963267948966,2.5968584880253998
2,x,219.0,0.0,1.4633198258999671
2,x,219.0,0.15707963267948966,2.5968584880253998
2,x,219.0,0.3141592653589793,2.779985033509406
2,x,219.0,0.471238898038469,2.8904690329710663
2,x,219.0,0.6283185307179586,2.7046010482455918
2,x,219.0,0.7853981633974483,2.5266273315594785
2,x,219.0,0.942477796076938,1.6201182305038475
2,x,219.0,1.0995574287564276,1.018002442880307
2,x,219.0,1.2566370614359172,2.1120912308642787
2,x,219.0,1.413716694115407,2.1773174910182913
2,x,219.0,1.5707963267948966,0.5260964805050543
2,x,219.0,1.7278759594743864,0.9816805867500359
2,x,219.0,1.884955592153876,1.2013558460316318
2,x,219.0,2.0420352248333655,0.8317099739481487
2,x,219.0,2.199114857512855,1.0303424161611328
2,x,219.0,2.356194490192345,2.0494641250932673
2,x,219.0,2.5132741228718345,1.1460593632897675
2,x,219.0,2.6703537555513246,0.5869713762874671
2,x,219.0,2.827433388230814,1.1018139891503844
2,x,219.0,2.9845130209103035,0.6796817246920425
2,x,219.0,3.141592653589793,0.3887427728163228
2,x,239.0,-3.141592653589793,0.34778142810207296
2,x,239.0,-2.9845130209103035,0.7653463498031595
2,x,239.0,-2.827433388230814,1.0267910220136731
2,x,239.0,-2.6703537555513246,0.5417356389317397
2,x,239.0,-2.5132741228718345,0.8861945438269007
2,x,239.0,-2.356194490192345,1.5963761783250197
2,x,239.0,-2.199114857512855,0.8486793372373685
2,x,239.0,-2.0420352248333655,0.7971586029760311
2,x,239.0,-1.884955592153876,0.6985722996971535
2,x,239.0,-1.7278759594743864,0.756184597884258
2,x,239.0,-1.5707963267948966,0.44118490319953557
2,x,239.0,-1.413716694115407,1.562527617716593
2,x,239.0,-1.2566370614359172,1.7725341899471336
2,x,239.0,-1.0995574287564276,1.0553275303490006
2,x,239.0,-0.942477796076938,1.3954436936907328
2,x,239.0,-0.7853981633974483,2.3571942188887745
2,x,239.0,-0.6283185307179586,2.3613351054346956
2,x,239.0,-0.471238898038469,2.6820530410917818
2,x,239.0,-0.3141592653589793,2.5870682147815076
2,x,239.0,-0.15707963267948966,2.5003685040297055
2,x,239.0,0.0,1.2538984245106821
2,x,239.0,0.15707963267948966,2.5003685040297055
2,x,239.0,0.3141592653589793,2.5870682147815076
2,x,239.0,0.471238898038469,2.6820530410917818
2,x,239.0,0.6283185307179586,2.3613351054346956
2,x,239.0,0.7853981633974483,2.3571942188887745
2,x,239.0,0.942477796076938,1.3954436936907328
2,x,239.0,1.0995574287564276,1.0553275303490006
2,x,239.0,1.2566370614359172,1.7725341899471336
2,x,239.0,1.413716694115407,1.562527617716593
2,x,239.0,1.5707963267948966,0.44118490319953557
2,x,239.0,1.7278759594743864,0.756184597884258
2,x,239.0,1.884955592153876,0.6985722996971535
2,x,239.0,2.0420352248333655,0.7971586029760311
2,x,239.0,2.199114857512855,0.8486793372373685
2,x,239.0,2.356194490192345,1.5963761783250197
2,x,239.0,2.5132741228718345,0.8861945438269007
2,x,239.0,2.6703537555513246,0.5417356389317397
2,x,239.0,2.827433388230814,1.0267910220136731
2,x,239.0,2.9845130209103035,0.7653463498031595
2,x,239.0,3.141592653589793,0.34778142810207296
2,x,259.0,-3.141592653589793,0.3510655464162801
2,x,259.0,-2.9845130209103035,0.422561709590744
2,x,259.0,-2.827433388230814,0.6412583645358296
2,x,259.0,-2.6703537555513246,0.4871865726729782
2,x,259.0,-2.5132741228718345,0.5472095889867074
2,x,259.0,-2.356194490192345,0.9793729125672245
2,x,259.0,-2.199114857512855,0.4180265971115452
2,x,259.0,-2.0420352248333655,0.6298672523662444
2,x,259.0,-1.884955592153876,0.7058849373686529
2,x,259.0,-1.7278759594743864,0.6513973312538482
2,x,259.0,-1.5707963267948966,0.4142463012896305
2,x,259.0,-1.413716694115407,0.9674664544217136
2,x,259.0,-1.2566370614359172,0.7447356488301412
2,x,259.0,-1.0995574287564276,0.9730470823570385
2,x,259.0,-0.942477796076938,0.8370186722362501
2,x,259.0,-0.7853981633974483,1.03162686077164
2,x,259.0,-0.6283185307179586,1.7682803708907993
2,x,259.0,-0.471238898038469,2.670025151493727
2,x,259.0,-0.3141592653589793,2.509341652176868
2,x,259.0,-0.15707963267948966,2.170284950857353
2,x,259.0,0.0,1.2446398924002249
2,x,259.0,0.15707963267948966,2.170284950857353
2,x,259.0,0.3141592653589793,2.509341652176868
2,x,259.0,0.471238898038469,2.670025151493727
2,x,259.0,0.6283185307179586,1.7682803708907993
2,x,259.0,0.7853981633974483,1.03162686077164
2,x,259.0,0.942477796076938,0.8370186722362501
2,x,259.0,1.0995574287564276,0.9730470823570385
2,x,259.0,1.2566370614359172,0.7447356488301412
2,x,259.0,1.413716694115407,0.9674664544217136
2,x,259.0,1.5707963267948966,0.4142463012896305
2,x,259.0,1.7278759594743864,0.6513973312538482
2,x,259.0,1.884955592153876,0.7058849373686529
2,x,259.0,2.0420352248333655,0.6298672523662444
2,x,259.0,2.199114857512855,0.4180265971115452
2,x,259.0,2.356194490192345,0.9793729125672245
2,x,259.0,2.5132741228718345,0.5472095889867074
2,x,259.0,2.6703537555513246,0.4871865726729782
2,x,259.0,2.827433388230814,0.6412583645358296
2,x,259.0,2.9845130209103035,0.422561709590744
2,x,259.0,3.141592653589793,0.3510655464162801
2,x,279.0,-3.141592653589793,0.3204301602228123
2,x,279.0,-2.9845130209103035,0.4273066042336808
2,x,279.0,-2.827433388230814,0.607736136365474
2,x,279.0,-2.6703537555513246,0.32219105822009003
2,x,279.0,-2.5132741228718345,0.4768098493316088
2,x,279.0,-2.356194490192345,0.6681958867215709
2,x,279.0,-2.199114857512855,0.2592654861645246
2,x,279.0,-2.0420352248333655,0.5632868216501171
2,x,279.0,-1.884955592153876,0.5354828387029686
2,x,279.0,-1.7278759594743864,0.5879619203384203
2,x,279.0,-1.5707963267948966,0.43516106035544233
2,x,279.0,-1.413716694115407,0.8007556829912336
2,x,279.0,-1.2566370614359172,0.6867911507972819
2,x,279.0,-1.0995574287564276,0.8431247270528309
2,x,279.0,-0.942477796076938,0.5728183363997796
2,x,279.0,-0.7853981633974483,1.1127021608538292
2,x,279.0,-0.6283185307179586,1.9925624415101741
2,x,279.0,-0.471238898038469,2.576379222350849
2,x,279.0,-0.3141592653589793,2.047668458495377
2,x,279.0,-0.15707963267948966,1.881519945948753
2,x,279.0,0.0,1.2166729510148782
2,x,279.0,0.15707963267948966,1.881519945948753
2,x,279.0,0.3141592653589793,2.047668458495377
2,x,279.0,0.471238898038469,2.576379222350849
2,x,279.0,0.6283185307179586,1.9925624415101741
2,x,279.0,0.7853981633974483,1.1127021608538292
2,x,279.0,0.942477796076938,0.5728183363997796
2,x,279.0,1.0995574287564276,0.8431247270528309
2,x,279.0,1.2566370614359172,0.6867911507972819
2,x,279.0,1.413716694115407,0.8007556829912336
2,x,279.0,1.5707963267948966,0.43516106035544233
2,x,279.0,1.7278759594743864,0.5879619203384203
2,x,279.0,1.884955592153876,0.5354828387029686
2,x,279.0,2.0420352248333655,0.5632868216501171
2,x,279.0,2.199114857512855,0.2592654861645246
2,x,279.0,2.356194490192345,0.6681958867215709
2,x,279.0,2.5132741228718345,0.4768098493316088
2,x,279.0,2.6703537555513246,0.32219105822009003
2,x,279.0,2.827433388230814,0.607736136365474
2,x,279.0,2.9845130209103035,0.4273066042336808
2,x,279.0,3.141592653589793,0.3204301602228123
2,x,299.0,-3.141592653589793,0.31297104515549373
2,x,299.0,-2.9845130209103035,0.27936029710205446
2,x,299.0,-2.827433388230814,0.3296208779157436
2,x,299.0,-2.6703537555513246,0.21382931951108466
2,x,299.0,-2.5132741228718345,0.15072914332085302
2,x,299.0,-2.356194490192345,0.12053850540130617
2,x,299.0,-2.199114857512855,0.18898272324837012
2,x,299.0,-2.0420352248333655,0.2807198958402942
2,x,299.0,-1.884955592153876,0.39018677314350025
2,x,299.0,-1.7278759594743864,0.4924795145930604
2,x,299.0,-1.5707963267948966,0.4507307504387414
2,x,299.0,-1.413716694115407,0.5889614917703937
2,x,299.0,-1.2566370614359172,0.31043356805263317
2,x,299.0,-1.0995574287564276,0.8233372780209354
2,x,299.0,-0.942477796076938,0.5574829382632093
2,x,299.0,-0.7853981633974483,1.0299284653048153
2,x,299.0,-0.6283185307179586,1.5177814966123186
2,x,299.0,-0.471238898038469,1.5947364716660795
2,x,299.0,-0.3141592653589793,1.888944027456315
2,x,299.0,-0.15707963267948966,1.481514039164751
2,x,299.0,0.0,0.4894706472621114
2,x,299.0,0.15707963267948966,1.481514039164751
2,x,299.0,0.3141592653589793,1.888944027456315
2,x,299.0,0.471238898038469,1.5947364716660795
2,x,299.0,0.6283185307179586,1.5177814966123186
2,x,299.0,0.7853981633974483,1.0299284653048153
2,x,299.0,0.942477796076938,0.5574829382632093
2,x,299.0,1.0995574287564276,0.8233372780209354
2,x,299.0,1.2566370614359172,0.31043356805263317
2,x,299.0,1.413716694115407,0.5889614917703937
2,x,299.0,1.5707963267948966,0.4507307504387414
2,x,299.0,1.7278759594743864,0.4924795145930604
2,x,299.0,1.884955592153876,0.39018677314350025
2,x,299.0,2.0420352248333655,0.2807198958402942
2,x,299.0,2.199114857512855,0.18898272324837012
2,x,299.0,2.356194490192345,0.12053850540130617
2,x,299.0,2.5132741228718345,0.15072914332085302
2,x,299.0,2.6703537555513246,0.21382931951108466
2,x,299.0,2.827433388230814,0.3296208779157436
2,x,299.0,2.9845130209103035,0.27936029710205446
2,x,299.0,3.141592653589793,0.31297104515549373
2,x,319.0,-3.141592653589793,0.22712330279967013
2,x,319.0,-2.9845130209103035,0.23044998432284042
2,x,319.0,-2.827433388230814,0.2604321610026075
2,x,319.0,-2.6703537555513246,0.15056525796355477
2,x,319.0,-2.5132741228718345,0.12455997007007902
2,x,319.0,-2.356194490192345,0.1265426856571124
2,x,319.0,-2.199114857512855,0.1303841756430167
2,x,319.0,-2.0420352248333655,0.17682516931272615
2,x,319.0,-1.884955592153876,0.39005887757915747
2,x,319.0,-1.7278759594743864,0.4412461386866008
2,x,319.0,-1.5707963267948966,0.3017645587575153
2,x,319.0,-1.413716694115407,0.3781231625500449
2,x,319.0,-1.2566370614359172,0.29801496441897124
2,x,319.0,-1.0995574287564276,0.366504590313509
2,x,319.0,-0.942477796076938,0.25230231820904875
2,x,319.0,-0.7853981633974483,0.7144171902999422
2,x,319.0,-0.6283185307179586,1.4472144118890802
2,x,319.0,-0.471238898038469,1.7169197493672517
2,x,319.0,-0.3141592653589793,1.9252975144550166
2,x,319.0,-0.15707963267948966,1.6236357983396366
2,x,319.0,0.0,0.7663961306846794
2,x,319.0,0.15707963267948966,1.6236357983396366
2,x,319.0,0.3141592653589793,1.9252975144550166
2,x,319.0,0.471238898038469,1.7169197493672517
2,x,319.0,0.6283185307179586,1.4472144118890802
2,x,319.0,0.7853981633974483,0.7144171902999422
2,x,319.0,0.942477796076938,0.25230231820904875
2,x,319.0,1.0995574287564276,0.366504590313509
2,x,319.0,1.2566370614359172,0.29801496441897124
2,x,319.0,1.413716694115407,0.3781231625500449
2,x,319.0,1.5707963267948966,0.3017645587575153
2,x,319.0,1.7278759594743864,0.4412461386866008
2,x,319.0,1.884955592153876,0.39005887757915747
2,x,319.0,2.0420352248333655,0.17682516931272615
2,x,319.0,2.199114857512855,0.1303841756430167
2,x,319.0,2.356194490192345,0.1265426856571124
2,x,319.0,2.5132741228718345,0.12455997007007902
2,x,319.0,2.6703537555513246,0.15056525796355477
2,x,319.0,2.827433388230814,0.2604321610026075
2,x,319.0,2.9845130209103035,0.23044998432284042
2,x,319.0,3.141592653589793,0.22712330279967013
3,x,159.0,-3.141592653589793,3.615932996156606
3,x,159.0,-2.9845130209103035,3.243418629835337
3,x,159.0,-2.827433388230814,2.5233321842746648
3,x,159.0,-2.6703537555513246,2.1076216422144785
3,x,159.0,-2.5132741228718345,1.5100290503399605
3,x,159.0,-2.356194490192345,2.1374763950901783
3,x,159.0,-2.199114857512855,1.5828721815810665
3,x,159.0,-2.0420352248333655,2.3966130101664684
3,x,159.0,-1.884955592153876,1.0989659623301746
3,x,159.0,-1.7278759594743864,1.4083157311602401
3,x,159.0,-1.5707963267948966,1.9445063769653974
3,x,159.0,-1.413716694115407,1.7423970885147126
3,x,159.0,-1.2566370614359172,1.7749006592246015
3,x,159.0,-1.0995574287564276,2.5981348829120314
3,x,159.0,-0.942477796076938,3.2256107489080983
3,x,159.0,-0.7853981633974483,3.1958375523396114
3,x,159.0,-0.6283185307179586,1.6705413482180655
3,x,159.0,-0.471238898038469,1.579723097401234
3,x,159.0,-0.3141592653589793,3.7296272298202835
3,x,159.0,-0.15707963267948966,2.70870950668365
3,x,159.0,0.0,1.13550265034371
3,x,159.0,0.15707963267948966,2.70870950668365
3,x,159.0,0.3141592653589793,3.7296272298202835
3,x,159.0,0.471238898038469,1.579723097401234
3,x,159.0,0.6283185307179586,1.6705413482180655
3,x,159.0,0.7853981633974483,3.1958375523396114
3,x,159.0,0.942477796076938,3.2256107489080983
3,x,159.0,1.0995574287564276,2.5981348829120314
3,x,159.0,1.2566370614359172,1.7749006592246015
3,x,159.0,1.413716694115407,1.7423970885147126
3,x,159.0,1.5707963267948966,1.9445063769653974
3,x,159.0,1.7278759594743864,1.4083157311602401
3,x,159.0,1.884955592153876,1.0989659623301746
3,x,159.0,2.0420352248333655,2.3966130101664684
3,x,159.0,2.199114857512855,1.5828721815810665
3,x,159.0,2.356194490192345,2.1374763950901783
3,x,159.0,2.5132741228718345,1.5100290503399605
3,x,159.0,2.6703537555513246,2.1076216422144785
3,x,159.0,2.827433388230814,2.5233321842746648
3,x,159.0,2.9845130209103035,3.243418629835337
3,x,159.0,3.141592653589793,3.615932996156606
3,x,179.0,-3.141592653589793,2.8854667520705024
3,x,179.0,-2.9845130209103035,2.5027110568604902
3,x,179.0,-2.827433388230814,1.6630781504227574
3,x,179.0,-2.6703537555513246,1.0497191361590426
3,x,179.0,-2.5132741228718345,1.0960443967498787
3,x,179.0,-2.356194490192345,1.6854938309222047
3,x,179.0,-2.199114857512855,1.6004170704838203
3,x,179.0,-2.0420352248333655,1.6980659601606394
3,x,179.0,-1.884955592153876,0.8968575335792617
3,x,179.0,-1.7278759594743864,1.3700359924748553
3,x,179.0,-1.5707963267948966,1.4803070474847353
3,x,179.0,-1.413716694115407,1.2915393820106666
3,x,179.0,-1.2566370614359172,1.4931760124684033
3,x,179.0,-1.0995574287564276,1.9290222853274468
3,x,179.0,-0.942477796076938,2.19667505728941
3,x,179.0,-0.7853981633974483,2.5074299271188925
3,x,179.0,-0.6283185307179586,1.4015375616324464
3,x,179.0,-0.471238898038469,1.7057201181902752
3,x,179.0,-0.3141592653589793,3.05446413048494
3,x,179.0,-0.15707963267948966,1.7887649705871789
3,x,179.0,0.0,0.5138277753107529
3,x,179.0,0.15707963267948966,1.7887649705871789
3,x,179.0,0.3141592653589793,3.05446413048494
3,x,179.0,0.471238898038469,1.7057201181902752
3,x,179.0,0.6283185307179586,1.4015375616324464
3,x,179.0,0.7853981633974483,2.5074299271188925
3,x,179.0,0.942477796076938,2.19667505728941
3,x,179.0,1.0995574287564276,1.9290222853274468
3,x,179.0,1.2566370614359172,1.4931760124684033
3,x,179.0,1.413716694115407,1.2915393820106666
3,x,179.0,1.5707963267948966,1.4803070474847353
3,x,179.0,1.7278759594743864,1.3700359924748553
3,x,179.0,1.884955592153876,0.8968575335792617
3,x,179.0,2.0420352248333655,1.6980659601606394
3,x,179.0,2.199114857512855,1.6004170704838203
3,x,179.0,2.356194490192345,1.6854938309222047
3,x,179.0,2.5132741228718345,1.0960443967498787
3,x,179.0,2.6703537555513246,1.0497191361590426
3,x,179.0,2.827433388230814,1.6630781504227574
3,x,179.0,2.9845130209103035,2.5027110568604902
3,x,179.0,3.141592653589793,2.8854667520705024
3,x,199.0,-3.141592653589793,2.9285797539065093
3,x,199.0,-2.9845130209103035,2.584854549419959
3,x,199.0,-2.827433388230814,1.671334895059997
3,x,199.0,-2.6703537555513246,1.014095931147523
3,x,199.0,-2.5132741228718345,0.9801358848003126
3,x,199.0,-2.356194490192345,1.0383358957123203
3,x,199.0,-2.199114857512855,1.5320163788054848
3,x,199.0,-2.0420352248333655,1.6773043779925803
3,x,199.0,-1.884955592153876,0.8918699152312514
3,x,199.0,-1.7278759594743864,1.3414359418988986
3,x,199.0,-1.5707963267948966,1.4881502505068158
3,x,199.0,-1.413716694115407,1.348853698874789
3,x,199.0,-1.2566370614359172,1.5560008146563118
3,x,199.0,-1.0995574287564276,1.333935283677285
3,x,199.0,-0.942477796076938,1.9286078502454966
3,x,199.0,-0.7853981633974483,2.515742862375847
3,x,199.0,-0.6283185307179586,1.5089908599554942
3,x,199.0,-0.471238898038469,1.7150691255895352
3,x,199.0,-0.3141592653589793,2.549714756274503
3,x,199.0,-0.15707963267948966,1.9583427230877466
3,x,199.0,0.0,0.6645920026950635
3,x,199.0,0.15707963267948966,1.9583427230877466
3,x,199.0,0.3141592653589793,2.549714756274503
3,x,199.0,0.471238898038469,1.7150691255895352
3,x,199.0,0.6283185307179586,1.5089908599554942
3,x,199.0,0.7853981633974483,2.515742862375847
3,x,199.0,0.942477796076938,1.9286078502454966
3,x,199.0,1.0995574287564276,1.333935283677285
3,x,199.0,1.2566370614359172,1.5560008146563118
3,x,199.0,1.413716694115407,1.348853698874789
3,x,199.0,1.5707963267948966,1.4881502505068158
3,x,199.0,1.7278759594743864,1.3414359418988986
3,x,199.0,1.884955592153876,0.8918699152312514
3,x,199.0,2.0420352248333655,1.6773043779925803
3,x,199.0,2.199114857512855,1.5320163788054848
3,x,199.0,2.356194490192345,1.0383358957123203
3,x,199.0,2.5132741228718345,0.9801358848003126
3,x,199.0,2.6703537555513246,1.014095931147523
3,x,199.0,2.827433388230814,1.671334895059997
3,x,199.0,2.9845130209103035,2.584854549419959
3,x,199.0,3.141592653589793,2.9285797539065093
3,x,219.0,-3.141592653589793,2.6863710394438307
3,x,219.0,-2.9845130209103035,2.200235431062198
3,x,219.0,-2.827433388230814,1.2374065014583546
3,x,219.0,-2.6703537555513246,0.7322143756531757
3,x,219.0,-2.5132741228718345,0.5216008481525011
3,x,219.0,-2.356194490192345,0.5389562564027793
3,x,219.0,-2.199114857512855,1.5151258067942732
3,x,219.0,-2.0420352248333655,1.4565295069742377
3,x,219.0,-1.884955592153876,0.8491385519686342
3,x,219.0,-1.7278759594743864,1.3624875958441705
3,x,219.0,-1.5707963267948966,1.4917722451588742
3,x,219.0,-1.413716694115407,1.3082889994813094
3,x,219.0,-1.2566370614359172,1.2411405855190067
3,x,219.0,-1.0995574287564276,1.4370703982102613
3,x,219.0,-0.942477796076938,1.8088447457491506
3,x,219.0,-0.7853981633974483,2.4407166702841443
3,x,219.0,-0.6283185307179586,1.3725778886254727
3,x,219.0,-0.471238898038469,1.2843595631280433
3,x,219.0,-0.3141592653589793,1.3630452925053602
3,x,219.0,-0.15707963267948966,2.1971878991850575
3,x,219.0,0.0,1.1738647899952344
3,x,219.0,0.15707963267948966,2.1971878991850575
3,x,219.0,0.3141592653589793,1.3630452925053602
3,x,219.0,0.471238898038469,1.2843595631280433
3,x,219.0,0.6283185307179586,1.3725778886254727
3,x,219.0,0.7853981633974483,2.4407166702841443
3,x,219.0,0.942477796076938,1.8088447457491506
3,x,219.0,1.0995574287564276,1.4370703982102613
3,x,219.0,1.2566370614359172,1.2411405855190067
3,x,219.0,1.413716694115407,1.3082889994813094
3,x,219.0,1.5707963267948966,1.4917722451588742
3,x,219.0,1.7278759594743864,1.3624875958441705
3,x,219.0,1.884955592153876,0.8491385519686342
3,x,219.0,2.0420352248333655,1.4565295069742377
3,x,219.0,2.199114857512855,1.5151258067942732
3,x,219.0,2.356194490192345,0.5389562564027793
3,x,219.0,2.5132741228718345,0.5216008481525011
3,x,219.0,2.6703537555513246,0.7322143756531757
3,x,219.0,2.827433388230814,1.2374065014583546
3,x,219.0,2.9845130209103035,2.200235431062198
3,x,219.0,3.141592653589793,2.6863710394438307
3,x,239.0,-3.141592653589793,2.5929211724886163
3,x,239.0,-2.9845130209103035,2.197279252581637
3,x,239.0,-2.827433388230814,1.0803300767561503
3,x,239.0,-2.6703537555513246,0.4969922153855892
3,x,239.0,-2.5132741228718345,0.4646985850029514
3,x,239.0,-2.356194490192345,0.40860501608959837
3,x,239.0,-2.199114857512855,1.5294983247656668
3,x,239.0,-2.0420352248333655,1.4774404944881845
3,x,239.0,-1.884955592153876,0.651310423397662
3,x,239.0,-1.7278759594743864,0.5896361485451402
3,x,239.0,-1.5707963267948966,0.6198639788265634
3,x,239.0,-1.413716694115407,0.7973754064484162
3,x,239.0,-1.2566370614359172,0.7034696568169567
3,x,239.0,-1.0995574287564276,1.0395937861453461
3,x,239.0,-0.942477796076938,1.3781632882961998
3,x,239.0,-0.7853981633974483,1.9564596770553333
3,x,239.0,-0.6283185307179586,1.5889643365302184
3,x,239.0,-0.471238898038469,1.5379169874080172
3,x,239.0,-0.3141592653589793,0.7103912680677291
3,x,239.0,-0.15707963267948966,2.481789688986263
3,x,239.0,0.0,2.119096724156573
3,x,239.0,0.15707963267948966,2.481789688986263
3,x,239.0,0.3141592653589793,0.7103912680677291
3,x,239.0,0.471238898038469,1.5379169874080172
3,x,239.0,0.6283185307179586,1.5889643365302184
3,x,239.0,0.7853981633974483,1.9564596770553333
3,x,239.0,0.942477796076938,1.3781632882961998
3,x,239.0,1.0995574287564276,1.0395937861453461
3,x,239.0,1.2566370614359172,0.7034696568169567
3,x,239.0,1.413716694115407,0.7973754064484162
3,x,239.0,1.5707963267948966,0.6198639788265634
3,x,239.0,1.7278759594743864,0.5896361485451402
3,x,239.0,1.884955592153876,0.651310423397662
3,x,239.0,2.0420352248333655,1.4774404944881845
3,x,239.0,2.199114857512855,1.5294983247656668
3,x,239.0,2.356194490192345,0.40860501608959837
3,x,239.0,2.5132741228718345,0.4646985850029514
3,x,239.0,2.6703537555513246,0.4969922153855892
3,x,239.0,2.827433388230814,1.0803300767561503
3,x,239.0,2.9845130209103035,2.197279252581637
3,x,239.0,3.141592653589793,2.5929211724886163
3,x,259.0,-3.141592653589793,1.0099210591335874
3,x,259.0,-2.9845130209103035,0.8865610547200973
3,x,259.0,-2.827433388230814,0.4443715864972983
3,x,259.0,-2.6703537555513246,0.24704083358878828
3,x,259.0,-2.5132741228718345,0.35921654789379875
3,x,259.0,-2.356194490192345,0.24365208719227888
3,x,259.0,-2.199114857512855,0.7165847891052476
3,x,259.0,-2.0420352248333655,0.3810403913906814
3,x,259.0,-1.884955592153876,0.2850376644224525
3,x,259.0,-1.7278759594743864,0.44412558537038677
3,x,259.0,-1.5707963267948966,0.4981828213586919
3,x,259.0,-1.413716694115407,0.6596482961773313
3,x,259.0,-1.2566370614359172,0.5250831154134078
3,x,259.0,-1.0995574287564276,0.7909169001419204
3,x,259.0,-0.942477796076938,0.9169681852618856
3,x,259.0,-0.7853981633974483,1.9898661764184706
3,x,259.0,-0.6283185307179586,1.4363866769429205
3,x,259.0,-0.471238898038469,1.3858815200868766
3,x,259.0,-0.3141592653589793,1.4414657440773642
3,x,259.0,-0.15707963267948966,4.686703868115054
3,x,259.0,0.0,2.725937724914663
3,x,259.0,0.15707963267948966,4.686703868115054
3,x,259.0,0.3141592653589793,1.4414657440773642
3,x,259.0,0.471238898038469,1.3858815200868766
3,x,259.0,0.6283185307179586,1.4363866769429205
3,x,259.0,0.7853981633974483,1.9898661764184706
3,x,259.0,0.942477796076938,0.9169681852618856
3,x,259.0,1.0995574287564276,0.7909169001419204
3,x,259.0,1.2566370614359172,0.5250831154134078
3,x,259.0,1.413716694115407,0.6596482961773313
3,x,259.0,1.5707963267948966,0.4981828213586919
3,x,259.0,1.7278759594743864,0.44412558537038677
3,x,259.0,1.884955592153876,0.2850376644224525
3,x,259.0,2.0420352248333655,0.3810403913906814
3,x,259.0,2.199114857512855,0.7165847891052476
3,x,259.0,2.356194490192345,0.24365208719227888
3,x,259.0,2.5132741228718345,0.35921654789379875
3,x,259.0,2.6703537555513246,0.24704083358878828
3,x,259.0,2.827433388230814,0.4443715864972983
3,x,259.0,2.9845130209103035,0.8865610547200973
3,x,259.0,3.141592653589793,1.0099210591335874
3,x,279.0,-3.141592653589793,0.42130925799441127
3,x,279.0,-2.9845130209103035,0.5994117660678888
3,x,279.0,-2.827433388230814,0.3993619294631639
3,x,279.0,-2.6703537555513246,0.13813740068504932
3,x,279.0,-2.5132741228718345,0.22268076363332343
3,x,279.0,-2.356194490192345,0.23397522299545925
3,x,279.0,-2.199114857512855,0.35756927579705533
3,x,279.0,-2.0420352248333655,0.24747491252257459
3,x,279.0,-1.884955592153876,0.2339923424893608
3,x,279.0,-1.7278759594743864,0.33335758176501457
3,x,279.0,-1.5707963267948966,0.4574842416708439
3,x,279.0,-1.413716694115407,0.5001713326795029
3,x,279.0,-1.2566370614359172,0.3287186789492073
3,x,279.0,-1.0995574287564276,0.6852223835088578
3,x,279.0,-0.942477796076938,0.9352739823389635
3,x,279.0,-0.7853981633974483,1.5847121477629413
3,x,279.0,-0.6283185307179586,1.3531918063867625
3,x,279.0,-0.471238898038469,1.4007783955785469
3,x,279.0,-0.3141592653589793,1.4325475931781955
3,x,279.0,-0.15707963267948966,4.455821189161872
3,x,279.0,0.0,2.6815211855108108
3,x,279.0,0.15707963267948966,4.455821189161872
3,x,279.0,0.3141592653589793,1.4325475931781955
3,x,279.0,0.471238898038469,1.4007783955785469
3,x,279.0,0.6283185307179586,1.3531918063867625
3,x,279.0,0.7853981633974483,1.5847121477629413
3,x,279.0,0.942477796076938,0.9352739823389635
3,x,279.0,1.0995574287564276,0.6852223835088578
3,x,279.0,1.2566370614359172,0.3287186789492073
3,x,279.0,1.413716694115407,0.5001713326795029
3,x,279.0,1.5707963267948966,0.4574842416708439
3,x,279.0,1.7278759594743864,0.33335758176501457
3,x,279.0,1.884955592153876,0.2339923424893608
3,x,279.0,2.0420352248333655,0.24747491252257459
3,x,279.0,2.199114857512855,0.35756927579705533
3,x,279.0,2.356194490192345,0.23397522299545925
3,x,279.0,2.5132741228718345,0.22268076363332343
3,x,279.0,2.6703537555513246,0.13813740068504932
3,x,279.0,2.827433388230814,0.3993619294631639
3,x,279.0,2.9845130209103035,0.5994117660678888
3,x,279.0,3.141592653589793,0.42130925799441127
3,x,299.0,-3.141592653589793,0.3124930725585103
3,x,299.0,-2.9845130209103035,0.4252325549153492
3,x,299.0,-2.827433388230814,0.38868869359748653
3,x,299.0,-2.6703537555513246,0.11512007073116956
3,x,299.0,-2.5132741228718345,0.1675122403017246
3,x,299.0,-2.356194490192345,0.23301529605815569
3,x,299.0,-2.199114857512855,0.2714317199825915
3,x,299.0,-2.0420352248333655,0.2375229496370955
3,x,299.0,-1.884955592153876,0.12293611984452446
3,x,299.0,-1.7278759594743864,0.14943851177765463
3,x,299.0,-1.5707963267948966,0.3841029463023742
3,x,299.0,-1.413716694115407,0.4826161294482299
3,x,299.0,-1.2566370614359172,0.2620496985669769
3,x,299.0,-1.0995574287564276,0.3700366306131534
3,x,299.0,-0.942477796076938,0.4112593849910474
3,x,299.0,-0.7853981633974483,0.8151135006958559
3,x,299.0,-0.6283185307179586,0.7419436554492596
3,x,299.0,-0.471238898038469,1.1616739739767203
3,x,299.0,-0.3141592653589793,1.4002816271712017
3,x,299.0,-0.15707963267948966,4.366683468435238
3,x,299.0,0.0,2.637922897697035
3,x,299.0,0.15707963267948966,4.366683468435238
3,x,299.0,0.3141592653589793,1.4002816271712017
3,x,299.0,0.471238898038469,1.1616739739767203
3,x,299.0,0.6283185307179586,0.7419436554492596
3,x,299.0,0.7853981633974483,0.8151135006958559
3,x,299.0,0.942477796076938,0.4112593849910474
3,x,299.0,1.0995574287564276,0.3700366306131534
3,x,299.0,1.2566370614359172,0.2620496985669769
3,x,299.0,1.413716694115407,0.4826161294482299
3,x,299.0,1.5707963267948966,0.3841029463023742
3,x,299.0,1.7278759594743864,0.14943851177765463
3,x,299.0,1.884955592153876,0.12293611984452446
3,x,299.0,2.0420352248333655,0.2375229496370955
3,x,299.0,2.199114857512855,0.2714317199825915
3,x,299.0,2.356194490192345,0.23301529605815569
3,x,299.0,2.5132741228718345,0.1675122403017246
3,x,299.0,2.6703537555513246,0.11512007073116956
3,x,299.0,2.827433388230814,0.38868869359748653
3,x,299.0,2.9845130209103035,0.4252325549153492
3,x,299.0,3.141592653589793,0.3124930725585103
3,x,319.0,-3.141592653589793,0.3088879983221032
3,x,319.0,-2.9845130209103035,0.38385628570946045
3,x,319.0,-2.827433388230814,0.37840116656164896
3,x,319.0,-2.6703537555513246,0.10232981345017392
3,x,319.0,-2.5132741228718345,0.15534830446543874
3,x,319.0,-2.356194490192345,0.1631677183684584
3,x,319.0,-2.199114857512855,0.257154788350321
3,x,319.0,-2.0420352248333655,0.24580073614557116
3,x,319.0,-1.884955592153876,0.1292302765925997
3,x,319.0,-1.7278759594743864,0.1042551938501107
3,x,319.0,-1.5707963267948966,0.152845493462757
3,x,319.0,-1.413716694115407,0.2692262095264617
3,x,319.0,-1.2566370614359172,0.25458801534374753
3,x,319.0,-1.0995574287564276,0.2929201177050227
3,x,319.0,-0.942477796076938,0.3036137529308389
3,x,319.0,-0.7853981633974483,0.6625987014672113
3,x,319.0,-0.6283185307179586,0.5640630156226275
3,x,319.0,-0.471238898038469,0.9444462917062404
3,x,319.0,-0.3141592653589793,1.3151909738187506
3,x,319.0,-0.15707963267948966,4.091152462573051
3,x,319.0,0.0,2.5006177637192075
3,x,319.0,0.15707963267948966,4.091152462573051
3,x,319.0,0.3141592653589793,1.3151909738187506
3,x,319.0,0.471238898038469,0.9444462917062404
3,x,319.0,0.6283185307179586,0.5640630156226275
3,x,319.0,0.7853981633974483,0.6625987014672113
3,x,319.0,0.942477796076938,0.3036137529308389
3,x,319.0,1.0995574287564276,0.2929201177050227
3,x,319.0,1.2566370614359172,0.25458801534374753
3,x,319.0,1.413716694115407,0.2692262095264617
3,x,319.0,1.5707963267948966,0.152845493462757
3,x,319.0,1.7278759594743864,0.1042551938501107
3,x,319.0,1.884955592153876,0.1292302765925997
3,x,319.0,2.0420352248333655,0.24580073614557116
3,x,319.0,2.199114857512855,0.257154788350321
3,x,319.0,2.356194490192345,0.1631677183684584
3,x,319.0,2.5132741228718345,0.15534830446543874
3,x,319.0,2.6703537555513246,0.10232981345017392
3,x,319.0,2.827433388230814,0.37840116656164896
3,x,319.0,2.9845130209103035,0.38385628570946045
3,x,319.0,3.141592653589793,0.3088879983221032
4,x,159.0,-3.141592653589793,1.7399685909616154
4,x,159.0,-2.9845130209103035,2.7478973669823596
4,x,159.0,-2.827433388230814,2.0524655241367666
4,x,159.0,-2.6703537555513246,1.6240660469051813
4,x,159.0,-2.5132741228718345,1.4716865337160205
4,x,159.0,-2.356194490192345,1.6856411659644472
4,x,159.0,-2.199114857512855,1.8101127716459229
4,x,159.0,-2.0420352248333655,2.0114669494680455
4,x,159.0,-1.884955592153876,2.204802006301365
4,x,159.0,-1.7278759594743864,2.017569021738882
4,x,159.0,-1.5707963267948966,1.6429495488176842
4,x,159.0,-1.413716694115407,1.9781382712614703
4,x,159.0,-1.2566370614359172,4.076723782802967
4,x,159.0,-1.0995574287564276,3.7694484191699402
4,x,159.0,-0.942477796076938,4.9669244408590085
4,x,159.0,-0.7853981633974483,6.3039916475201085
4,x,159.0,-0.6283185307179586,3.5161182108246156
4,x,159.0,-0.471238898038469,3.6215234175047755
4,x,159.0,-0.3141592653589793,4.02606956408553
4,x,159.0,-0.15707963267948966,6.075202192194142
4,x,159.0,0.0,1.0792783251397895
4,x,159.0,0.15707963267948966,6.075202192194142
4,x,159.0,0.3141592653589793,4.02606956408553
4,x,159.0,0.471238898038469,3.6215234175047755
4,x,159.0,0.6283185307179586,3.5161182108246156
4,x,159.0,0.7853981633974483,6.3039916475201085
4,x,159.0,0.942477796076938,4.9669244408590085
4,x,159.0,1.0995574287564276,3.7694484191699402
4,x,159.0,1.2566370614359172,4.076723782802967
4,x,159.0,1.413716694115407,1.9781382712614703
4,x,159.0,1.5707963267948966,1.6429495488176842
4,x,159.0,1.7278759594743864,2.017569021738882
4,x,159.0,1.884955592153876,2.204802006301365
4,x,159.0,2.0420352248333655,2.0114669494680455
4,x,159.0,2.199114857512855,1.8101127716459229
4,x,159.0,2.356194490192345,1.6856411659644472
4,x,159.0,2.5132741228718345,1.4716865337160205
4,x,159.0,2.6703537555513246,1.6240660469051813
4,x,159.0,2.827433388230814,2.0524655241367666
4,x,159.0,2.9845130209103035,2.7478973669823596
4,x,159.0,3.141592653589793,1.7399685909616154
4,x,179.0,-3.141592653589793,1.728266029804469
4,x,179.0,-2.9845130209103035,1.3909781603045743
4,x,179.0,-2.827433388230814,1.6015681595147433
4,x,179.0,-2.6703537555513246,1.6572546794799123
4,x,179.0,-2.5132741228718345,1.106804856623258
4,x,179.0,-2.356194490192345,1.0308657039377265
4,x,179.0,-2.199114857512855,1.585626771257444
4,x,179.0,-2.0420352248333655,1.9260988361629607
4,x,179.0,-1.884955592153876,1.9274543675154747
4,x,179.0,-1.7278759594743864,1.9546935874375186
4,x,179.0,-1.5707963267948966,1.7760300992812748
4,x,179.0,-1.413716694115407,1.6363763560445028
4,x,179.0,-1.2566370614359172,2.027227829480033
4,x,179.0,-1.0995574287564276,2.976703865709779
4,x,179.0,-0.942477796076938,4.9515654859103835
4,x,179.0,-0.7853981633974483,6.081987271286316
4,x,179.0,-0.6283185307179586,4.003811508262087
4,x,179.0,-0.471238898038469,3.8328240299363783
4,x,179.0,-0.3141592653589793,3.9120299082485426
4,x,179.0,-0.15707963267948966,5.319254912429751
4,x,179.0,0.0,0.9365900071406743
4,x,179.0,0.15707963267948966,5.319254912429751
4,x,179.0,0.3141592653589793,3.9120299082485426
4,x,179.0,0.471238898038469,3.8328240299363783
4,x,179.0,0.6283185307179586,4.003811508262087
4,x,179.0,0.7853981633974483,6.081987271286316
4,x,179.0,0.942477796076938,4.9515654859103835
4,x,179.0,1.0995574287564276,2.976703865709779
4,x,179.0,1.2566370614359172,2.027227829480033
4,x,179.0,1.413716694115407,1.6363763560445028
4,x,179.0,1.5707963267948966,1.7760300992812748
4,x,179.0,1.7278759594743864,1.9546935874375186
4,x,179.0,1.884955592153876,1.9274543675154747
4,x,179.0,2.0420352248333655,1.9260988361629607
4,x,179.0,2.199114857512855,1.585626771257444
4,x,179.0,2.356194490192345,1.0308657039377265
4,x,179.0,2.5132741228718345,1.106804856623258
4,x,179.0,2.6703537555513246,1.6572546794799123
4,x,179.0,2.827433388230814,1.6015681595147433
4,x,179.0,2.9845130209103035,1.3909781603045743
4,x,179.0,3.141592653589793,1.728266029804469
4,x,199.0,-3.141592653589793,1.0896530027396478
4,x,199.0,-2.9845130209103035,0.9349341959763487
4,x,199.0,-2.827433388230814,1.6012764819955478
4,x,199.0,-2.6703537555513246,1.194161874665649
4,x,199.0,-2.5132741228718345,0.8663683468343367
4,x,199.0,-2.356194490192345,0.7914048132953715
4,x,199.0,-2.199114857512855,1.0843107726269505
4,x,199.0,-2.0420352248333655,1.2194662704055048
4,x,199.0,-1.884955592153876,1.4369185979195176
4,x,199.0,-1.7278759594743864,1.5157798409816308
4,x,199.0,-1.5707963267948966,1.5780726452601568
4,x,199.0,-1.413716694115407,1.213921582888176
4,x,199.0,-1.2566370614359172,1.2089777881877437
4,x,199.0,-1.0995574287564276,2.6899999987880068
4,x,199.0,-0.942477796076938,4.866611920514321
4,x,199.0,-0.7853981633974483,5.84615604578987
4,x,199.0,-0.6283185307179586,3.084191036454822
4,x,199.0,-0.471238898038469,2.620145664520607
4,x,199.0,-0.3141592653589793,3.711992106672965
4,x,199.0,-0.15707963267948966,5.3260362101246335
4,x,199.0,0.0,1.1250806919515566
4,x,199.0,0.15707963267948966,5.3260362101246335
4,x,199.0,0.3141592653589793,3.711992106672965
4,x,199.0,0.471238898038469,2.620145664520607
4,x,199.0,0.6283185307179586,3.084191036454822
4,x,199.0,0.7853981633974483,5.84615604578987
4,x,199.0,0.942477796076938,4.866611920514321
4,x,199.0,1.0995574287564276,2.6899999987880068
4,x,199.0,1.2566370614359172,1.2089777881877437
4,x,199.0,1.413716694115407,1.213921582888176
4,x,199.0,1.5707963267948966,1.5780726452601568
4,x,199.0,1.7278759594743864,1.5157798409816308
4,x,199.0,1.884955592153876,1.4369185979195176
4,x,199.0,2.0420352248333655,1.2194662704055048
4,x,199.0,2.199114857512855,1.0843107726269505
4,x,199.0,2.356194490192345,0.7914048132953715
4,x,199.0,2.5132741228718345,0.8663683468343367
4,x,199.0,2.6703537555513246,1.194161874665649
4,x,199.0,2.827433388230814,1.6012764819955478
4,x,199.0,2.9845130209103035,0.9349341959763487
4,x,199.0,3.141592653589793,1.0896530027396478
4,x,219.0,-3.141592653589793,0.8065186838162776
4,x,219.0,-2.9845130209103035,0.4977696404138762
4,x,219.0,-2.827433388230814,0.9585219725881332
4,x,219.0,-2.6703537555513246,0.918461112305554
4,x,219.0,-2.5132741228718345,0.6471729693450834
4,x,219.0,-2.356194490192345,0.70250224965374
4,x,219.0,-2.199114857512855,1.0384586342298983
4,x,219.0,-2.0420352248333655,0.8954415663283594
4,x,219.0,-1.884955592153876,0.9811038253270912
4,x,219.0,-1.7278759594743864,1.5515318345141418
4,x,219.0,-1.5707963267948966,1.1929170289840731
4,x,219.0,-1.413716694115407,0.8633245803007519
4,x,219.0,-1.2566370614359172,0.7186622651786576
4,x,219.0,-1.0995574287564276,1.3367686097958864
4,x,219.0,-0.942477796076938,2.876337558826773
4,x,219.0,-0.7853981633974483,3.77939469555432
4,x,219.0,-0.6283185307179586,2.2169175096833067
4,x,219.0,-0.471238898038469,2.849154024462371
4,x,219.0,-0.3141592653589793,3.4341130561700113
4,x,219.0,-0.15707963267948966,4.86704292849444
4,x,219.0,0.0,1.100872378071562
4,x,219.0,0.15707963267948966,4.86704292849444
4,x,219.0,0.3141592653589793,3.4341130561700113
4,x,219.0,0.471238898038469,2.849154024462371
4,x,219.0,0.6283185307179586,2.2169175096833067
4,x,219.0,0.7853981633974483,3.77939469555432
4,x,219.0,0.942477796076938,2.876337558826773
4,x,219.0,1.0995574287564276,1.3367686097958864
4,x,219.0,1.2566370614359172,0.7186622651786576
4,x,219.0,1.413716694115407,0.8633245803007519
4,x,219.0,1.5707963267948966,1.1929170289840731
4,x,219.0,1.7278759594743864,1.5515318345141418
4,x,219.0,1.884955592153876,0.9811038253270912
4,x,219.0,2.0420352248333655,0.8954415663283594
4,x,219.0,2.199114857512855,1.0384586342298983
4,x,219.0,2.356194490192345,0.70250224965374
4,x,219.0,2.5132741228718345,0.6471729693450834
4,x,219.0,2.6703537555513246,0.918461112305554
4,x,219.0,2.827433388230814,0.9585219725881332
4,x,219.0,2.9845130209103035,0.4977696404138762
4,x,219.0,3.141592653589793,0.8065186838162776
4,x,239.0,-3.141592653589793,0.6595862017006213
4,x,239.0,-2.9845130209103035,0.3554405562118568
4,x,239.0,-2.827433388230814,0.7069107652698137
4,x,239.0,-2.6703537555513246,0.7656504146534351
4,x,239.0,-2.5132741228718345,0.6100884668491252
4,x,239.0,-2.356194490192345,0.47148239804583775
4,x,239.0,-2.199114857512855,0.5446679988977596
4,x,239.0,-2.0420352248333655,0.47705964411314855
4,x,239.0,-1.884955592153876,0.7293494000984924
4,x,239.0,-1.7278759594743864,0.932555706671839
4,x,239.0,-1.5707963267948966,1.1593501962113624
4,x,239.0,-1.413716694115407,0.9048578393785289
4,x,239.0,-1.2566370614359172,0.458521598754987
4,x,239.0,-1.0995574287564276,0.7509231380030572
4,x,239.0,-0.942477796076938,2.1949326681864245
4,x,239.0,-0.7853981633974483,3.656552059831363
4,x,239.0,-0.6283185307179586,1.9431508157332573
4,x,239.0,-0.471238898038469,2.0469166620700827
4,x,239.0,-0.3141592653589793,3.031891866414546
4,x,239.0,-0.15707963267948966,3.9537782055324975
4,x,239.0,0.0,0.9180699193971027
4,x,239.0,0.15707963267948966,3.9537782055324975
4,x,239.0,0.3141592653589793,3.031891866414546
4,x,239.0,0.471238898038469,2.0469166620700827
4,x,239.0,0.6283185307179586,1.9431508157332573
4,x,239.0,0.7853981633974483,3.656552059831363
4,x,239.0,0.942477796076938,2.1949326681864245
4,x,239.0,1.0995574287564276,0.7509231380030572
4,x,239.0,1.2566370614359172,0.458521598754987
4,x,239.0,1.413716694115407,0.9048578393785289
4,x,239.0,1.5707963267948966,1.1593501962113624
4,x,239.0,1.7278759594743864,0.932555706671839
4,x,239.0,1.884955592153876,0.7293494000984924
4,x,239.0,2.0420352248333655,0.47705964411314855
4,x,239.0,2.199114857512855,0.5446679988977596
4,x,239.0,2.356194490192345,0.47148239804583775
4,x,239.0,2.5132741228718345,0.6100884668491252
4,x,239.0,2.6703537555513246,0.7656504146534351
4,x,239.0,2.827433388230814,0.7069107652698137
4,x,239.0,2.9845130209103035,0.3554405562118568
4,x,239.0,3.141592653589793,0.6595862017006213
4,x,259.0,-3.141592653589793,0.6429222048843618
4,x,259.0,-2.9845130209103035,0.31632386389074535
4,x,259.0,-2.827433388230814,0.5840877156168217
4,x,259.0,-2.6703537555513246,0.6606694780815126
4,x,259.0,-2.5132741228718345,0.5159730252532194
4,x,259.0,-2.356194490192345,0.484601253090204
4,x,259.0,-2.199114857512855,0.4964165782617837
4,x,259.0,-2.0420352248333655,0.43987822394841797
4,x,259.0,-1.884955592153876,0.45457244030303545
4,x,259.0,-1.7278759594743864,0.6973884153892548
4,x,259.0,-1.5707963267948966,0.581571744590815
4,x,259.0,-1.413716694115407,0.5713748506248363
4,x,259.0,-1.2566370614359172,0.467377654035747
4,x,259.0,-1.0995574287564276,0.23099117742884104
4,x,259.0,-0.942477796076938,1.6914129180085182
4,x,259.0,-0.7853981633974483,3.408707808711596
4,x,259.0,-0.6283185307179586,1.9375173961809435
4,x,259.0,-0.471238898038469,2.174589647081644
4,x,259.0,-0.3141592653589793,2.3702385068363263
4,x,259.0,-0.15707963267948966,2.1408957146510312
4,x,259.0,0.0,0.839139048772873
4,x,259.0,0.15707963267948966,2.1408957146510312
4,x,259.0,0.3141592653589793,2.3702385068363263
4,x,259.0,0.471238898038469,2.174589647081644
4,x,259.0,0.6283185307179586,1.9375173961809435
4,x,259.0,0.7853981633974483,3.408707808711596
4,x,259.0,0.942477796076938,1.6914129180085182
4,x,259.0,1.0995574287564276,0.23099117742884104
4,x,259.0,1.2566370614359172,0.467377654035747
4,x,259.0,1.413716694115407,0.5713748506248363
4,x,259.0,1.5707963267948966,0.581571744590815
4,x,259.0,1.7278759594743864,0.6973884153892548
4,x,259.0,1.884955592153876,0.45457244030303545
4,x,259.0,2.0420352248333655,0.43987822394841797
4,x,259.0,2.199114857512855,0.4964165782617837
4,x,259.0,2.356194490192345,0.484601253090204
4,x,259.0,2.5132741228718345,0.5159730252532194
4,x,259.0,2.6703537555513246,0.6606694780815126
4,x,259.0,2.827433388230814,0.5840877156168217
4,x,259.0,2.9845130209103035,0.31632386389074535
4,x,259.0,3.141592653589793,0.6429222048843618
4,x,279.0,-3.141592653589793,0.5591358146093419
4,x,279.0,-2.9845130209103035,0.3167378899881871
4,x,279.0,-2.827433388230814,0.2513350923568641
4,x,279.0,-2.6703537555513246,0.2763492085661015
4,x,279.0,-2.5132741228718345,0.29850118038800366
4,x,279.0,-2.356194490192345,0.3639720172307288
4,x,279.0,-2.199114857512855,0.30792343101077746
4,x,279.0,-2.0420352248333655,0.26323627258344795
4,x,279.0,-1.884955592153876,0.3318463295573741
4,x,279.0,-1.7278759594743864,0.46853178456685984
4,x,279.0,-1.5707963267948966,0.5901023254262555
4,x,279.0,-1.413716694115407,0.5914387409544993
4,x,279.0,-1.2566370614359172,0.5399533169386345
4,x,279.0,-1.0995574287564276,0.3546819425582382
4,x,279.0,-0.942477796076938,0.9145091822496154
4,x,279.0,-0.7853981633974483,1.3345253513038593
4,x,279.0,-0.6283185307179586,1.31201630423744
4,x,279.0,-0.471238898038469,1.6936023061595902
4,x,279.0,-0.3141592653589793,2.5561234369643704
4,x,279.0,-0.15707963267948966,1.9652414791399002
4,x,279.0,0.0,0.96244516113973
4,x,279.0,0.15707963267948966,1.9652414791399002
4,x,279.0,0.3141592653589793,2.5561234369643704
4,x,279.0,0.471238898038469,1.6936023061595902
4,x,279.0,0.6283185307179586,1.31201630423744
4,x,279.0,0.7853981633974483,1.3345253513038593
4,x,279.0,0.942477796076938,0.9145091822496154
4,x,279.0,1.0995574287564276,0.3546819425582382
4,x,279.0,1.2566370614359172,0.5399533169386345
4,x,279.0,1.413716694115407,0.5914387409544993
4,x,279.0,1.5707963267948966,0.5901023254262555
4,x,279.0,1.7278759594743864,0.46853178456685984
4,x,279.0,1.884955592153876,0.3318463295573741
4,x,279.0,2.0420352248333655,0.26323627258344795
4,x,279.0,2.199114857512855,0.30792343101077746
4,x,279.0,2.356194490192345,0.3639720172307288
4,x,279.0,2.5132741228718345,0.29850118038800366
4,x,279.0,2.6703537555513246,0.2763492085661015
4,x,279.0,2.827433388230814,0.2513350923568641
4,x,279.0,2.9845130209103035,0.3167378899881871
4,x,279.0,3.141592653589793,0.5591358146093419
4,x,299.0,-3.141592653589793,0.4796958604568732
4,x,299.0,-2.9845130209103035,0.2857283574276293
4,x,299.0,-2.827433388230814,0.13152494492973263
4,x,299.0,-2.6703537555513246,0.23202943187075822
4,x,299.0,-2.5132741228718345,0.2901544829085794
4,x,299.0,-2.356194490192345,0.36991321030669916
4,x,299.0,-2.199114857512855,0.29964838598428933
4,x,299.0,-2.0420352248333655,0.2377116828793411
4,x,299.0,-1.884955592153876,0.2890937968860822
4,x,299.0,-1.7278759594743864,0.25930256663456214
4,x,299.0,-1.5707963267948966,0.4875111427136665
4,x,299.0,-1.413716694115407,0.4306317007321493
4,x,299.0,-1.2566370614359172,0.3473909393759468
4,x,299.0,-1.0995574287564276,0.36552691251933905
4,x,299.0,-0.942477796076938,0.4640261623821084
4,x,299.0,-0.7853981633974483,1.0060690619236639
4,x,299.0,-0.6283185307179586,1.1611135592996156
4,x,299.0,-0.471238898038469,1.495392936744851
4,x,299.0,-0.3141592653589793,2.9088693926514577
4,x,299.0,-0.15707963267948966,1.9883542522700495
4,x,299.0,0.0,0.6801935600011325
4,x,299.0,0.15707963267948966,1.9883542522700495
4,x,299.0,0.3141592653589793,2.9088693926514577
4,x,299.0,0.471238898038469,1.495392936744851
4,x,299.0,0.6283185307179586,1.1611135592996156
4,x,299.0,0.7853981633974483,1.0060690619236639
4,x,299.0,0.942477796076938,0.4640261623821084
4,x,299.0,1.0995574287564276,0.36552691251933905
4,x,299.0,1.2566370614359172,0.3473909393759468
4,x,299.0,1.413716694115407,0.4306317007321493
4,x,299.0,1.5707963267948966,0.4875111427136665
4,x,299.0,1.7278759594743864,0.25930256663456214
4,x,299.0,1.884955592153876,0.2890937968860822
4,x,299.0,2.0420352248333655,0.2377116828793411
4,x,299.0,2.199114857512855,0.29964838598428933
4,x,299.0,2.356194490192345,0.36991321030669916
4,x,299.0,2.5132741228718345,0.2901544829085794
4,x,299.0,2.6703537555513246,0.23202943187075822
4,x,299.0,2.827433388230814,0.13152494492973263
4,x,299.0,2.9845130209103035,0.2857283574276293
4,x,299.0,3.141592653589793,0.4796958604568732
4,x,319.0,-3.141592653589793,0.16162295434360016
4,x,319.0,-2.9845130209103035,0.11299800418394455
4,x,319.0,-2.827433388230814,0.11065457800594666
4,x,319.0,-2.6703537555513246,0.1253805196204618
4,x,319.0,-2.5132741228718345,0.18592065919527245
4,x,319.0,-2.356194490192345,0.31856864799467993
4,x,319.0,-2.199114857512855,0.30068150567157564
4,x,319.0,-2.0420352248333655,0.19624498552079017
4,x,319.0,-1.884955592153876,0.24252146336428398
4,x,319.0,-1.7278759594743864,0.24647935025267875
4,x,319.0,-1.5707963267948966,0.3049366944153493
4,x,319.0,-1.413716694115407,0.2753173947748496
4,x,319.0,-1.2566370614359172,0.33888984802686556
4,x,319.0,-1.0995574287564276,0.3737728271837653
4,x,319.0,-0.942477796076938,0.14765334510282227
4,x,319.0,-0.7853981633974483,0.18572355506617308
4,x,319.0,-0.6283185307179586,0.4006822656580116
4,x,319.0,-0.471238898038469,1.2125780042713346
4,x,319.0,-0.3141592653589793,2.938511762858458
4,x,319.0,-0.15707963267948966,1.992100352268858
4,x,319.0,0.0,0.6787536463822187
4,x,319.0,0.15707963267948966,1.992100352268858
4,x,319.0,0.3141592653589793,2.938511762858458
4,x,319.0,0.471238898038469,1.2125780042713346
4,x,319.0,0.6283185307179586,0.4006822656580116
4,x,319.0,0.7853981633974483,0.18572355506617308
4,x,319.0,0.942477796076938,0.14765334510282227
4,x,319.0,1.0995574287564276,0.3737728271837653
4,x,319.0,1.2566370614359172,0.33888984802686556
4,x,319.0,1.413716694115407,0.2753173947748496
4,x,319.0,1.5707963267948966,0.3049366944153493
4,x,319.0,1.7278759594743864,0.24647935025267875
4,x,319.0,1.884955592153876,0.24252146336428398
4,x,319.0,2.0420352248333655,0.19624498552079017
4,x,319.0,2.199114857512855,0.30068150567157564
4,x,319.0,2.356194490192345,0.31856864799467993
4,x,319.0,2.5132741228718345,0.18592065919527245
4,x,319.0,2.6703537555513246,0.1253805196204618
4,x,319.0,2.827433388230814,0.11065457800594666
4,x,319.0,2.9845130209103035,0.11299800418394455
4,x,319.0,3.141592653589793,0.16162295434360016
5,x,159.0,-3.141592653589793,3.6797503282048813
5,x,159.0,-2.9845130209103035,2.244927170559046
5,x,159.0,-2.827433388230814,2.1454133221407266
5,x,159.0,-2.6703537555513246,2.202347685245376
5,x,159.0,-2.5132741228718345,1.6519525888590816
5,x,159.0,-2.356194490192345,1.0697867376320656
5,x,159.0,-2.199114857512855,1.7958818264766203
5,x,159.0,-2.0420352248333655,2.394454051278179
5,x,159.0,-1.884955592153876,1.5751843600963615
5,x,159.0,-1.7278759594743864,1.5015457556917775
5,x,159.0,-1.5707963267948966,3.209908503232446
5,x,159.0,-1.413716694115407,3.831962274262814
5,x,159.0,-1.2566370614359172,4.2842970909697184
5,x,159.0,-1.0995574287564276,3.975023336730272
5,x,159.0,-0.942477796076938,2.6868891125888346
5,x,159.0,-0.7853981633974483,3.902403605176104
5,x,159.0,-0.6283185307179586,5.152010556040184
5,x,159.0,-0.471238898038469,3.3341435001904216
5,x,159.0,-0.3141592653589793,3.4088384179307454
5,x,159.0,-0.15707963267948966,3.1085762030439303
5,x,159.0,0.0,0.776995875157158
5,x,159.0,0.15707963267948966,3.1085762030439303
5,x,159.0,0.3141592653589793,3.4088384179307454
5,x,159.0,0.471238898038469,3.3341435001904216
5,x,159.0,0.6283185307179586,5.152010556040184
5,x,159.0,0.7853981633974483,3.902403605176104
5,x,159.0,0.942477796076938,2.6868891125888346
5,x,159.0,1.0995574287564276,3.975023336730272
5,x,159.0,1.2566370614359172,4.2842970909697184
5,x,159.0,1.413716694115407,3.831962274262814
5,x,159.0,1.5707963267948966,3.209908503232446
5,x,159.0,1.7278759594743864,1.5015457556917775
5,x,159.0,1.884955592153876,1.5751843600963615
5,x,159.0,2.0420352248333655,2.394454051278179
5,x,159.0,2.199114857512855,1.7958818264766203
5,x,159.0,2.356194490192345,1.0697867376320656
5,x,159.0,2.5132741228718345,1.6519525888590816
5,x,159.0,2.6703537555513246,2.202347685245376
5,x,159.0,2.827433388230814,2.1454133221407266
5,x,159.0,2.9845130209103035,2.244927170559046
5,x,159.0,3.141592653589793,3.6797503282048813
5,x,179.0,-3.141592653589793,2.2051771874529194
5,x,179.0,-2.9845130209103035,1.8734681201042804
5,x,179.0,-2.827433388230814,1.6648926951874157
5,x,179.0,-2.6703537555513246,1.2697429604282164
5,x,179.0,-2.5132741228718345,1.2968480000300138
5,x,179.0,-2.356194490192345,1.1325702203793837
5,x,179.0,-2.199114857512855,1.1029170067541885
5,x,179.0,-2.0420352248333655,1.9737438791631348
5,x,179.0,-1.884955592153876,1.5786166891642484
5,x,179.0,-1.7278759594743864,1.412089278346489
5,x,179.0,-1.5707963267948966,2.6059336103375683
5,x,179.0,-1.413716694115407,2.556591677300793
5,x,179.0,-1.2566370614359172,2.7048479172685505
5,x,179.0,-1.0995574287564276,3.7564762508626166
5,x,179.0,-0.942477796076938,2.5438711598835972
5,x,179.0,-0.7853981633974483,3.0032857950129435
5,x,179.0,-0.6283185307179586,3.6693576155267524
5,x,179.0,-0.471238898038469,2.8586966867104917
5,x,179.0,-0.3141592653589793,3.8815616457602147
5,x,179.0,-0.15707963267948966,3.01108984382457
5,x,179.0,0.0,0.37244266633028966
5,x,179.0,0.15707963267948966,3.01108984382457
5,x,179.0,0.3141592653589793,3.8815616457602147
5,x,179.0,0.471238898038469,2.8586966867104917
5,x,179.0,0.6283185307179586,3.6693576155267524
5,x,179.0,0.7853981633974483,3.0032857950129435
5,x,179.0,0.942477796076938,2.5438711598835972
5,x,179.0,1.0995574287564276,3.7564762508626166
5,x,179.0,1.2566370614359172,2.7048479172685505
5,x,179.0,1.413716694115407,2.556591677300793
5,x,179.0,1.5707963267948966,2.6059336103375683
5,x,179.0,1.7278759594743864,1.412089278346489
5,x,179.0,1.884955592153876,1.5786166891642484
5,x,179.0,2.0420352248333655,1.9737438791631348
5,x,179.0,2.199114857512855,1.1029170067541885
5,x,179.0,2.356194490192345,1.1325702203793837
5,x,179.0,2.5132741228718345,1.2968480000300138
5,x,179.0,2.6703537555513246,1.2697429604282164
5,x,179.0,2.827433388230814,1.6648926951874157
5,x,179.0,2.9845130209103035,1.8734681201042804
5,x,179.0,3.141592653589793,2.2051771874529194
5,x,199.0,-3.141592653589793,2.388543610121894
5,x,199.0,-2.9845130209103035,1.7534129433748369
5,x,199.0,-2.827433388230814,1.474977838334407
5,x,199.0,-2.6703537555513246,1.0702632969852677
5,x,199.0,-2.5132741228718345,1.0720420704540836
5,x,199.0,-2.356194490192345,1.310666120826846
5,x,199.0,-2.199114857512855,0.6367290394129766
5,x,199.0,-2.0420352248333655,0.9896979280763815
5,x,199.0,-1.884955592153876,0.9498397993773785
5,x,199.0,-1.7278759594743864,0.8848141355515106
5,x,199.0,-1.5707963267948966,2.3775234309211197
5,x,199.0,-1.413716694115407,2.2607566515377107
5,x,199.0,-1.2566370614359172,2.4216200952037883
5,x,199.0,-1.0995574287564276,3.579344385882721
5,x,199.0,-0.942477796076938,2.478791209660256
5,x,199.0,-0.7853981633974483,3.2483965279134743
5,x,199.0,-0.6283185307179586,3.855110483339065
5,x,199.0,-0.471238898038469,2.287708605108708
5,x,199.0,-0.3141592653589793,2.8387421172481737
5,x,199.0,-0.15707963267948966,2.1494658209222193
5,x,199.0,0.0,0.3084246371733184
5,x,199.0,0.15707963267948966,2.1494658209222193
5,x,199.0,0.3141592653589793,2.8387421172481737
5,x,199.0,0.471238898038469,2.287708605108708
5,x,199.0,0.6283185307179586,3.855110483339065
5,x,199.0,0.7853981633974483,3.2483965279134743
5,x,199.0,0.942477796076938,2.478791209660256
5,x,199.0,1.0995574287564276,3.579344385882721
5,x,199.0,1.2566370614359172,2.4216200952037883
5,x,199.0,1.413716694115407,2.2607566515377107
5,x,199.0,1.5707963267948966,2.3775234309211197
5,x,199.0,1.7278759594743864,0.8848141355515106
5,x,199.0,1.884955592153876,0.9498397993773785
5,x,199.0,2.0420352248333655,0.9896979280763815
5,x,199.0,2.199114857512855,0.6367290394129766
5,x,199.0,2.356194490192345,1.310666120826846
5,x,199.0,2.5132741228718345,1.0720420704540836
5,x,199.0,2.6703537555513246,1.0702632969852677
5,x,199.0,2.827433388230814,1.474977838334407
5,x,199.0,2.9845130209103035,1.7534129433748369
5,x,199.0,3.141592653589793,2.388543610121894
5,x,219.0,-3.141592653589793,1.609935907407628
5,x,219.0,-2.9845130209103035,1.2839118008006207
5,x,219.0,-2.827433388230814,1.1111344077520857
5,x,219.0,-2.6703537555513246,0.9885796422145307
5,x,219.0,-2.5132741228718345,1.1234462049871528
5,x,219.0,-2.356194490192345,1.2509828466290533
5,x,219.0,-2.199114857512855,0.7667975238520899
5,x,219.0,-2.0420352248333655,1.130560501919141
5,x,219.0,-1.884955592153876,0.8275839022316731
5,x,219.0,-1.7278759594743864,0.8327158439270879
5,x,219.0,-1.5707963267948966,1.671001800352428
5,x,219.0,-1.413716694115407,1.554153764845178
5,x,219.0,-1.2566370614359172,1.5894116505822975
5,x,219.0,-1.0995574287564276,1.750594268683981
5,x,219.0,-0.942477796076938,0.7354426876121511
5,x,219.0,-0.7853981633974483,2.1360577700572145
5,x,219.0,-0.6283185307179586,4.1838920257749095
5,x,219.0,-0.471238898038469,2.3553555831023663
5,x,219.0,-0.3141592653589793,2.9229194331398856
5,x,219.0,-0.15707963267948966,2.5084994299238685
5,x,219.0,0.0,0.4990429920137371
5,x,219.0,0.15707963267948966,2.5084994299238685
5,x,219.0,0.3141592653589793,2.9229194331398856
5,x,219.0,0.471238898038469,2.3553555831023663
5,x,219.0,0.6283185307179586,4.1838920257749095
5,x,219.0,0.7853981633974483,2.1360577700572145
5,x,219.0,0.942477796076938,0.7354426876121511
5,x,219.0,1.0995574287564276,1.750594268683981
5,x,219.0,1.2566370614359172,1.5894116505822975
5,x,219.0,1.413716694115407,1.554153764845178
5,x,219.0,1.5707963267948966,1.671001800352428
5,x,219.0,1.7278759594743864,0.8327158439270879
5,x,219.0,1.884955592153876,0.8275839022316731
5,x,219.0,2.0420352248333655,1.130560501919141
5,x,219.0,2.199114857512855,0.7667975238520899
5,x,219.0,2.356194490192345,1.2509828466290533
5,x,219.0,2.5132741228718345,1.1234462049871528
5,x,219.0,2.6703537555513246,0.9885796422145307
5,x,219.0,2.827433388230814,1.1111344077520857
5,x,219.0,2.9845130209103035,1.2839118008006207
5,x,219.0,3.141592653589793,1.609935907407628
5,x,239.0,-3.141592653589793,1.5099403835682266
5,x,239.0,-2.9845130209103035,0.9723377017688553
5,x,239.0,-2.827433388230814,0.9297367201998744
5,x,239.0,-2.6703537555513246,0.9217856913267505
5,x,239.0,-2.5132741228718345,1.037251603957355
5,x,239.0,-2.356194490192345,1.0682576258808478
5,x,239.0,-2.199114857512855,0.7133298690980056
5,x,239.0,-2.0420352248333655,1.1993481550284606
5,x,239.0,-1.884955592153876,0.8303714290646971
5,x,239.0,-1.7278759594743864,0.795998209481901
5,x,239.0,-1.5707963267948966,1.3691634826974435
5,x,239.0,-1.413716694115407,1.3087105388556963
5,x,239.0,-1.2566370614359172,1.45199725676714
5,x,239.0,-1.0995574287564276,1.6244043464879556
5,x,239.0,-0.942477796076938,0.7398074673879741
5,x,239.0,-0.7853981633974483,1.9053255060914833
5,x,239.0,-0.6283185307179586,2.7735840712136186
5,x,239.0,-0.471238898038469,2.1284252432093855
5,x,239.0,-0.3141592653589793,3.9121530690271404
5,x,239.0,-0.15707963267948966,2.8788880534329935
5,x,239.0,0.0,0.5701952143944455
5,x,239.0,0.15707963267948966,2.8788880534329935
5,x,239.0,0.3141592653589793,3.9121530690271404
5,x,239.0,0.471238898038469,2.1284252432093855
5,x,239.0,0.6283185307179586,2.7735840712136186
5,x,239.0,0.7853981633974483,1.9053255060914833
5,x,239.0,0.942477796076938,0.7398074673879741
5,x,239.0,1.0995574287564276,1.6244043464879556
5,x,239.0,1.2566370614359172,1.45199725676714
5,x,239.0,1.413716694115407,1.3087105388556963
5,x,239.0,1.5707963267948966,1.3691634826974435
5,x,239.0,1.7278759594743864,0.795998209481901
5,x,239.0,1.884955592153876,0.8303714290646971
5,x,239.0,2.0420352248333655,1.1993481550284606
5,x,239.0,2.199114857512855,0.7133298690980056
5,x,239.0,2.356194490192345,1.0682576258808478
5,x,239.0,2.5132741228718345,1.037251603957355
5,x,239.0,2.6703537555513246,0.9217856913267505
5,x,239.0,2.827433388230814,0.9297367201998744
5,x,239.0,2.9845130209103035,0.9723377017688553
5,x,239.0,3.141592653589793,1.5099403835682266
5,x,259.0,-3.141592653589793,0.46821863057668534
5,x,259.0,-2.9845130209103035,0.36336480609229227
5,x,259.0,-2.827433388230814,0.5872984959922823
5,x,259.0,-2.6703537555513246,0.8941750372708983
5,x,259.0,-2.5132741228718345,0.8525179539216549
5,x,259.0,-2.356194490192345,0.6066732326021569
5,x,259.0,-2.199114857512855,0.3767160789422567
5,x,259.0,-2.0420352248333655,0.7692146895175157
5,x,259.0,-1.884955592153876,0.5737480851121856
5,x,259.0,-1.7278759594743864,0.4189563501721802
5,x,259.0,-1.5707963267948966,1.0374239753477623
5,x,259.0,-1.413716694115407,0.8983437019422018
5,x,259.0,-1.2566370614359172,1.2766851819856933
5,x,259.0,-1.0995574287564276,1.7807156219927525
5,x,259.0,-0.942477796076938,0.7687148550795787
5,x,259.0,-0.7853981633974483,1.0407882644338164
5,x,259.0,-0.6283185307179586,2.0288188962038816
5,x,259.0,-0.471238898038469,2.0119375248308606
5,x,259.0,-0.3141592653589793,3.399957197724657
5,x,259.0,-0.15707963267948966,3.195789225912334
5,x,259.0,0.0,1.446943325764407
5,x,259.0,0.15707963267948966,3.195789225912334
5,x,259.0,0.3141592653589793,3.399957197724657
5,x,259.0,0.471238898038469,2.0119375248308606
5,x,259.0,0.6283185307179586,2.0288188962038816
5,x,259.0,0.7853981633974483,1.0407882644338164
5,x,259.0,0.942477796076938,0.7687148550795787
5,x,259.0,1.0995574287564276,1.7807156219927525
5,x,259.0,1.2566370614359172,1.2766851819856933
5,x,259.0,1.413716694115407,0.8983437019422018
5,x,259.0,1.5707963267948966,1.0374239753477623
5,x,259.0,1.7278759594743864,0.4189563501721802
5,x,259.0,1.884955592153876,0.5737480851121856
5,x,259.0,2.0420352248333655,0.7692146895175157
5,x,259.0,2.199114857512855,0.3767160789422567
5,x,259.0,2.356194490192345,0.6066732326021569
5,x,259.0,2.5132741228718345,0.8525179539216549
5,x,259.0,2.6703537555513246,0.8941750372708983
5,x,259.0,2.827433388230814,0.5872984959922823
5,x,259.0,2.9845130209103035,0.36336480609229227
5,x,259.0,3.141592653589793,0.46821863057668534
5,x,279.0,-3.141592653589793,0.4582956047168589
5,x,279.0,-2.9845130209103035,0.2566902446029772
5,x,279.0,-2.827433388230814,0.355866406380712
5,x,279.0,-2.6703537555513246,0.49403852461976994
5,x,279.0,-2.5132741228718345,0.46011489533680877
5,x,279.0,-2.356194490192345,0.5112779170596676
5,x,279.0,-2.199114857512855,0.2829534997292106
5,x,279.0,-2.0420352248333655,0.4662434620624256
5,x,279.0,-1.884955592153876,0.3252743764324836
5,x,279.0,-1.7278759594743864,0.12054598141028325
5,x,279.0,-1.5707963267948966,0.42743639710488374
5,x,279.0,-1.413716694115407,0.7391964189843531
5,x,279.0,-1.2566370614359172,1.3031102181707461
5,x,279.0,-1.0995574287564276,1.6646186164119958
5,x,279.0,-0.942477796076938,0.6386792817860745
5,x,279.0,-0.7853981633974483,0.8100031679575922
5,x,279.0,-0.6283185307179586,2.1535853461254986
5,x,279.0,-0.471238898038469,2.283429422204274
5,x,279.0,-0.3141592653589793,3.499103916201949
5,x,279.0,-0.15707963267948966,3.660789903169205
5,x,279.0,0.0,1.928630265424633
5,x,279.0,0.15707963267948966,3.660789903169205
5,x,279.0,0.3141592653589793,3.499103916201949
5,x,279.0,0.471238898038469,2.283429422204274
5,x,279.0,0.6283185307179586,2.1535853461254986
5,x,279.0,0.7853981633974483,0.8100031679575922
5,x,279.0,0.942477796076938,0.6386792817860745
5,x,279.0,1.0995574287564276,1.6646186164119958
5,x,279.0,1.2566370614359172,1.3031102181707461
5,x,279.0,1.413716694115407,0.7391964189843531
5,x,279.0,1.5707963267948966,0.42743639710488374
5,x,279.0,1.7278759594743864,0.12054598141028325
5,x,279.0,1.884955592153876,0.3252743764324836
5,x,279.0,2.0420352248333655,0.4662434620624256
5,x,279.0,2.199114857512855,0.2829534997292106
5,x,279.0,2.356194490192345,0.5112779170596676
5,x,279.0,2.5132741228718345,0.46011489533680877
5,x,279.0,2.6703537555513246,0.49403852461976994
5,x,279.0,2.827433388230814,0.355866406380712
5,x,279.0,2.9845130209103035,0.2566902446029772
5,x,279.0,3.141592653589793,0.4582956047168589
5,x,299.0,-3.141592653589793,0.4581760166894421
5,x,299.0,-2.9845130209103035,0.24875503202555005
5,x,299.0,-2.827433388230814,0.2502981940957589
5,x,299.0,-2.6703537555513246,0.37193607207913176
5,x,299.0,-2.5132741228718345,0.3963524716042866
5,x,299.0,-2.356194490192345,0.4845746130984196
5,x,299.0,-2.199114857512855,0.24914138835980934
5,x,299.0,-2.0420352248333655,0.45118170222641085
5,x,299.0,-1.884955592153876,0.2706411464138993
5,x,299.0,-1.7278759594743864,0.12169970329054039
5,x,299.0,-1.5707963267948966,0.24867107021621776
5,x,299.0,-1.413716694115407,0.4478962439373171
5,x,299.0,-1.2566370614359172,0.7728024664468599
5,x,299.0,-1.0995574287564276,0.9268038836833593
5,x,299.0,-0.942477796076938,0.3543717958441088
5,x,299.0,-0.7853981633974483,0.7929923161675612
5,x,299.0,-0.6283185307179586,2.061648546130496
5,x,299.0,-0.471238898038469,1.9491777505659234
5,x,299.0,-0.3141592653589793,3.0355563416217826
5,x,299.0,-0.15707963267948966,3.2568105190656356
5,x,299.0,0.0,1.8168831854615863
5,x,299.0,0.15707963267948966,3.2568105190656356
5,x,299.0,0.3141592653589793,3.0355563416217826
5,x,299.0,0.471238898038469,1.9491777505659234
5,x,299.0,0.6283185307179586,2.061648546130496
5,x,299.0,0.7853981633974483,0.7929923161675612
5,x,299.0,0.942477796076938,0.3543717958441088
5,x,299.0,1.0995574287564276,0.9268038836833593
5,x,299.0,1.2566370614359172,0.7728024664468599
5,x,299.0,1.413716694115407,0.4478962439373171
5,x,299.0,1.5707963267948966,0.24867107021621776
5,x,299.0,1.7278759594743864,0.12169970329054039
5,x,299.0,1.884955592153876,0.2706411464138993
5,x,299.0,2.0420352248333655,0.45118170222641085
5,x,299.0,2.199114857512855,0.24914138835980934
5,x,299.0,2.356194490192345,0.4845746130984196
5,x,299.0,2.5132741228718345,0.3963524716042866
5,x,299.0,2.6703537555513246,0.37193607207913176
5,x,299.0,2.827433388230814,0.2502981940957589
5,x,299.0,2.9845130209103035,0.24875503202555005
5,x,299.0,3.141592653589793,0.4581760166894421
5,x,319.0,-3.141592653589793,0.22674241041692395
5,x,319.0,-2.9845130209103035,0.12298829953290506
5,x,319.0,-2.827433388230814,0.08644881569428496
5,x,319.0,-2.6703537555513246,0.1701395527874007
5,x,319.0,-2.5132741228718345,0.33181081634641835
5,x,319.0,-2.356194490192345,0.36784564719608
5,x,319.0,-2.199114857512855,0.22302039130353365
5,x,319.0,-2.0420352248333655,0.44336346041215696
5,x,319.0,-1.884955592153876,0.22013335518472915
5,x,319.0,-1.7278759594743864,0.040833285777223546
5,x,319.0,-1.5707963267948966,0.13873628750502695
5,x,319.0,-1.413716694115407,0.3214160580993935
5,x,319.0,-1.2566370614359172,0.5433734240772562
5,x,319.0,-1.0995574287564276,0.812009933529991
5,x,319.0,-0.942477796076938,0.3605437761931642
5,x,319.0,-0.7853981633974483,0.7060704695295323
5,x,319.0,-0.6283185307179586,1.6489753970827112
5,x,319.0,-0.471238898038469,1.247337227961655
5,x,319.0,-0.3141592653589793,2.606371749739858
5,x,319.0,-0.15707963267948966,3.2007243907971037
5,x,319.0,0.0,1.8270514816485266
5,x,319.0,0.15707963267948966,3.2007243907971037
5,x,319.0,0.3141592653589793,2.606371749739858
5,x,319.0,0.471238898038469,1.247337227961655
5,x,319.0,0.6283185307179586,1.6489753970827112
5,x,319.0,0.7853981633974483,0.7060704695295323
5,x,319.0,0.942477796076938,0.3605437761931642
5,x,319.0,1.0995574287564276,0.812009933529991
5,x,319.0,1.2566370614359172,0.5433734240772562
5,x,319.0,1.413716694115407,0.3214160580993935
5,x,319.0,1.5707963267948966,0.13873628750502695
5,x,319.0,1.7278759594743864,0.040833285777223546
5,x,319.0,1.884955592153876,0.22013335518472915
5,x,319.0,2.0420352248333655,0.44336346041215696
5,x,319.0,2.199114857512855,0.22302039130353365
5,x,319.0,2.356194490192345,0.36784564719608
5,x,319.0,2.5132741228718345,0.33181081634641835
5,x,319.0,2.6703537555513246,0.1701395527874007
5,x,319.0,2.827433388230814,0.08644881569428496
5,x,319.0,2.9845130209103035,0.12298829953290506
5,x,319.0,3.141592653589793,0.22674241041692395
