Variable,Time,State variable,Smoothing,Residuals,Standard deviation,Variance,Lag-1 AC,Lag-2 AC,Lag-3 AC,Coefficient of variation,Skewness,Kurtosis,Smax,Smax/Var,Smax/Mean
x,0,12.185739608909664,3.5445834719653133,12.635973801100375,,,,,,,,,,,
x,1,11.205471642751856,3.4758491489081527,11.464530497667651,,,,,,,,,,,
x,2,12.279538584737981,3.4075331194423155,12.357997601009226,,,,,,,,,,,
x,3,13.785505812572755,3.33964733817335,13.417486234818481,,,,,,,,,,,
x,4,12.03682176833958,3.2722037792383465,12.241424790630534,,,,,,,,,,,
x,5,13.062122285273523,3.205211821984652,12.985036819494496,,,,,,,,,,,
x,6,12.33116252299764,3.1386792929803637,11.976597496496593,,,,,,,,,,,
x,7,11.033170564751936,3.072612528894823,11.261646085930092,,,,,,,,,,,
x,8,9.5305426266695,3.0070175771164487,10.345847341517967,,,,,,,,,,,
x,9,10.433267326580324,2.9419012212789593,10.18343729332273,,,,,,,,,,,
x,10,9.620184984167587,2.8772706679542557,10.152918789055978,,,,,,,,,,,
x,11,9.380156184588113,2.813132819272548,9.838752729099589,,,,,,,,,,,
x,12,10.398367034460147,2.749495701847431,10.572750398191452,,,,,,,,,,,
x,13,10.534767183561929,2.6863707841827646,11.043149874347884,,,,,,,,,,,
x,14,10.2773896894115,2.623771069816604,9.971797598655671,,,,,,,,,,,
x,15,9.843243990701614,2.56170975841467,9.564550442273292,,,,,,,,,,,
x,16,8.263728574165155,2.5002002267702377,8.163548823075589,,,,,,,,,,,
x,17,8.320104843456104,2.4392566114633056,8.098221943160935,,,,,,,,,,,
x,18,9.183492333591882,2.3788937386728803,9.553087109115438,,,,,,,,,,,
x,19,7.723728239235138,2.319128853311727,7.7254993889808405,,,,,,,,,,,
x,20,8.72787072502822,2.2599826603764206,8.925735678116013,,,,,,,,,,,
x,21,8.803046911971466,2.201478196701753,8.974971295811718,,,,,,,,,,,
x,22,8.455432736809298,2.1436404798501294,8.58013611110964,,,,,,,,,,,
x,23,8.324703278202515,2.0864968062010005,8.317579207096738,,,,,,,,,,,
x,24,8.673864186891059,2.0300775517198524,8.824604819650235,,,,,,,,,,,
x,25,8.197115307528952,1.974417207421591,8.328937596134569,,,,,,,,,,,
x,26,7.945532636585344,1.9195539947388376,7.59700272203234,,,,,,,,,,,
x,27,8.221130960590255,1.8655306261875562,8.559244551653151,,,,,,,,,,,
x,28,8.771050026515669,1.8123950656926737,8.917965739457323,,,,,,,,,,,
x,29,7.806452829526993,1.7602027001130391,7.801643642063514,,,,,,,,,,,
x,30,7.769969133166499,1.7090165656697531,7.956244720507106,,,,,,,,,,,
x,31,7.039840122735105,1.658906211700283,7.244605704076463,,,,,,,,,,,
x,32,7.12054026782407,1.609947972506364,7.2414170532356446,,,,,,,,,,,
x,33,7.043206622747735,1.5622296886529348,7.288378972041373,,,,,,,,,,,
x,34,7.003959125113288,1.5158598840339355,6.984684306450697,,,,,,,,,,,
x,35,7.235745504372589,1.4709743853083577,7.358253440233681,,,,,,,,,,,
x,36,8.078503010249378,1.4277366158590459,8.17239330654101,,,,,,,,,,,
x,37,6.422267118395688,1.3863393186272228,6.5874827883705,,,,,,,,,,,
x,38,7.213672032978157,1.3469984973141722,7.4394847845209195,,,,,,,,,,,
x,39,7.76806454465454,1.3099263112551531,7.590204979348776,,,,,,,,,,,
x,40,6.650155112132221,1.2764440958750718,6.746480231897251,,,,,,,,,,,
x,41,6.335272560090786,1.2443897376249797,6.533106416908668,,,,,,,,,,,
x,42,6.78265169410006,1.2137578370207158,6.87838339931537,,,,,,,,,,,
x,43,5.8607994216124375,1.1845429721137217,5.899177281571528,,,,,,,,,,,
x,44,5.8474698484617065,1.1567466434551914,6.063494717073772,,,,,,,,,,,
x,45,5.370962849856339,1.1303099744443998,5.436994161130377,,,,,,,,,,,
x,46,6.550539287508027,1.1051856985139683,6.532396950968146,,,,,,,,,,,
x,47,6.280966724059471,1.0813183876835668,6.374419264827642,,,,,,,,,,,
x,48,4.985041508992129,1.058635041562364,4.851694432453164,,,,,,,,,,,
x,49,6.093410197409994,1.0370178516604371,6.162482562692575,,,,,,,,,,,
x,50,5.760300964089917,1.0163550253609435,5.743914927999972,,,,,,,,,,,
x,51,5.687111572532766,0.9965926516832133,5.874534262865177,,,,,,,,,,,
x,52,5.737846260556731,0.9776617298483945,5.854693858657588,,,,,,,,,,,
x,53,5.938179524538539,0.9594708435946883,6.018046592515972,,,,,,,,,,,
x,54,5.406079769395033,0.9419432632303938,5.443160800048214,,,,,,,,,,,
x,55,5.750069302535817,0.925031976930918,5.753631776594801,,,,,,,,,,,
x,56,5.875399578843513,0.9087228348530022,6.01082398328271,,,,,,,,,,,
x,57,5.565016093822763,0.8930458294336734,5.470924317027682,,,,,,,,,,,
x,58,5.492078374430538,0.8780487020561054,5.509033744440854,,,,,,,,,,,
x,59,5.553234514516976,0.8637392894770833,5.498250055967913,,,,,,,,,,,
x,60,5.287305699274333,0.8500289060486609,5.3813343387871715,,,,,,,,,,,
x,61,5.051652013695361,0.8368220770222259,5.068181075563535,,,,,,,,,,,
x,62,4.808889233494478,0.8240541495675855,4.869166473014397,,,,,,,,,,,
x,63,4.94122315753098,0.8116855876775494,4.9397903834101236,,,,,,,,,,,
x,64,4.527509816962004,0.799635831308147,4.520402954762852,,,,,,,,,,,
x,65,5.068351698346958,0.7878284922388592,5.130722360953714,,,,,,,,,,,
x,66,5.115213886194223,0.7762158579555487,5.116392297288218,,,,,,,,,,,
x,67,5.377777702693261,0.764745268715973,5.36705592487065,,,,,,,,,,,
x,68,5.082635865145346,0.753425744842531,5.10990274141082,,,,,,,,,,,
x,69,4.32192376450741,0.7422883306712187,4.39986541702116,,,,,,,,,,,
x,70,4.39431563819275,0.7313217194016667,4.293112549328498,,,,,,,,,,,
x,71,5.138951952543445,0.720481084981098,5.168127502668461,,,,,,,,,,,
x,72,4.777605108703376,0.7097295982392681,4.714532801040965,,,,,,,,,,,
x,73,4.807560623841964,0.6990846925124439,4.7577225600825,,,,,,,,,,,
x,74,4.479370538352805,0.6885520257242747,4.37213552095468,,,,,,,,,,,
x,75,5.1237978103428,0.6781841832828982,5.227096031767224,,,,,,,,,,,
x,76,5.668272970601071,0.6680437263068876,5.642226811294776,,,,,,,,,,,
x,77,4.145434070554727,0.6581304955286903,4.1474950435203075,,,,,,,,,,,
x,78,4.245856294520532,0.6484630581135314,4.283196199522794,,,,,,,,,,,
x,79,4.45918678620805,0.6390412941508383,4.441164433725567,,,,,,,,,,,
x,80,4.370108409876868,0.6298489740503704,4.180734757014817,,,,,,,,,,,
x,81,4.52735681287995,0.6208833422322897,4.647824371722296,,,,,,,,,,,
x,82,4.158277593914098,0.6121109219231523,4.148380805426492,,,,,,,,,,,
x,83,4.188790564997912,0.6034875227574535,4.13012850228693,,,,,,,,,,,
x,84,4.536055252487686,0.5949801237279935,4.5022474199645535,,,,,,,,,,,
x,85,4.1327354841415955,0.5865773574152839,4.1065640712009746,,,,,,,,,,,
x,86,3.4213090265647756,0.5782555041899304,3.409386884447275,,,,,,,,,,,
x,87,4.402401137479677,0.5699843153732359,4.513501056324652,,,,,,,,,,,
x,88,4.089072217091632,0.5617572391872696,4.17472676086566,,,,,,,,,,,
x,89,4.008675185232885,0.5536033485224715,3.926736854041835,,,,,,,,,,,
x,90,4.110082613134843,0.5455905768025726,4.150758324509122,,,,,,,,,,,
x,91,4.353135233583638,0.5377863325171922,4.376026701594427,,,,,,,,,,,
x,92,3.7188219825598763,0.5302546302257272,3.6681762436752368,,,,,,,,,,,
x,93,4.060985995863691,0.5230328447426833,4.061901765588926,,,,,,,,,,,
x,94,4.36277922516624,0.5161493922567567,4.2995280079547324,,,,,,,,,,,
x,95,3.8786223404197795,0.5096230789839205,3.8645284633098376,,,,,,,,,,,
x,96,3.9179616799732377,0.5034509775656459,3.9098249901679276,,,,,,,,,,,
x,97,4.076257948557359,0.4976198132629576,4.071875854808719,,,,,,,,,,,
x,98,4.250017903021529,0.49211315222028973,4.177471207471603,,,,,,,,,,,
x,99,3.7149290130968153,0.48691663978321864,3.7170441049569796,,,,,,,,,,,
x,100,3.6283500898597145,0.4820330564317421,3.542036498124607,,,,,,,,,,,
x,101,4.008004906615401,0.47744132162130626,3.999945707444349,,,,,,,,,,,
x,102,3.4562867769096743,0.4731049741880998,3.4428169619710878,,,,,,,,,,,
x,103,3.6833093627165567,0.4689783945677234,3.684652011974493,,,,,,,,,,,
x,104,3.759572461034357,0.4650112164065416,3.7214842395687624,,,,,,,,,,,
x,105,3.9548591186173545,0.4611535109007861,4.023034535595499,,,,,,,,,,,
x,106,4.2427482449280784,0.45736766442610804,4.1440237786849305,,,,,,,,,,,
x,107,3.46728317819863,0.45361027726877234,3.5553185707760613,,,,,,,,,,,
x,108,4.179661852739916,0.4498313409638772,4.150275740480795,,,,,,,,,,,
x,109,3.6825358959060384,0.4460008401194737,3.660849892161667,,,,,,,,,,,
x,110,4.122282030930147,0.4420975352224845,4.1085838175301,,,,,,,,,,,
x,111,4.107899621377797,0.43810618932763973,4.116075394474817,,,,,,,,,,,
x,112,3.274341427137695,0.43401335036402083,3.2850464888955018,,,,,,,,,,,
x,113,3.25038263119206,0.42980151098794933,3.2278356496627927,,,,,,,,,,,
x,114,3.585429954119787,0.42548603578059874,3.578168885603745,,,,,,,,,,,
x,115,3.2383419484935314,0.42110316414168925,3.2025530164341016,,,,,,,,,,,
x,116,3.5427315524488354,0.41669290934296027,3.4797180012580307,,,,,,,,,,,
x,117,3.3596866703165413,0.41228469110790816,3.3457606457827986,,,,,,,,,,,
x,118,3.350742948328827,0.407904909163574,3.3843911088348357,,,,,,,,,,,
x,119,3.161387616818588,0.40357060199691497,3.101507010110068,,,,,,,,,,,
x,120,3.723163487207039,0.39927696934471707,3.7132259465234236,,,,,,,,,,,
x,121,3.493989375056126,0.3950224452557447,3.500173709397253,,,,,,,,,,,
x,122,3.175314556591603,0.39082554110835827,3.151769897700717,,,,,,,,,,,
x,123,3.2400618890748576,0.3867054028533279,3.221432527958535,,,,,,,,,,,
x,124,3.0422250437153466,0.3826846897378935,3.0668814896218857,,,,,,,,,,,
x,125,3.2669875145460634,0.3788161340868005,3.2418985273382654,,,,,,,,,,,
x,126,3.0623724073158605,0.3751694621336743,3.0299898743429123,,,,,,,,,,,
x,127,3.063331719192317,0.37181618184352555,3.0406995092675078,,,,,,,,,,,
x,128,3.307330038484608,0.36882335066083227,3.312129916393561,,,,,,,,,,,
x,129,3.085074001181619,0.36622677095000833,3.100216933695162,,,,,,,,,,,
x,130,3.316259809440275,0.36404688540587893,3.2348846814104952,,,,,,,,,,,
x,131,3.2443117487857025,0.3622707527340314,3.2571547901360334,,,,,,,,,,,
x,132,2.865227229336875,0.36085233096291525,2.8523249670160356,,,,,,,,,,,
x,133,3.450012954536889,0.35972609776787473,3.4774081270663237,,,,,,,,,,,
x,134,2.9242545972463834,0.3588243054455222,2.8662668637173168,,,,,,,,,,,
x,135,3.5550794343623044,0.35808319908317116,3.5323582935001987,,,,,,,,,,,
x,136,3.1910999443910106,0.35746682102023297,3.165972096304677,,,,,,,,,,,
x,137,3.0544622696158097,0.35692474709743993,3.0358737436221124,,,,,,,,,,,
x,138,2.5870582399750415,0.3563919117040558,2.5670471508868364,,,,,,,,,,,
x,139,3.1677889695721273,0.3558119667009284,3.1120332179043753,,,,,,,,,,,
x,140,2.8655590863822282,0.35514286223240005,2.8021257111256332,,,,,,,,,,,
x,141,3.2941439855314436,0.35435636443297147,3.293214590969426,,,,,,,,,,,
x,142,2.743188481418317,0.35343697962800436,2.7383099454972135,,,,,,,,,,,
x,143,3.1606461718363974,0.35236881744647064,3.131983514848759,,,,,,,,,,,
x,144,3.1849745742542637,0.3511348845509409,3.118627653415108,,,,,,,,,,,
x,145,3.3375404728063014,0.34972418216018,3.320478703996218,,,,,,,,,,,
x,146,2.8638669438286324,0.34811324016582806,2.830188048709405,,,,,,,,,,,
x,147,3.1555015339661634,0.3462861364224271,3.1404043730143307,,,,,,,,,,,
x,148,3.0474202134883557,0.3442180920913364,2.991105816375914,,,,,,,,,,,
x,149,3.077504267574895,0.3418798895089258,3.1133518070502344,,,,,,,,,,,
x,150,3.029201066275499,0.33925874946636797,3.0059273571292064,,,,,,,,,,,
x,151,2.98926405729009,0.3363667955143421,2.9708664035726815,,,,,,,,,,,
x,152,2.71275308046365,0.33323850472613054,2.6438319353430035,,,,,,,,,,,
x,153,2.5903130351400656,0.32991246215544495,2.527175121295252,,,,,,,,,,,
x,154,2.937115358392537,0.32642227436555044,2.938720468844308,,,,,,,,,,,
x,155,2.772979634411052,0.32280128784029744,2.7225491466144054,,,,,,,,,,,
x,156,2.5284100944403822,0.31906982858874827,2.5412819461146756,,,,,,,,,,,
x,157,2.6515197857851165,0.3152500285160065,2.6199234055988465,,,,,,,,,,,
x,158,2.717275616696909,0.3113817066875549,2.697131175742486,,,,,,,,,,,
x,159,2.5853792766430717,0.3075109406030341,2.595933754524487,0.5798685319085445,8.129184395276205,0.1252455340073063,0.1149603035972408,0.12780269033950953,0.011203017930269225,0.6596096590689841,2.675457989721644,0.8189850890648749,0.016151940145180108,0.015984877149300494
x,160,2.5683694742466403,0.30367222667951194,2.5247069305240912,0.6061995124682437,8.24296046662918,0.12209278635343294,0.11646181855721582,0.1250110513942018,0.011831783995571433,0.6792471411538012,2.910428941788806,,,
x,161,2.058395521070234,0.2999212992854881,2.0361926496012006,0.6169671187301604,8.208707360538844,0.12656693453017598,0.11290901759927661,0.12034891591873124,0.012180244917287393,0.6887907430957181,2.969389109522087,,,
x,162,2.9723856880295307,0.2963238318517795,2.97554338888062,0.60360605809374,7.865483322255089,0.12758105728478186,0.11437125073716702,0.11611065894262078,0.012055248432587252,0.658080507586618,2.4462041827416545,,,
x,163,2.5862466233086616,0.292937613455714,2.550502285683494,0.5605907232001947,7.058722470994278,0.12505470158893528,0.1080930575876843,0.11136471748152671,0.011327694976094661,0.666639113154008,2.244662814450334,,,
x,164,2.7462485368725065,0.28980563617576444,2.726394819637262,0.5363111803068896,6.634110320847542,0.12024981369593998,0.10707650397127343,0.11158835428340823,0.010943394255202517,0.6690734542065542,2.209137520778678,,,
x,165,2.79472995076694,0.28695627420956954,2.748071412332318,0.49784816870667165,5.994188467228998,0.11931756185988114,0.10865942095103376,0.11011117790062445,0.010359106775041158,0.6112538084610141,1.770310973665952,,,
x,166,2.4775165105519625,0.2844068104212736,2.4692126240517904,0.4672716574006386,5.5047564924834,0.11482018845564913,0.10717661078048508,0.10736186794927283,0.009847158923313394,0.5947119950877554,1.5341047917307893,,,
x,167,2.7238358629364914,0.2821565877026578,2.6995549172856834,0.46027421082143427,5.372399684392393,0.11267706905798355,0.10623277568837798,0.10267103435616635,0.009801497794152738,0.5821237126190772,1.4399850995363848,,,
x,168,2.1973956362754703,0.2801922564746438,2.163084095475604,0.4593079239369355,5.25262788508298,0.10930871853401793,0.1088341069396382,0.1084493748205302,0.00987890541641897,0.5514253093661423,1.4825347660063368,,,
x,169,2.2842479349762503,0.27848549323579147,2.246181311008131,0.4659344110842284,5.230751230142025,0.10467773951648233,0.11171972144447605,0.10564059252263147,0.010102960188146826,0.5409972373006832,1.5197755365103658,0.6848435486044345,0.019783219998327637,0.014868623373066735
x,170,2.7043099378266615,0.2769883270922026,2.723624583613137,0.450191297521855,4.98971697229151,0.10830262696841253,0.11180898881410156,0.1014545071463558,0.009858711349312946,0.5300382793994853,1.5459733003943636,,,
x,171,2.440115314438222,0.2756422263087601,2.4549916353280277,0.4540819193745828,4.968584057697961,0.10574786367964077,0.11137762262166664,0.09841094585374446,0.010051025489260991,0.5300575292350049,1.5867130984320519,,,
x,172,2.4915068491754107,0.2743891195414197,2.4755052690254065,0.45016653931450024,4.843646080780181,0.10886204620480606,0.11346873187855692,0.09741119207258882,0.01008862079009088,0.5135306059821201,1.5913092227484398,,,
x,173,2.5202882406155362,0.27317154622289347,2.5497254088076757,0.4232319340176896,4.488038639093484,0.10929050381673625,0.1147274971270259,0.09906157760786923,0.00961263522626942,0.46798140240279745,1.4712625127195516,,,
x,174,2.57953126514054,0.2719573391738643,2.556154732360842,0.4204202003928921,4.416153903203685,0.10809282705887491,0.11100768190123655,0.09927524390805827,0.009660269443218983,0.4592302999181093,1.4200302748341809,,,
x,175,2.6609298951552653,0.2707269168030585,2.6562418661882328,0.42324548795386574,4.3984085390819105,0.10734086560983455,0.1094679036789092,0.10030519154078706,0.009848372786643397,0.4464036960244496,1.47456526437148,,,
x,176,2.4722392837067484,0.2694740692826676,2.4663034105721957,0.42790915704740623,4.413476031837405,0.10858120409676894,0.10987305083705101,0.09798188860903627,0.01001268522711812,0.44013102100801904,1.510566465943595,,,
x,177,2.628380946380674,0.26819243932812864,2.6215440358803654,0.41858646875651057,4.300834101593848,0.10898459478175468,0.11334608610853053,0.09642050601891411,0.009894123074465976,0.4448706694886538,1.5530813226360283,,,
x,178,2.454189912658295,0.26687580370582303,2.461130231327907,0.40707272779974746,4.148952452190016,0.10894221400720563,0.11555979808452373,0.0955171304536714,0.009705259173546399,0.43146871167487094,1.59353598931367,,,
x,179,2.792923172777203,0.26551039135851917,2.8025156922836088,0.40708207940327057,4.133179531207106,0.10952126989300631,0.11540870424373818,0.0959470272095393,0.009799851223243526,0.43178034954006894,1.5967830487689525,0.550817378994677,0.02244697374010305,0.013144895460852526
x,180,2.630550256420034,0.26409391713882857,2.624261767585617,0.4122191914688884,4.160823470894799,0.10985147077448004,0.11468528809698808,0.09528500483971522,0.0100332044328338,0.43489989258715384,1.6612173354381334,,,
x,181,2.3104248082755623,0.26262749048716966,2.3037775381067607,0.4038742936305254,4.027115747312802,0.10640075746966199,0.11672650759010468,0.09134114400538815,0.009901437270207218,0.4579437497084639,1.7301466571662665,,,
x,182,2.4691852171313142,0.26111110603101,2.433272882335564,0.40184385592297467,3.9772749551896838,0.10819475715868132,0.11487937821590306,0.09226321747961792,0.009929196968014486,0.4407021568269954,1.5721111749932024,,,
x,183,2.493139456125468,0.2595471611887807,2.483208011478099,0.3999147463915389,3.93625512599492,0.10782296534644546,0.11448643330805466,0.0927726121905446,0.009952061755646908,0.43772566386614614,1.6395747761153596,,,
x,184,2.6601347123403465,0.2579451525237506,2.6130001520623667,0.3954359568836786,3.830395185826871,0.10564312595710341,0.11473604515904831,0.09374538659435556,0.009942936859820886,0.4211161630847575,1.531241462576365,,,
x,185,2.5403588290780057,0.2563316024267995,2.521773443110165,0.3805464834765564,3.655641403215762,0.10630139908051515,0.11465639292647926,0.0940430630509002,0.009680920925741575,0.4271012962017748,1.5911644264841276,,,
x,186,2.3451002013348132,0.2547294292173417,2.3351255553190327,0.374215643369578,3.575506828200112,0.1079174620521118,0.11566827242674922,0.09938158199017127,0.00959851858449815,0.43077546000329386,1.6393763269057402,,,
x,187,2.4497287651679813,0.2531635236089389,2.4521914762072985,0.3554475830448281,3.368067754294144,0.10917102028081964,0.11430753930182784,0.09922571665638194,0.00916176616624396,0.397297615126262,1.4505763983536148,,,
x,188,2.7389318518737347,0.2516681588001477,2.7232886249976813,0.3482536403923059,3.233492764883469,0.10629368530406749,0.11417207623957817,0.09623714422138885,0.00903695600014167,0.38504905242164567,1.4904276053209655,,,
x,189,2.2739283387457565,0.25028679143271343,2.2441714698984976,0.3345187269658493,3.0735610175041614,0.1035454560183274,0.11474893467383067,0.09760310534758317,0.008746956806078905,0.39439146863101393,1.4766755947673877,0.42894964122802565,0.0191082361239924,0.011144013746481331
x,190,2.4929789591938523,0.24905513431397222,2.5079194112009993,0.3313822317929303,3.009124418977416,0.09871501300236235,0.11169239513453082,0.09910857769565941,0.008775678472694084,0.39427887093129194,1.5110784558892212,,,
x,191,2.2337047394136946,0.24800634243358718,2.2072387243474423,0.33176934494894356,2.9926823234311515,0.09643410307437772,0.11196107171265729,0.09689512007153403,0.008848293934310272,0.40967725558069124,1.5777031807532884,,,
x,192,2.1836986941132666,0.24716662710570053,2.15709800675787,0.3238157356171841,2.8977254256128493,0.09558253383722567,0.11118364373069609,0.10010171969166255,0.008712256330841302,0.4057755105133115,1.5700319597998766,,,
x,193,2.4370537264768766,0.24655670900329485,2.4470602642338117,0.3195086272899391,2.831254030281049,0.09228999363492271,0.10807329936965543,0.09845045473985818,0.008620505835209373,0.40920954300236545,1.609431020409534,,,
x,194,2.5076282133684247,0.24619557257518448,2.507014007310583,0.3204490779338141,2.804677647357264,0.09276617844928041,0.10832962626771135,0.0955989262051155,0.00876437402093111,0.41663757856168,1.6256358562015707,,,
x,195,2.232266729343134,0.24609866882354217,2.1925729243745766,0.3054881040767329,2.6390390361876808,0.09570977799012138,0.10844432809409008,0.09760523046447543,0.008447661937141106,0.41983483322027076,1.676794890905651,,,
x,196,2.1414201179498322,0.24627931310964693,2.099511713812787,0.28926402882180613,2.465303626530024,0.09453561357801053,0.10868778787310455,0.0988943285636176,0.008030545772139543,0.3948646965279875,1.4941888465193047,,,
x,197,2.401935896499718,0.2467407130193663,2.394053251702391,0.29112299970305205,2.4647524842236,0.09617416914977389,0.10455102495764342,0.09949842581042376,0.008168320418673249,0.399073952864082,1.543837822095563,,,
x,198,2.218662934113718,0.2474643030858082,2.165611297279142,0.2859715891367397,2.3955572679042754,0.09571259266438838,0.10305721990403854,0.09964093167706523,0.008108655377673354,0.39874206769059034,1.5923298818071283,,,
x,199,2.040778455237234,0.2484139616652335,2.0700057591074073,0.2952256483544405,2.4482035903565778,0.09826086862298108,0.10405834485741107,0.1016844324986263,0.008448472506803431,0.3987285960340198,1.4336261803266939,0.34202693799605677,0.018396871383809774,0.009606840012150925
x,200,2.3975073781039984,0.24953968537332355,2.3604067102130553,0.2836687280374467,2.335414803149129,0.09683426634942328,0.10381020593317909,0.10499947639741644,0.00820338045127007,0.3913361750463695,1.4177896728440793,,,
x,201,2.0186044538779866,0.2507910598464317,2.021588701983571,0.2657787016299398,2.1514774022222154,0.09465084620677493,0.09996667385257957,0.09927490877025318,0.007714049468351317,0.37913154029400054,1.4053461716701308,,,
x,202,2.496332652832843,0.2521059925841396,2.491692246397351,0.2516433516584095,2.0100849408676678,0.09356543772734581,0.1001556368203333,0.09669882172965395,0.007387398635788279,0.3745004053927123,1.4293915213462112,,,
x,203,2.329255849778867,0.2534305486699023,2.2951495978124568,0.2506449858381489,1.9841742675170722,0.09284053978742042,0.09992198769739444,0.09701661295735192,0.0073610450258279735,0.3824458281445166,1.3937443163729468,,,
x,204,2.3096436415053265,0.2547172710090482,2.3420406967528704,0.24338119562994306,1.905753159547234,0.09112173716200271,0.1001473828561517,0.09093696497761337,0.007186283478062496,0.3888385374426181,1.453439664502724,,,
x,205,2.3666096429018064,0.2559177715695486,2.389061233650872,0.2385201020997655,1.8545194455742091,0.09140812855476373,0.10056549131236864,0.09287589653766495,0.007071840488233755,0.39590636864158335,1.4688018410582113,,,
x,206,2.3579221839764957,0.2569811825536174,2.3748791400381717,0.23887212712961126,1.8430998343963008,0.09045491943124959,0.09780942926508192,0.09342094441715969,0.007145592401738905,0.3876691541696728,1.4870348041191446,,,
x,207,2.4396515759306534,0.25787306455434916,2.4276626267650405,0.22482412165432994,1.710955822589081,0.08997547679760455,0.09906058198913543,0.09169673565558284,0.006749652937386713,0.36924955527476816,1.3391276584093186,,,
x,208,2.2260527437964504,0.2585742498439749,2.2285273549016233,0.2238667373573941,1.693086143071141,0.08851963037681305,0.09942181528000282,0.09376445027644977,0.006752272531258543,0.3802924738261555,1.4052213589645923,,,
x,209,2.30366175770949,0.25908535250516895,2.2795720458348034,0.22920666240006393,1.71966326590765,0.08989871131685039,0.09775169163853817,0.0911956317697273,0.006966016120338249,0.38124825322514294,1.4216287789015956,0.3162010660227513,0.019105471097695753,0.009570871376463334
x,210,2.437992209878518,0.259412853238935,2.441791999761936,0.2234739079387235,1.66719357456371,0.09178799871322385,0.09758797641832148,0.09170265106436214,0.006852315613996878,0.3866574565958778,1.4263198265562829,,,
x,211,2.3264701405432904,0.25957275909929467,2.2876602870656795,0.225286358089946,1.663815086309992,0.0925715155150936,0.093889088800356,0.09305229653646258,0.00696764597403488,0.3902229659844543,1.4602170611141787,,,
x,212,1.855012913799394,0.2595894052063262,1.8232311956475957,0.21900901477061507,1.6080397023682143,0.0903004502348821,0.0918357467025944,0.09115625482396421,0.0067999005353117535,0.3879337922730272,1.4797218020113156,,,
x,213,2.2222062056613923,0.259481743697781,2.14236434649956,0.2171916769483116,1.5758849269718402,0.0911924340518338,0.09017948395281639,0.0924276980462704,0.006774287721280904,0.36823010256698696,1.3293306615865443,,,
x,214,2.1305502967188272,0.25926589365900415,2.138210454963085,0.20933090272636823,1.5054555071906248,0.09230155599863339,0.091275425030853,0.08974839937612916,0.006603709211080842,0.36862908408840633,1.3045699131697666,,,
x,215,2.147342951055014,0.25895017227454287,2.138694174236825,0.20908675979561314,1.4938663529415852,0.08754510131973593,0.08850892551980784,0.0862424168706952,0.0066516037855426004,0.3642510089504314,1.3085654721681415,,,
x,216,2.234345950639645,0.2585520798519459,2.205912169530423,0.20343446449326588,1.4414311915523357,0.08957150189320706,0.0871965014008647,0.08399399025098409,0.006491742084150922,0.36653932719554916,1.348493972850388,,,
x,217,2.6365672670381426,0.2580984921400167,2.611787529600929,0.19919306879851184,1.3996431737887436,0.08995414960886067,0.0897796066153258,0.08342901932866642,0.006400614901311786,0.37153988929040715,1.3557265074569924,,,
x,218,2.4166993812999222,0.25761026980609036,2.378599136027731,0.20609644767565397,1.4388886206701137,0.08707917830336773,0.08871652790167724,0.08477316751475127,0.0066752141686140356,0.3659913235036731,1.3914960022661,,,
x,219,2.358348262633469,0.25710999596869216,2.3112914406763787,0.20530811665742554,1.4197574946719653,0.08604149537832752,0.08466162866692194,0.083670522127064,0.006720600900945853,0.35138827650316784,1.324471223335698,0.27470946383094486,0.019528880238876112,0.00886707738783991
x,220,1.8796187989148685,0.25662352442872594,1.864969328712869,0.20068636428198397,1.3758730516348028,0.0875378846019042,0.08478975014214434,0.0832172218065957,0.006686012310564021,0.3334045801277875,1.1094259699543265,,,
x,221,2.113617246794522,0.2561572601192219,2.100957928376775,0.19792796963539416,1.3450053999034546,0.08692027190539006,0.08418030402856624,0.08278636333111669,0.006612194031034538,0.34200848048867366,1.1320314587724292,,,
x,222,2.121937632330069,0.25571555089433845,2.099651949671476,0.20724683531420696,1.3920920802120205,0.08527534396675478,0.08435524580274058,0.08397548665008443,0.006972993607797837,0.34452559820110606,1.1655284083355075,,,
x,223,2.1860952274596266,0.255293433874204,2.1501321689023314,0.20914642069421202,1.3932770812721726,0.08482829521598538,0.08410394419488292,0.08469896806895977,0.007078734284233554,0.3453316544065413,1.2012178174941293,,,
x,224,2.2094719909310268,0.25488881254573303,2.163662851552864,0.20896549488084484,1.3870914855910534,0.08638882636042464,0.08582117680371652,0.08640911672553424,0.007095312122979945,0.34663182953762073,1.2142119112653487,,,
x,225,1.6592883523403306,0.2544990952347249,1.650048020285114,0.21269615805464415,1.4015310495290616,0.08536905083644965,0.08476768077033006,0.08549354831806698,0.007264731701410648,0.3393785411800723,1.2204986771950135,,,
x,226,2.144013004531295,0.254121138984767,2.1158419131714057,0.21249463599732105,1.3891535316703123,0.0839773967852955,0.08440226798783977,0.08761550186019833,0.007283232852112103,0.3356793861343159,1.2336464905525106,,,
x,227,2.113598563354135,0.25373531909501346,2.0863975895227416,0.22012426823142048,1.4254373117180184,0.08310915768281715,0.08481501794632708,0.08466654752241903,0.007551820131669673,0.3394657545565166,1.2153161376491017,,,
x,228,2.000945054546405,0.25330954318026505,1.9806623422384544,0.22213004936161837,1.4283597094197942,0.08262223276376472,0.08463434272790898,0.082871819429766,0.007700910225635835,0.333892978935029,1.0997282553158385,,,
x,229,2.2412915112482645,0.25279663561370447,2.234005741558268,0.2191576478247981,1.4020249785767491,0.08307913007476288,0.08357846615423661,0.08255869570270316,0.007635422232275725,0.33328848848864384,1.1104510184297,0.2315048030637099,0.018934721262034656,0.007975250041225299
x,230,2.254770878537021,0.2521503414052927,2.280961595791654,0.21067506680764675,1.3420249192889848,0.08278153637582245,0.08310776159425719,0.08244945511907668,0.00738570787311814,0.3345402344721707,1.1879234257245643,,,
x,231,2.05109514070227,0.25132121967105814,2.009030221765742,0.2122911941225888,1.3438938186376224,0.08463430773196429,0.08277185442114236,0.08092831328663957,0.007498133846738228,0.33929067789343736,1.1795336885824812,,,
x,232,1.89392710142472,0.25027142774482825,1.8653146499664643,0.2056996534244828,1.2965257939022434,0.0871712053528158,0.08318283454109328,0.08166293920219841,0.007317369591989313,0.34467505600803733,1.1948835766708694,,,
x,233,2.023371907859037,0.2489687000713063,2.020397921791003,0.20449357996494552,1.279552217427696,0.08862790716520953,0.08330715078854309,0.08240285664080281,0.007293624872004946,0.3415857244114835,1.196293260951178,,,
x,234,1.9937264234971708,0.24739141237060305,1.9329787448718503,0.20169202488506685,1.25070332933132,0.09026483853140126,0.08253564093559779,0.08143403123285638,0.00724961485684417,0.34378982890011694,1.2045219059094496,,,
x,235,1.9356546536595978,0.24553924780640216,1.8713480780048932,0.19353592004781825,1.1833965135767188,0.09169598692892032,0.08284100611267335,0.08071118392382819,0.007032007420201985,0.33810850273842985,1.2316637150815029,,,
x,236,1.9038416807456415,0.24341969825473997,1.904506882134575,0.18134821466075632,1.0903170231041406,0.09073679072896775,0.08344889907479515,0.08136230835973693,0.006587870017645698,0.33149898211664874,1.2711627534762089,,,
x,237,1.9123906337224024,0.24103973743789073,1.9385668701185517,0.1787905110386452,1.0736536562452759,0.09028440499321172,0.08384178973205202,0.08017329139806222,0.00653232194980417,0.3204570766865421,1.2386597252380664,,,
x,238,2.064732111432657,0.2384178924502358,2.001896545023934,0.17641226115337977,1.0548918530350029,0.08790227117356576,0.08261700616545489,0.08310880761793056,0.006445754932831802,0.31840917267373553,1.2496050186280845,,,
x,239,1.9859288927072427,0.23559091854044042,1.970979760944215,0.18213996058958093,1.072143228219116,0.08925074025909203,0.08131004771920598,0.08256800539817839,0.006710966628334224,0.32970463076485435,1.2691947442731744,0.20461669269584679,0.019277716253256878,0.007403672757122795
x,240,1.8376447850382769,0.23261064932325554,1.8416687894203145,0.18474897827464645,1.082623778936806,0.09075281120596294,0.08253779453546149,0.08290063073235009,0.006836320851847949,0.3271652673681349,1.259886050307076,,,
x,241,1.7998698628322387,0.22952564634194572,1.7734271390207859,0.1804621785599818,1.05022419983531,0.08824860810469186,0.08368900764541258,0.08199981851866117,0.00671609282373155,0.32772381062930306,1.3465919109619648,,,
x,242,2.0648797120583344,0.22640214021574118,2.0274055025535227,0.17929202883837045,1.038956954323952,0.0886411158744361,0.08506656354675243,0.08230328841119058,0.006659541224287826,0.3192535208727517,1.3595621039569803,,,
x,243,1.9802930757973896,0.2233029372956278,2.026728186903455,0.18128541584893695,1.0464596138314908,0.08883169011731547,0.0854453199927099,0.08161287617183553,0.00677485527134873,0.32571640256403556,1.3626854707177427,,,
x,244,2.0657598934241883,0.22028360842206868,2.0362190213820233,0.1803423295468727,1.032669391171592,0.08917609668750384,0.08585328323562148,0.08177055874318025,0.006778674116905842,0.3279153781428113,1.4104927120051585,,,
x,245,1.7178927469386374,0.21740560702565337,1.7214700178464177,0.1779183851378122,1.0124955702736467,0.0875927049361709,0.08704785917642228,0.08019430294466846,0.0067519539918880645,0.3240391790837924,1.4081119482111426,,,
x,246,1.9718793648555624,0.214716778929192,1.933843163440055,0.17660167057365306,1.0022263798417144,0.089558585048273,0.08621857638197032,0.08239846404087219,0.006719345536773991,0.32925647659752244,1.4530039620115087,,,
x,247,1.538936605436937,0.21226035231627044,1.5406230026152112,0.17604197275970257,0.9918070016329225,0.08947236502776991,0.08966804408751423,0.08202866783362923,0.006743274440744332,0.3270581458306,1.484659068742129,,,
x,248,1.9575387455122273,0.21006909624840056,1.9336835495432296,0.17396684495924744,0.9761529956014359,0.09114704499959861,0.08999310294409421,0.07903371056918267,0.006674922524645226,0.3367458509132527,1.5556109953841304,,,
x,249,1.8832599238538132,0.20815716439525542,1.8565445349455922,0.17538287792801358,0.9818531009184205,0.08897178488487271,0.09012060392133968,0.08097865477352938,0.0067625055113965,0.29631668743853845,0.9647213342708997,0.1708524812779637,0.017468861568849792,0.006532840031235605
x,250,1.7290385936274637,0.20652305360037024,1.6963864748594046,0.17408335232348598,0.9724383041737118,0.08586298429857647,0.08883744055574688,0.08134669267395486,0.006713016905173301,0.2891909292956505,0.9529110398474917,,,
x,251,2.010594348536347,0.20516151328335253,1.983441397594833,0.17592977847622251,0.9750672951373179,0.0866944924502253,0.09054166246317163,0.08143904166342715,0.006814111139351643,0.2968814377550735,0.963727693678911,,,
x,252,2.0188488203247115,0.20405303164743188,1.982139900511829,0.1698722254703355,0.938651362448191,0.08784644017297887,0.09149339391065477,0.08100010383380984,0.006610645741618499,0.2978932223129444,0.9884754850274956,,,
x,253,1.7985067425107486,0.20315786566671906,1.779248074618162,0.1746793871908572,0.9591387185789811,0.08519600408263318,0.09060391157917037,0.07976939540732154,0.006845495104371406,0.30393964205736523,0.9195915911892606,,,
x,254,1.9871206586042278,0.20243174119727833,1.9679134922066368,0.17270056231888653,0.941831126146916,0.08679669504456335,0.09097266622901377,0.07848920986162819,0.006831545730484038,0.3138871310332086,0.9252299508974199,,,
x,255,2.1546788252282036,0.2018342561604868,2.126173950375144,0.1723724323867005,0.9353716903214885,0.08690028070979407,0.09158715567652057,0.08117280835538349,0.00686565618302707,0.3056643379927479,0.9434216111115326,,,
x,256,1.939705842840904,0.20131470062666476,1.9568402677478105,0.16647532713648006,0.9008983912289457,0.08546960733727929,0.09055998490403859,0.07921118358603645,0.006641665351558597,0.30440186120519164,0.9226188868993952,,,
x,257,1.9778787321353413,0.20081075206479077,1.9610802874241435,0.16387326233510113,0.8815576943320172,0.0829924014168834,0.08897226555566047,0.07918085029059099,0.006587498179966344,0.29189711943646,0.9143960192799623,,,
x,258,2.144041843452713,0.20025960568601014,2.163863145314131,0.16174320666786757,0.863597773487633,0.0825985416721898,0.0886069717816618,0.07960977470545116,0.006509573845430912,0.29796564097132,0.8884450776223047,,,
x,259,2.0151032985829334,0.19961313030489847,2.0007036043522803,0.16587872670241186,0.8820063197870219,0.08331610864021809,0.09224421477057061,0.07974573675884561,0.006698077723701142,0.292442779859554,0.8747968041983746,0.13255795306097282,0.015677839772493818,0.005326455742222542
x,260,1.8093884624032357,0.19886298431883329,1.7907852060223066,0.16882544502293315,0.8950252234387519,0.08226569932978217,0.0927367924325486,0.0811349482662393,0.006850446963000361,0.2943593521869395,0.8659003694634891,,,
x,261,1.6424301224419187,0.19801633266711607,1.621494891016213,0.166463709606619,0.8812127281569666,0.08362647967861245,0.09486261851815077,0.08200854008786347,0.00676631355233394,0.28920673515373957,0.836075005580876,,,
x,262,1.8432480997223926,0.1970928491291011,1.811957454981889,0.16713617602250577,0.8814459994992476,0.08437990859391732,0.09378792229094413,0.08354119515922839,0.006841551475495706,0.27259304013181357,0.736248856362823,,,
x,263,1.6704148300943256,0.1961105052037802,1.6534639885272202,0.16739350376757642,0.8801007001213649,0.08355842511554497,0.09532345751409196,0.08462397536233152,0.006875169723278878,0.27494837191217203,0.7409934686457926,,,
x,264,1.869766173191619,0.19508684345267507,1.8643280142629055,0.16570961806295528,0.8668318879964771,0.08361641982576767,0.09546046806641494,0.08525074378081428,0.006835668229098574,0.2745042093932917,0.750401422147466,,,
x,265,1.7997721264393352,0.1940420590166383,1.8100103173306543,0.1685934313402797,0.8768246229198251,0.08215597664965223,0.09657020645786601,0.08640778308217861,0.00698690679509024,0.2674494351240854,0.7584107335304596,,,
x,266,1.7236933479523333,0.19301045912225273,1.695424588332749,0.16352863298648054,0.8455560633112866,0.08278682880392085,0.09590843232836321,0.08558586831108579,0.006789769292355333,0.26507300219403285,0.7306589344589721,,,
x,267,1.743635727122057,0.19202444890564002,1.7390101439706995,0.16161585408823265,0.8322538805936123,0.0829253568339187,0.09572251695495197,0.08666514306936654,0.006752461437645324,0.2572661621482695,0.7377852194496256,,,
x,268,2.0477383002109817,0.19111557086470507,2.0645293995508105,0.16104449890397557,0.825327074879493,0.08334811449807754,0.09825724844627196,0.08694089990093734,0.006758756232598477,0.2547366561325049,0.723062776520007,,,
x,269,1.8305596276760299,0.1903138108416285,1.8237543932603806,0.16252789224881362,0.8277030092824422,0.08416835731079349,0.09835674472819798,0.08713391513474951,0.006844591003691715,0.2556636120889356,0.7365599465122344,0.12085370668436714,0.015978444868457536,0.005113662611881577
x,270,1.8810708339553057,0.1896325321048278,1.8670202416158024,0.16302033216547399,0.8222942576945496,0.08126118439853748,0.09753462867655904,0.08444003053512032,0.006955099985938542,0.2543489354153416,0.7492903508196405,,,
x,271,1.5899156144193523,0.18907878353983473,1.5935987637996034,0.16334197599753372,0.8177337854619433,0.08084086639802636,0.09578495185011952,0.08436292896000831,0.006995720841922285,0.24393337850897243,0.743654181978897,,,
x,272,1.70548932526003,0.1886521789154984,1.7006453599020073,0.1593807051076738,0.7933026314371613,0.08052140570951444,0.09876975431842246,0.08617314325879437,0.006816727314616931,0.23658432426944445,0.714291180052944,,,
x,273,1.816233449690735,0.18835205728687632,1.7719510933214728,0.16512297196750073,0.8156477703326697,0.08089518949119782,0.09944629026072076,0.0851358985005361,0.0071029737287106555,0.2323140362908969,0.6691147546888282,,,
x,274,1.855836176960733,0.18817330418306022,1.8579435288758328,0.16350788062806385,0.802677676792867,0.0770491252682101,0.09661532065769424,0.08543173132501965,0.007071236232854395,0.22833141518830471,0.6890719974052982,,,
x,275,1.6043951309605986,0.18810585306202424,1.5567600907899124,0.16186127882415452,0.7909028745913993,0.07500582496326452,0.09580483263388148,0.0852969549210552,0.007021571224080921,0.2339576985771387,0.6936614318938904,,,
x,276,1.8504685024229104,0.1881350171280746,1.870961116792371,0.15753307945079795,0.766517101095501,0.07476111463429072,0.09733075532233282,0.08505441594392067,0.006851807176046575,0.2362905196516945,0.6902264256192114,,,
x,277,1.7621987131232835,0.18824223200048298,1.7160877872246825,0.16093611088852597,0.7791373082057682,0.07526148507387041,0.09928058941067779,0.08543932779351555,0.00701479684907988,0.23797492066232603,0.6957259829859943,,,
x,278,1.864907345150164,0.18841905676571255,1.842819536593886,0.16209380128357997,0.7822812762175663,0.07661686087014043,0.09760249969708029,0.0850144569979648,0.007108027563424317,0.2429075591528947,0.6666062012629408,,,
x,279,1.9376737146302327,0.1886651523464964,1.9161291821664164,0.16130175288717086,0.7771411443779521,0.0767456642768507,0.0967901615583863,0.08435167727363244,0.007104916872146681,0.24582567272170433,0.6771966447285759,0.10821738353426681,0.016942578302685012,0.004802081417345697
x,280,1.6713506179657482,0.18899192451652183,1.6477768826751318,0.1657505413311333,0.795028135831043,0.07708183777712418,0.09548053398041843,0.08247633741448833,0.007363350588794438,0.2486157966038387,0.6846492444337284,,,
x,281,1.847032095370066,0.18941183803909917,1.8315164779833806,0.16536815436842817,0.7891545292576247,0.07814627243674366,0.09660554179304101,0.08179292648424373,0.007384947761503134,0.2527100375481873,0.688671450094,,,
x,282,1.7154548707218649,0.18992532153093442,1.6844092273322895,0.16310904156603334,0.7756256125208811,0.0803286214640598,0.09538657869126203,0.08066413526672297,0.007317113275568491,0.2499655834466942,0.685474496578783,,,
x,283,1.4140189144881676,0.1905273475813279,1.396792689350664,0.16100414698825982,0.7624635817547821,0.08076928378694583,0.09404789590858165,0.07986357082240128,0.007264016880330031,0.25069127481198944,0.7051172242636752,,,
x,284,1.701363414336057,0.1912091372353962,1.7303639868157548,0.1605807151801422,0.7596982181878594,0.08139895542447696,0.09336721644842558,0.07937930308493026,0.007270696608806738,0.25185916530260904,0.7121957606413163,,,
x,285,1.6451442549371813,0.19195821063526472,1.6096487780009574,0.15398712312755702,0.72227170582424,0.08278449433914428,0.09269927466805718,0.07882979169414696,0.006980823761392898,0.25312951115305193,0.7255787741430664,,,
x,286,1.6124798340022697,0.19276804640213382,1.5839871756714388,0.1543869483274407,0.7219106612064075,0.08106603960557872,0.09159699288383409,0.07985627417643293,0.007040833922254051,0.2524368361617966,0.7272844711326552,,,
x,287,1.5031288023891554,0.19362328635027198,1.5027869642082614,0.15481153312507961,0.7218240090896152,0.0795093186721772,0.09060127263154734,0.08189645692147762,0.007089941613715615,0.25555842344010576,0.7417280351853495,,,
x,288,1.6852997247947072,0.1945072979832835,1.6553805628880052,0.1542321726154555,0.716595844003547,0.07957387408351886,0.09018249690178869,0.07950978704336824,0.0071058314481181025,0.24503097547617936,0.6908007711502251,,,
x,289,1.5615544107498756,0.19539192320994414,1.532672916181606,0.15354639930945893,0.7116367732903653,0.08159673496821007,0.08786668603071777,0.07743395710497983,0.007108377118867205,0.25091104121717817,0.6984670919922554,0.10192562486591743,0.016355551963865487,0.004710836093002601
x,290,1.4415097410579343,0.1962501076371299,1.4248612988174816,0.15622845813243685,0.7209536109221102,0.08178774973302616,0.08905480664725207,0.07973200994416031,0.0072575400397512195,0.2437673604489697,0.6620748089442418,,,
x,291,1.6690489573031033,0.19704928397725313,1.664026925509316,0.1573613775965206,0.724726110910263,0.08154865098377305,0.09024362169132336,0.08101616216112732,0.0073144398955903005,0.23828290551626008,0.6645584815063931,,,
x,292,1.7359243706536636,0.19776976782058775,1.7424906636560469,0.15302091126851086,0.7014702525262553,0.08143317275719149,0.09063099405008486,0.0834965424752231,0.007122892950827616,0.23178178142675343,0.6441520380171669,,,
x,293,1.7341382108156704,0.19840204163118264,1.7324293998826399,0.1559031889766466,0.7079728532681554,0.08211524960600593,0.09347429349350628,0.08273261867764141,0.007277599375932939,0.2330797919985962,0.657179711600863,,,
x,294,1.3861166168727101,0.19893689219659474,1.4242628776550503,0.15707057413727182,0.7104609528448476,0.08059517147496137,0.09267961430295071,0.08395349198927098,0.007358581270119451,0.23838926757102327,0.6716850233862367,,,
x,295,1.5590130674862681,0.1993597140265774,1.5392690031928917,0.1551039199306539,0.6982053190425435,0.08071538831160557,0.09274588207338369,0.08541045846397342,0.007299343210960951,0.2424106048995454,0.6860203336335947,,,
x,296,1.5584229834791503,0.19967360114114174,1.5395488094385208,0.15561752914131438,0.697354284625822,0.0795268735783563,0.09364337325352196,0.087015709781579,0.00734034029722435,0.24591611169087751,0.6919744357194654,,,
x,297,1.7333326364680581,0.1998982316720068,1.7394161230651628,0.15659031721440395,0.7007496518271765,0.07866099342697365,0.09480518969698463,0.08654784503411882,0.007438357349261937,0.24729429952389642,0.6991723660944692,,,
x,298,1.7172501551537935,0.2000434829207245,1.6510061890552103,0.1574427899673482,0.7042452252875852,0.07786866118000985,0.09409663960586175,0.08374349634616216,0.007517354197851536,0.2508266299701918,0.6969306173111833,,,
x,299,1.750152716762565,0.2001047069618879,1.7416995111306561,0.15657655563399606,0.6971912914479257,0.0754681033209036,0.09435182023399738,0.08630910035932843,0.007537230864466709,0.25389520238874547,0.6782380768817504,0.09053948078844809,0.01654430691530456,0.004384492159655134
x,300,1.7007593686739233,0.20007352980568444,1.690573286014223,0.15296512515104277,0.6791997723839496,0.07547002753487304,0.0953417058125727,0.08472748224421468,0.00741134032672071,0.25718975990313536,0.689621034895356,,,
x,301,1.5983123821756784,0.1999526495350552,1.5436928191308756,0.15239586606432792,0.6744247652945551,0.07733861308424202,0.09639326238728228,0.08621061940512736,0.007430999135187044,0.25787390472663807,0.7062081466257403,,,
x,302,1.8175243210401313,0.19974843829255876,1.8164911404675457,0.153897449502929,0.6778916048679975,0.0780460744720744,0.09589682628689536,0.08639774627179887,0.007557369874716541,0.2635576516060205,0.7204300808300891,,,
x,303,1.4257927563910953,0.1994725707459954,1.401791276265354,0.15180000247395653,0.666280833535609,0.07722367343705153,0.09449462877137033,0.0857222187319831,0.007448882842073691,0.267540252554412,0.7289373334853994,,,
x,304,1.4310079108701932,0.1991432537023351,1.4077155874234346,0.15360645607331166,0.6720134064939015,0.07690718456836267,0.0947513572726324,0.08561387866058988,0.007562531184746565,0.2599422483715963,0.7174103732612537,,,
x,305,1.6782209733134108,0.19877008619854905,1.6521903084965426,0.1541049290211125,0.6672299019568029,0.07859793203844857,0.09234351095850044,0.0837064418534278,0.007616616637154309,0.24257892775179293,0.6976714090621561,,,
x,306,1.6836898573060877,0.19836091588880211,1.6353957611163739,0.15282850643140372,0.6593750004538269,0.08010580079078723,0.09160228186535858,0.08367621960075412,0.0075749785861952456,0.2529073195478696,0.6994678957664623,,,
x,307,1.6553787208664834,0.19793592413905098,1.6547492212913217,0.1508037712370233,0.6494201537118577,0.08396822649668913,0.09130488478500103,0.08150480893373163,0.007504941613313319,0.24705987235504986,0.6544955223579161,,,
x,308,1.5994593871899778,0.19752606585389504,1.57580568726952,0.15281283122274864,0.6541405497554259,0.08373439525536489,0.09196878384719595,0.08244167409237288,0.0076142677265359756,0.2460393518689198,0.6653427891222375,,,
x,309,1.5633791281591494,0.19716209985488017,1.5430714090900435,0.15680850739351707,0.6673295417856353,0.08509854569087,0.09158518477784522,0.08361840830709495,0.007828523324373832,0.25272027720645635,0.6637378138279567,0.09301851898898889,0.017011560393359458,0.004665470691771747
x,310,1.3361951215103856,0.19686514432345756,1.3054853076093955,0.15656713207144934,0.6639398359721987,0.08439282020415681,0.09121176423439951,0.085434902076586,0.007842699708435041,0.25655527487280344,0.6753198906041542,,,
x,311,1.5546502348325697,0.1966388090290025,1.5348889081773247,0.15365230293342377,0.650390614640391,0.08490071064152122,0.09116848034616701,0.08403065054978638,0.007712203911034244,0.23942764785913787,0.6007185693163457,,,
x,312,1.6687733016487134,0.1964833093162122,1.6591008009091692,0.15360666500256168,0.6487649886313539,0.08587931254406429,0.09013803848285089,0.08379886857639655,0.007730555991120537,0.24266005439882077,0.6047206851394005,,,
x,313,1.539432175946414,0.1964025589638639,1.5142174448980676,0.15490973468750774,0.6516001186315883,0.08557551110822317,0.08901821695325317,0.08384509995982782,0.00781899067935013,0.24812314300591967,0.6048127609210933,,,
x,314,1.4187251666710299,0.19639356353906218,1.417609854024771,0.1531178953034031,0.6429177288695744,0.08329318491160606,0.08848172979728493,0.08372099871149469,0.007760758055124001,0.2483073052191413,0.6244644283423089,,,
x,315,1.7003988585920107,0.19643859691271517,1.6763086450054367,0.1560066130055609,0.6533062868880056,0.08446535237528441,0.0891716637748134,0.08589866472293071,0.007931321100740803,0.2481321194878991,0.6343972937203713,,,
x,316,1.5752326760585749,0.19651026895104864,1.5707651247981993,0.15352865161211474,0.6412654725458026,0.08277548482513718,0.08772030890943507,0.08580511318134945,0.007831136878564153,0.25112460919799967,0.6406279591311715,,,
x,317,1.534010144541788,0.19657944997573562,1.493546781704653,0.15229174643983787,0.6343318054423974,0.08324223930480318,0.08717304664719759,0.08638715424527928,0.007829497075611582,0.2543638430290226,0.650000808813515,,,
x,318,1.6083331164303516,0.19661820739527638,1.5884371978459455,0.15039753676265918,0.6243819023099699,0.08385664935992138,0.086826416073068,0.08584690855041528,0.007759882908639092,0.25587939715686264,0.6533475885253708,,,
x,319,1.3709776359871892,0.19660796930816568,1.3594312905145507,0.147420433922144,0.6075759525483175,0.08290786402171244,0.08693475974124681,0.08723964088531275,0.007642129201517108,0.25378214519479236,0.6533528918724442,0.07868452796453844,0.01689285758756045,0.00411816847194338
x,320,1.5985368907024287,0.1965376881269566,1.5834607811729977,0.1461503933629709,0.6007714090729134,0.0831785273668586,0.08797260061159076,0.08810727674042357,0.007599112091062031,0.25427708531181403,0.6599674777889653,,,
x,321,1.5556593036417576,0.19639531037099875,1.5169803668761155,0.14733895646947018,0.6045307659003516,0.08183229606251588,0.08757400539824402,0.08799392607369291,0.0077157148014342725,0.2532850737701856,0.6541093604164694,,,
x,322,1.593065002435308,0.19616475765194238,1.562811268773442,0.1459952945264717,0.5941859787095426,0.0820269081888437,0.08755872291989261,0.086772650211767,0.0076808241922894285,0.24850377085136016,0.6470066021895123,,,
x,323,1.5927950827312032,0.19583118560050136,1.5676466672121916,0.14433641827747543,0.5848772927214821,0.08123498128139849,0.08896557616340561,0.08689121830818787,0.00760476923903624,0.24978624578694678,0.6457055360863132,,,
x,324,1.6031981072571908,0.19538353991596227,1.5719730430966858,0.142655188012681,0.5775731858346742,0.08320317260187196,0.08959290067639054,0.08621024213578458,0.007529867461300432,0.2505454982328494,0.6543898846431959,,,
x,325,1.6788064619524166,0.1948003965355029,1.6407500480130852,0.13829281684256434,0.5563493348799551,0.08433603996113903,0.09023127602512807,0.08712631528010731,0.007339906148560182,0.24565882032435832,0.6564108892050258,,,
x,326,1.3797115055581028,0.194057784162774,1.3662441415859177,0.1383503924507464,0.5551518822710855,0.08523292452997294,0.08953666631738036,0.08732063277349651,0.007372720270998115,0.2452786360623419,0.6692318609890868,,,
x,327,1.5665020232787743,0.19313383245430552,1.5733712934683184,0.13522582819004453,0.5393158426361205,0.08599683796694478,0.08987040523599701,0.08735441214497948,0.007268051799712362,0.2453060126761344,0.670073499028033,,,
x,328,1.317162268110345,0.19201150234508782,1.302823239798531,0.13342158905051021,0.5309723184467137,0.08642991350719338,0.09124919634503877,0.08660887981639992,0.00719148817790751,0.24172971233946097,0.6635664469242021,,,
x,329,1.4311776331017108,0.19068340257786445,1.4240002850866,0.1322133149400281,0.525535705573843,0.08787246342472481,0.09247703732554971,0.0878618513912661,0.007160239083215552,0.24505558086358242,0.6708257922759284,0.0868485136053696,0.01829187812052946,0.0047062459843085405
x,330,1.4091580792825,0.18915253422892306,1.4173062565981407,0.13210291074515695,0.5223662678070842,0.08728091855800797,0.09199860180410327,0.08562167115593129,0.007180052530871995,0.249045943015674,0.6848294187781296,,,
x,331,1.2277899115211675,0.1874396770447912,1.1988919162534355,0.13259110845097982,0.5239013281008086,0.08675940695409107,0.09059211873276556,0.08671622700611055,0.007219455923570918,0.251512601628365,0.6871867285747002,,,
x,332,1.3599491406125914,0.18557735243082088,1.3175670569858677,0.13309419436248424,0.5252248925770798,0.08592685300595497,0.08977511609269312,0.0868566164909249,0.0072531823957436995,0.2509810647183973,0.6901035871729859,,,
x,333,1.4015915554456047,0.18359897462958083,1.3858276447194755,0.13416863327884712,0.5282914817852216,0.08739916707537362,0.08928108205109239,0.08549727308649381,0.007348231401547212,0.2551127287973084,0.6645305072409466,,,
x,334,1.4979212462475542,0.18153685567768404,1.4956830168670328,0.13652204774586366,0.5360309395913304,0.08814377286582359,0.08720999920823361,0.08599066411437314,0.007513429818111601,0.25171842548221585,0.6706361241287249,,,
x,335,1.545738035531582,0.17941401298955176,1.5160033108190776,0.13618018361877965,0.5338416512305818,0.08878687589525092,0.08673299518641185,0.08660530295925119,0.007520829900132056,0.24320526733335457,0.6729151727850499,,,
x,336,1.4738551909919244,0.17725418528502845,1.4601473887095042,0.13587278417153345,0.531282708791022,0.08865568786955148,0.08637651902200272,0.08574455047405945,0.007543317202836357,0.24254303192663218,0.6799217653377302,,,
x,337,1.447680408517416,0.17508544902623024,1.4343234147577077,0.13348083165076424,0.5198090723586815,0.08799353661786412,0.0846870257946275,0.08264728470663354,0.007419918918569963,0.2470926271588918,0.6806526485625116,,,
x,338,1.4977939488197842,0.17293306387310123,1.5204725375111316,0.13075760717758342,0.507030411540973,0.08725221310893197,0.0843809015036582,0.08291579601135222,0.007295065939151465,0.24542386870056065,0.6509165232023887,,,
x,339,1.3990991122893237,0.17081978526392652,1.3937798211719241,0.1299660982725708,0.49987771444106854,0.08574483049510408,0.08540265435577389,0.08381462843789557,0.007275743152393402,0.2459563281210449,0.6699840968719294,0.07766262341084453,0.017671455335967992,0.0043452011692396075
x,340,1.4823897910391763,0.1687654128445598,1.463033198540399,0.12838684220311314,0.49044096483971067,0.08533283077725744,0.08618582581308938,0.08320478752467772,0.007177492254285889,0.24634626167355422,0.6742865385580544,,,
x,341,1.3981077400335862,0.16677526602181558,1.4077265212963566,0.12756692912379594,0.48636623772151516,0.08601596080614242,0.08694647627600942,0.0827921931986603,0.007159986432516616,0.24602515663007898,0.6797904406661724,,,
x,342,1.6160152861689194,0.16484844903305457,1.5821974461501849,0.12740262507328906,0.4839872272520495,0.08557277089657256,0.08886742446062708,0.08404625200574903,0.007182468710296745,0.24059579176641632,0.6840749583871141,,,
x,343,1.33403710475711,0.1629918999296063,1.3275384996793453,0.12822365907484984,0.48611609610205264,0.08537706608086466,0.08998789891430266,0.08483273810048075,0.007274412259659332,0.23484464717780304,0.6820447740700692,,,
x,344,1.459264750056911,0.1612133986869993,1.4444437879484924,0.1280132580959418,0.48384611041733977,0.0848576174406451,0.08854428016095177,0.08468335824474375,0.007276591173085197,0.2367676994962898,0.6846311255654767,,,
x,345,1.3681226340591723,0.15950937356186695,1.360707798286386,0.12502884398418615,0.4705099174045564,0.08491271321474778,0.08892379634102492,0.08255307758595207,0.007137168391963806,0.24021498300380553,0.7079864863710968,,,
x,346,1.6571799939670504,0.15786862812361319,1.6191756400542934,0.1215308833507881,0.456113561506312,0.08461093201896837,0.08944960763149425,0.08196830362228594,0.006948151181106322,0.23826555299171062,0.7224207515126914,,,
x,347,1.487085144381555,0.1562785963892661,1.4828306501581003,0.1221490017054303,0.4569405417329063,0.08302342625151991,0.08851830673520639,0.08339251296915742,0.007004183737661691,0.24419851854372432,0.7244276758880548,,,
x,348,1.3884448921075772,0.1547264082239732,1.3773098211954709,0.1215368082827389,0.453503473175398,0.08374716974361932,0.08776041753863092,0.0841002454973828,0.007003818224402162,0.25108287286211106,0.7317824705769096,,,
x,349,1.326120100508802,0.15319728438365907,1.3311359199725015,0.11998594387780095,0.4466374852550832,0.08268484709994309,0.08666517115777062,0.08274955019260279,0.006940136199627345,0.25262393415891843,0.7317602710119322,0.08333745654754074,0.02019526044612708,0.0048218985743950435
x,350,1.2954327743013936,0.15168155762453547,1.2812891438672034,0.1214638084564241,0.45046567257446607,0.08160539239250533,0.08536320386128096,0.08336445453706856,0.007056556559773525,0.2557741110266472,0.7364321501729065,,,
x,351,1.5282041673076645,0.15018429350138024,1.5171656106129479,0.11970991413165705,0.4425257696550174,0.08141621815831197,0.0870181684118854,0.08315439726256273,0.006973027380846655,0.25922334721671,0.7508692354115959,,,
x,352,1.4814215330425824,0.14870558940715242,1.4807974085742037,0.11790369530166483,0.43459628655591065,0.08166798949101864,0.08753671605430047,0.08339286393091468,0.006900803863817273,0.26151443068002445,0.7655364413770853,,,
x,353,1.6088500218276247,0.1472557807906408,1.5858673560948875,0.11544027438075802,0.42445213771648194,0.07960576747882583,0.08887453419180955,0.08445390210760417,0.00676303672151153,0.25509295278722094,0.7573639460411102,,,
x,354,1.3066626613207868,0.14584411278871734,1.2812096857437996,0.11599798262138404,0.4232478321432452,0.07927270167294502,0.08957449523889054,0.0838537329398035,0.006817110126530959,0.25776955165588056,0.7789526162762078,,,
x,355,1.5636261114290269,0.1444788454518673,1.5322377160548866,0.11771150953551583,0.4279908863810136,0.0788172916616808,0.08927139465624262,0.08363471264775546,0.006952744573719203,0.2565528812057318,0.7840720828614876,,,
x,356,1.2958130857179204,0.14317089485640863,1.281942853072767,0.11742166313951267,0.4260668959633599,0.07877674970408735,0.08790807333629205,0.0833011410303937,0.00696774404621647,0.2588757650958372,0.7808199616581286,,,
x,357,1.4053004429751184,0.1419296991390091,1.3804558325930667,0.11886780673293251,0.4301778033706352,0.07910140547963974,0.08693976426263918,0.08295756865904502,0.0070727073816403896,0.25786379400465,0.7861375132084514,,,
x,358,1.4316802501381904,0.14076320618364072,1.4435223818501137,0.11811693081167898,0.4260635531801537,0.07906540855858583,0.08604621978765582,0.08194507316392308,0.007051419686482902,0.2611033050020799,0.791326328574819,,,
x,359,1.3972779635382617,0.13967755435876658,1.40344452438327,0.11878597726358626,0.42739834829652845,0.07881592807542454,0.08491921498107989,0.08287721459583278,0.0071318485070952335,0.26296609205980526,0.7856168744967146,0.07953829777967772,0.020852032960101113,0.0047606646642783905
x,360,1.4785031207624335,0.1386821348096311,1.450702369635629,0.11432743814171267,0.40905754238005293,0.07945056742567405,0.086387207308667,0.08254461457222696,0.006901929532302336,0.26097745338656436,0.8090911431059503,,,
x,361,1.3130950048208894,0.13630670345976434,1.3053781283649712,0.11658836488339701,0.41595728359303025,0.07948976935009,0.0863159527037651,0.08242201298577637,0.00706256583777319,0.26214207955403135,0.8167687919224613,,,
x,362,1.230532490847559,0.1341343085121627,1.221341235316785,0.11460588419631282,0.40733335067588067,0.07913393774889473,0.08488577415953201,0.08182598803060333,0.006977027355852689,0.2495660919135307,0.7895944055846373,,,
x,363,1.378427555105139,0.13222305771047338,1.367641935554644,0.1163089633521349,0.4120117976575948,0.07769635562352994,0.08459555576963922,0.08238638837328119,0.007107697008026162,0.2553207428259826,0.784289793846341,,,
x,364,1.372990741939909,0.13062437368897134,1.3731254556291723,0.1139013974092454,0.4015004442154999,0.07817227823767312,0.08387062648144579,0.08349209681187776,0.00699276567652117,0.2526222284594578,0.7882201214659105,,,
x,365,1.3180120693370307,0.1293762622503211,1.3009781503872915,0.11137828521728285,0.3913656468188934,0.07854046473668383,0.08369895191544091,0.08463817238057471,0.006837012796630935,0.2431155252658707,0.7324852363443289,,,
x,366,1.3265751163042978,0.12850537963798125,1.3208770964794552,0.11125828296289283,0.3894960614756834,0.08040926457983594,0.08424664406503377,0.08353772347069623,0.006853097211922868,0.24295882018306136,0.7214397529933148,,,
x,367,1.3311641679519923,0.12802929387505899,1.3326685175599298,0.1122597676785953,0.39184640884282684,0.08092007773933015,0.08391443421200784,0.08281483801447283,0.006916769162433391,0.24608848947306752,0.7253678758563765,,,
x,368,1.335637689607172,0.12795914485123455,1.3208715757921108,0.11197796632425296,0.3898969929115916,0.08092372482071644,0.0836940778893777,0.08201311647996067,0.006932546545205232,0.24408082157030206,0.7292320714688151,,,
x,369,1.4169620880918827,0.1283010918176769,1.404170990131507,0.10899806710679144,0.37899635085103545,0.08091436141186206,0.08339726698562065,0.0832609973406237,0.006767831974390249,0.24657669677370553,0.7662688060264738,0.0703072029109819,0.01948169577565063,0.004327511968659223
x,370,1.375440378918478,0.1290564235546022,1.4094300595477738,0.1081306481136061,0.3749381135859023,0.08045573546585254,0.08137652617499264,0.08350399028560963,0.006726775705832648,0.24573937161381246,0.7784527309526506,,,
x,371,1.342124083640044,0.1302222939544945,1.312193981898803,0.10815504976947726,0.3736889785738924,0.08095359676015688,0.08228049162683758,0.0820590669089167,0.006745486139352425,0.2544192886719071,0.7857906732678406,,,
x,372,1.353604992641709,0.13179312384382752,1.3517242471788387,0.10817260511694375,0.37319172018473457,0.08098337424650054,0.08205331566943003,0.08135115726222951,0.006757943879714285,0.25498363214592484,0.7838175043566634,,,
x,373,1.342849744760068,0.13375930323170399,1.3327793729964914,0.10582168713360872,0.3629740327845953,0.0800710653001547,0.08199870626426913,0.08263413526276568,0.006670133061466969,0.2618425442250513,0.7758989624290188,,,
x,374,1.3300286796935485,0.1361080029154659,1.3161943898863873,0.10614862054548174,0.36373354993531054,0.07972633276069137,0.08243384088603227,0.0835142308471154,0.00669157648106613,0.2622997588467265,0.7950262913727353,,,
x,375,1.235154929035959,0.13882378667084758,1.2354404332208928,0.10533807755582482,0.3600610075341545,0.07948897994383267,0.08229763451441227,0.08225786268718747,0.0066695210386050734,0.2634538201259342,0.791099709261167,,,
x,376,1.472630261535756,0.14188945112675863,1.4536247250761143,0.10481322816567844,0.357576896429652,0.08310772683303089,0.08152420867191067,0.08185659038734196,0.006659164970766478,0.2709906187371155,0.820170881392926,,,
x,377,1.2625040817406217,0.14528698364143822,1.2606826648306555,0.10556921383874489,0.3591502990499692,0.08171240143048747,0.08041081769283455,0.08204624648202079,0.006718761039971348,0.25579722312880937,0.5871474818273824,,,
x,378,1.2564423886969394,0.14899779282138562,1.2579996040166772,0.10395462393351289,0.35136201080443813,0.08200632779613355,0.08068283708422144,0.08171977451538981,0.006621520842098116,0.25496810488137067,0.582017100762121,,,
x,379,1.29508111658797,0.15300357096966646,1.2859176490354656,0.10185563915531959,0.3418703839200072,0.08173258011437418,0.07888191469698268,0.0803900585557182,0.00649987326736641,0.2511197476000449,0.5903684228031632,0.06832522930112596,0.02052839150430406,0.004331693825252538
x,380,1.3363444403865694,0.15728675106497286,1.3403261940625613,0.10135199824333649,0.34000140325297623,0.08101955507864447,0.08000285197583408,0.08012886850972686,0.006485330082881427,0.2528246185555519,0.6049596953255624,,,
x,381,1.3014135330312313,0.16183069488747803,1.3101664657364422,0.10251958683968408,0.34314862365239523,0.08060787265112421,0.08181231386143539,0.0819076795774632,0.006579758162687926,0.2549073831638601,0.6064028013266328,,,
x,382,1.3526494374800595,0.16661996661637277,1.3445666257761708,0.10298576670615406,0.34345417083335755,0.08161969423091553,0.08195901032951317,0.08052481670959294,0.006627687810821379,0.2590010224480605,0.6113313562116334,,,
x,383,1.4127235584539333,0.17164048330189619,1.426397470942645,0.1018490446416694,0.3386451917437652,0.08115113232227261,0.0816518485668529,0.08011913259838477,0.006552421492719291,0.26050875028281434,0.6301984947444081,,,
x,384,1.2279289090475642,0.17687935576386743,1.1929362984668725,0.10144589762916756,0.33636260695036396,0.08060546890777877,0.08216334627768142,0.07968065065109196,0.006568826897373815,0.2629423153874664,0.638794717707535,,,
x,385,1.3449431744075868,0.1823249838387694,1.3162374682981814,0.10038865718469533,0.33262253760554356,0.08075225851639789,0.0816746977274062,0.07973056221955677,0.006511619418602539,0.2635512730358221,0.639116092761464,,,
x,386,1.4938835832226798,0.18796638434992471,1.506081509993017,0.09941796693883105,0.3280473441700331,0.08154557253221298,0.08225443197610909,0.07975799283272225,0.006471925699310268,0.251435855996769,0.6259440461483325,,,
x,387,1.2501991284554057,0.19379327120416073,1.232718306075252,0.09657269203826095,0.3176913904616518,0.08098141569716168,0.08069450655663601,0.07877762385082171,0.006319201584360774,0.25418270211650995,0.6304519330020265,,,
x,388,1.3865817979247395,0.19979675284528292,1.3373867384743006,0.09532285587460154,0.3127789617826001,0.07995944362283776,0.08097849960538386,0.08030107043952978,0.006243291690602378,0.25956466999301236,0.6391832607471386,,,
x,389,1.390822252955575,0.20596882077405015,1.3611361475591996,0.09422312531730191,0.30828665049904713,0.07831752718960874,0.08243873823864653,0.08246095646961911,0.006200428613671391,0.24220238320241935,0.5393391054716475,0.06236377971450467,0.018834815775970015,0.00408127575037257
x,390,1.4014161227171409,0.21230166077750265,1.4077146723138099,0.09478888591880752,0.308490512166623,0.07948206793124447,0.08358015473856233,0.08145592695539176,0.006253591840187221,0.2340150367677912,0.5387659604981787,,,
x,391,1.2570708230462275,0.21878799815886055,1.2764614991847139,0.09495487607013944,0.30722076509513113,0.0790302920140192,0.08186462022812738,0.08139239495944137,0.00628876890744642,0.23047247359174694,0.5516263448590782,,,
x,392,1.2146776488028386,0.22542177248593737,1.217359803336792,0.0964020855489372,0.31091766623543127,0.07670628560471292,0.08225342577481569,0.08062351528437484,0.006392447099532024,0.22419539212513193,0.5640794195337866,,,
x,393,1.4678970642154143,0.23219838052038325,1.4593062741242397,0.09910140866789323,0.3183710543215735,0.076871583232835,0.08293876985872554,0.07952140530714358,0.006572607067281615,0.21806679424921827,0.5466159701657021,,,
x,394,1.5077468904031135,0.23911433104688637,1.4946567730324296,0.10030463010854537,0.32214767255964444,0.07645443649894984,0.08347262187994925,0.08009511124249447,0.006656668504336903,0.21906950995104083,0.5397311425188286,,,
x,395,1.207948375375528,0.24616684059410754,1.1557056612671401,0.10211790109105526,0.3271575607453872,0.07440879509912263,0.08403433096218789,0.079961623315043,0.006813260618846813,0.22289260147920412,0.5445007945379416,,,
x,396,1.232290901293387,0.2533534721730475,1.1343249352699458,0.10104489116581296,0.3228581274181523,0.07486790557964504,0.0864536191906039,0.08052242544122848,0.006773838194968418,0.2263355713781516,0.5455248909853658,,,
x,397,1.335281737397318,0.26067146433398675,1.2682539301948217,0.09996602611837829,0.3192088223162728,0.07478728794033879,0.08761102004069837,0.08133381926210437,0.006704561785373861,0.2272203940947646,0.5521465093276061,,,
x,398,1.2881591242128756,0.26811709899274755,1.3036202635377274,0.1011845308230055,0.32282615166311324,0.07512210306802483,0.08782679456118578,0.07959670058177272,0.006780759046398839,0.23037082443362783,0.5550345687440179,,,
x,399,1.3582296938968819,0.27568625641062405,1.260641831058003,0.10222594497203576,0.325735903513937,0.07465192222788458,0.08686525080445942,0.0792597169779965,0.006874342187662648,0.2296540884559607,0.5600581454211979,0.06416019313579734,0.019718817259741252,0.004319814579284242
